﻿{
  "ProviderId": "Microsoft.VisualStudio.ConnectedService.Wcf",
  "Version": "15.0.40203.910",
  "ExtendedData": {
    "inputs": [
      "http://tsaptapsap02.servicenp.ageas.intra:8012/sap/bc/srt/wsdl/flv_10002A111AD1/bndg_url/sap/bc/srt/rfc/sap/z_fscd_mpos_v2_ws/010/z_fscd_mpos_v2_ws/z_fscd_mpos_v2_ws?sap-client=010"
    ],
    "collectionTypes": [
      "System.Array",
      "System.Collections.Generic.Dictionary`2"
    ],
    "namespaceMappings": [
      "*, ServiceSAPMPOS.v2"
    ],
    "targetFramework": "netcoreapp3.1",
    "typeReuseMode": "None"
  }
}