﻿{
  "ProviderId": "Microsoft.VisualStudio.ConnectedService.Wcf",
  "Version": "15.0.31022.994",
  "GettingStartedDocument": {
    "Uri": "https://go.microsoft.com/fwlink/?linkid=858517"
  },
  "ExtendedData": {
    "inputs": [
      "http://api-itg-ts.servicenp.ageas.intra/Notification/SendMailWS.asmx"
    ],
    "collectionTypes": [
      "System.Array",
      "System.Collections.Generic.Dictionary`2"
    ],
    "namespaceMappings": [
      "*, Service.Email"
    ],
    "targetFramework": "netcoreapp3.1",
    "typeReuseMode": "None"
  }
}