﻿{
  "ProviderId": "Microsoft.VisualStudio.ConnectedService.Wcf",
  "Version": "15.0.40203.910",
  "ExtendedData": {
    "inputs": [
      "http://tsaptapsap02.servicenp.ageas.intra:8012/sap/bc/srt/wsdl/flv_10002A111AD1/bndg_url/sap/bc/srt/rfc/sap/zfscd_aia_get_policy/010/zfscd_aia_get_policy/zfscdaiagetpolicy?sap-client=010"
    ],
    "collectionTypes": [
      "System.Array",
      "System.Collections.Generic.Dictionary`2"
    ],
    "namespaceMappings": [
      "*, SAP.Extern.WCF.Police.AIA.Service.Reference.Tst"
    ],
    "references": [
      "AutoMapper, {AutoMapper, 9.0.0}",
      "Dapper, {Dapper, 1.60.6}",
      "INS.PT.CommonLibrary.Exceptions, {INS.PT.CommonLibrary.Exceptions, 1.0.0.11}",
      "Microsoft.AspNetCore.Diagnostics.HealthChecks, {Microsoft.AspNetCore.Diagnostics.HealthChecks, 2.2.0}",
      "Microsoft.AspNetCore.Http.Abstractions, {Microsoft.AspNetCore.Http.Abstractions, 2.2.0}",
      "Microsoft.AspNetCore.Http.Features, {Microsoft.AspNetCore.Http.Features, 2.2.0}",
      "Microsoft.AspNetCore.JsonPatch, {Microsoft.AspNetCore.JsonPatch, 3.1.2}",
      "Microsoft.AspNetCore.Mvc.NewtonsoftJson, {Microsoft.AspNetCore.Mvc.NewtonsoftJson, 3.1.2}",
      "Microsoft.AspNetCore.NodeServices, {Microsoft.AspNetCore.NodeServices, 3.1.2}",
      "Microsoft.AspNetCore.SpaServices, {Microsoft.AspNetCore.SpaServices, 3.1.2}",
      "Microsoft.DotNet.PlatformAbstractions, {Microsoft.DotNet.PlatformAbstractions, 2.1.0}",
      "Microsoft.Extensions.Configuration, {Microsoft.Extensions.Configuration, 3.1.2}",
      "Microsoft.Extensions.Configuration.Abstractions, {Microsoft.Extensions.Configuration.Abstractions, 3.1.2}",
      "Microsoft.Extensions.Configuration.Binder, {Microsoft.Extensions.Configuration.Binder, 3.1.2}",
      "Microsoft.Extensions.DependencyInjection, {Microsoft.Extensions.DependencyInjection, 3.1.2}",
      "Microsoft.Extensions.DependencyInjection.Abstractions, {Microsoft.Extensions.DependencyInjection.Abstractions, 3.1.2}",
      "Microsoft.Extensions.DependencyModel, {Microsoft.Extensions.DependencyModel, 2.1.0}",
      "Microsoft.Extensions.Diagnostics.HealthChecks, {Microsoft.Extensions.Diagnostics.HealthChecks, 2.2.0}",
      "Microsoft.Extensions.Diagnostics.HealthChecks.Abstractions, {Microsoft.Extensions.Diagnostics.HealthChecks.Abstractions, 2.2.0}",
      "Microsoft.Extensions.FileProviders.Abstractions, {Microsoft.Extensions.FileProviders.Abstractions, 2.2.0}",
      "Microsoft.Extensions.Hosting.Abstractions, {Microsoft.Extensions.Hosting.Abstractions, 2.2.0}",
      "Microsoft.Extensions.Logging, {Microsoft.Extensions.Logging, 3.1.2}",
      "Microsoft.Extensions.Logging.Abstractions, {Microsoft.Extensions.Logging.Abstractions, 3.1.2}",
      "Microsoft.Extensions.Logging.Configuration, {Microsoft.Extensions.Logging.Configuration, 3.1.2}",
      "Microsoft.Extensions.Logging.Console, {Microsoft.Extensions.Logging.Console, 3.1.2}",
      "Microsoft.Extensions.Options, {Microsoft.Extensions.Options, 3.1.2}",
      "Microsoft.Extensions.Options.ConfigurationExtensions, {Microsoft.Extensions.Options.ConfigurationExtensions, 3.1.2}",
      "Microsoft.Extensions.Primitives, {Microsoft.Extensions.Primitives, 3.1.2}",
      "Microsoft.Net.Http.Headers, {Microsoft.Net.Http.Headers, 2.2.0}",
      "Microsoft.OpenApi, {Microsoft.OpenApi, 1.1.4}",
      "Newtonsoft.Json, {Newtonsoft.Json, 12.0.2}",
      "Newtonsoft.Json.Bson, {Newtonsoft.Json.Bson, 1.0.2}",
      "Oracle.ManagedDataAccess, {Oracle.ManagedDataAccess.Core, 2.19.70}",
      "Scrutor, {Scrutor, 3.0.1}",
      "Serilog, {Serilog, 2.10.0}",
      "Serilog.Settings.Configuration, {Serilog.Settings.Configuration, 3.1.0}",
      "Serilog.Sinks.File, {Serilog.Sinks.File, 4.1.0}",
      "Swashbuckle.AspNetCore.Annotations, {Swashbuckle.AspNetCore.Annotations, 5.0.0}",
      "Swashbuckle.AspNetCore.Filters, {Swashbuckle.AspNetCore.Filters, 5.0.2}",
      "Swashbuckle.AspNetCore.Swagger, {Swashbuckle.AspNetCore.Swagger, 5.0.0}",
      "Swashbuckle.AspNetCore.SwaggerGen, {Swashbuckle.AspNetCore.SwaggerGen, 5.0.0}",
      "Swashbuckle.AspNetCore.SwaggerUI, {Swashbuckle.AspNetCore.SwaggerUI, 5.0.0}",
      "System.AppContext, {System.AppContext, 4.1.0}",
      "System.Collections, {System.Collections, 4.0.11}",
      "System.Data.SqlClient, {System.Data.SqlClient, 4.4.0}",
      "System.Diagnostics.Debug, {System.Diagnostics.Debug, 4.0.11}",
      "System.DirectoryServices.Protocols, {System.DirectoryServices.Protocols, 4.7.0}",
      "System.Dynamic.Runtime, {System.Dynamic.Runtime, 4.0.11}",
      "System.IO, {System.IO, 4.3.0}",
      "System.IO.FileSystem, {System.IO.FileSystem, 4.0.1}",
      "System.IO.FileSystem.Primitives, {System.IO.FileSystem.Primitives, 4.0.1}",
      "System.Linq, {System.Linq, 4.1.0}",
      "System.Linq.Expressions, {System.Linq.Expressions, 4.1.0}",
      "System.Net.Http.Formatting, {Microsoft.AspNet.WebApi.Client, 5.2.7}",
      "System.ObjectModel, {System.ObjectModel, 4.0.12}",
      "System.Reflection, {System.Reflection, 4.3.0}",
      "System.Reflection.DispatchProxy, {System.Reflection.DispatchProxy, 4.7.1}",
      "System.Reflection.Emit, {System.Reflection.Emit, 4.3.0}",
      "System.Reflection.Emit.ILGeneration, {System.Reflection.Emit.ILGeneration, 4.3.0}",
      "System.Reflection.Emit.Lightweight, {System.Reflection.Emit.Lightweight, 4.3.0}",
      "System.Reflection.Primitives, {System.Reflection.Primitives, 4.3.0}",
      "System.Runtime, {System.Runtime, 4.3.0}",
      "System.Runtime.Extensions, {System.Runtime.Extensions, 4.1.0}",
      "System.Runtime.Handles, {System.Runtime.Handles, 4.0.1}",
      "System.Runtime.InteropServices, {System.Runtime.InteropServices, 4.1.0}",
      "System.Runtime.InteropServices.RuntimeInformation, {System.Runtime.InteropServices.RuntimeInformation, 4.0.0}",
      "System.Security.AccessControl, {System.Security.AccessControl, 4.7.0}",
      "System.Security.Cryptography.Xml, {System.Security.Cryptography.Xml, 4.7.0}",
      "System.Security.Permissions, {System.Security.Permissions, 4.7.0}",
      "System.Security.Principal.Windows, {System.Security.Principal.Windows, 4.7.0}",
      "System.ServiceModel, {System.ServiceModel.Primitives, 4.8.0}",
      "System.ServiceModel.Duplex, {System.ServiceModel.Duplex, 4.4.0}",
      "System.ServiceModel.Http, {System.ServiceModel.Http, 4.8.0}",
      "System.ServiceModel.NetTcp, {System.ServiceModel.NetTcp, 4.4.0}",
      "System.ServiceModel.Primitives, {System.ServiceModel.Primitives, 4.8.0}",
      "System.ServiceModel.Security, {System.ServiceModel.Security, 4.4.0}",
      "System.Text.Encoding, {System.Text.Encoding, 4.3.0}",
      "System.Text.Encoding.Extensions, {System.Text.Encoding.Extensions, 4.0.11}",
      "System.Text.Encodings.Web, {System.Text.Encodings.Web, 4.5.0}",
      "System.Threading.Tasks, {System.Threading.Tasks, 4.3.0}",
      "System.Threading.Timer, {System.Threading.Timer, 4.0.1}",
      "System.Windows.Extensions, {System.Windows.Extensions, 4.7.0}"
    ],
    "targetFramework": "netcoreapp3.1",
    "typeReuseMode": "All"
  }
}