{
 "C:\\DevProjects\\INS.PT.CommercialStructure\\XUnitTestIns.pt.WebAPI\\bin\\Debug\\netcoreapp2.2\\INS.PT.WebAPI.dll": {
  "C:\\DevProjects\\INS.PT.CommercialStructure\\INS.PT.WebAPI\\Repository\\ClassificationAgentRepository.cs": {
   "ins.pt.WebAPI.Repository.ClassificationAgentRepository": {
    "System.Collections.Generic.List`1<ins.pt.WebAPI.Models.ClassificationAgent> ins.pt.WebAPI.Repository.ClassificationAgentRepository::GetClassificationAgentDetails(System.String,System.String,System.String)": {
     "Lines": {
      "47": {
       "Hits": 2
      },
      "49": {
       "Hits": 2
      },
      "52": {
       "Hits": 2
      },
      "53": {
       "Hits": 2
      },
      "56": {
       "Hits": 2
      },
      "57": {
       "Hits": 2
      },
      "58": {
       "Hits": 2
      },
      "61": {
       "Hits": 2
      },
      "62": {
       "Hits": 2
      },
      "63": {
       "Hits": 2
      },
      "65": {
       "Hits": 2
      },
      "66": {
       "Hits": 2
      },
      "68": {
       "Hits": 2
      },
      "70": {
       "Hits": 2
      },
      "71": {
       "Hits": 2
      },
      "72": {
       "Hits": 2
      },
      "73": {
       "Hits": 2
      },
      "74": {
       "Hits": 0
      },
      "75": {
       "Hits": 0
      },
      "76": {
       "Hits": 0
      },
      "77": {
       "Hits": 0
      },
      "80": {
       "Hits": 2
      },
      "81": {
       "Hits": 2
      }
     },
     "Branches": {
      "57": [{
       "Offset": 47,
       "EndOffset": 49,
       "Path": 0,
       "Ordinal": 0
      }, {
       "Offset": 47,
       "EndOffset": 51,
       "Path": 1,
       "Ordinal": 1
      }]
     }
    }
   }
  },
  "C:\\DevProjects\\INS.PT.CommercialStructure\\INS.PT.WebAPI\\Models\\ClassificationAgent.cs": {
   "ins.pt.WebAPI.Models.ClassificationAgent": {
    "System.String ins.pt.WebAPI.Models.ClassificationAgent::get_Cdclasificacion()": {
     "Lines": {
      "19": {
       "Hits": 123
      }
     },
     "Branches": {
     }
    },
    "System.String ins.pt.WebAPI.Models.ClassificationAgent::get_Dsclasificacion()": {
     "Lines": {
      "26": {
       "Hits": 127
      }
     },
     "Branches": {
     }
    }
   }
  },
  "C:\\DevProjects\\INS.PT.CommercialStructure\\INS.PT.WebAPI\\Controllers\\ClassificationAgentController.cs": {
   "ins.pt.WebAPI.Controllers.ClassificationAgentController": {
    "Microsoft.AspNetCore.Mvc.ActionResult`1<System.Collections.Generic.List`1<ins.pt.WebAPI.Models.ClassificationAgent>> ins.pt.WebAPI.Controllers.ClassificationAgentController::Get(System.String,System.String,System.String)": {
     "Lines": {
      "50": {
       "Hits": 7
      },
      "52": {
       "Hits": 7
      },
      "55": {
       "Hits": 7
      },
      "57": {
       "Hits": 7
      },
      "58": {
       "Hits": 1
      },
      "59": {
       "Hits": 1
      },
      "60": {
       "Hits": 1
      },
      "63": {
       "Hits": 6
      },
      "64": {
       "Hits": 6
      },
      "66": {
       "Hits": 0
      },
      "67": {
       "Hits": 0
      },
      "68": {
       "Hits": 0
      },
      "69": {
       "Hits": 0
      },
      "72": {
       "Hits": 7
      },
      "73": {
       "Hits": 7
      },
      "74": {
       "Hits": 7
      },
      "75": {
       "Hits": 7
      }
     },
     "Branches": {
      "57": [{
       "Offset": 18,
       "EndOffset": 20,
       "Path": 0,
       "Ordinal": 0
      }, {
       "Offset": 18,
       "EndOffset": 31,
       "Path": 1,
       "Ordinal": 1
      }, {
       "Offset": 34,
       "EndOffset": 36,
       "Path": 0,
       "Ordinal": 2
      }, {
       "Offset": 34,
       "EndOffset": 68,
       "Path": 1,
       "Ordinal": 3
      }]
     }
    }
   }
  },
  "C:\\DevProjects\\INS.PT.CommercialStructure\\INS.PT.WebAPI\\ApplicationSettings.cs": {
   "INS.PT.WebAPI.ApplicationSettings": {
    "System.String INS.PT.WebAPI.ApplicationSettings::get_ApplicationName()": {
     "Lines": {
      "10": {
       "Hits": 0
      }
     },
     "Branches": {
     }
    }
   }
  },
  "C:\\DevProjects\\INS.PT.CommercialStructure\\INS.PT.WebAPI\\Data\\BaseCore.cs": {
   "INS.PT.WebAPI.BaseCore": {
    "System.Collections.Generic.Dictionary`2<System.String,System.String> INS.PT.WebAPI.BaseCore::get_dictionary()": {
     "Lines": {
      "17": {
       "Hits": 0
      }
     },
     "Branches": {
     }
    }
   }
  },
  "C:\\DevProjects\\INS.PT.CommercialStructure\\INS.PT.WebAPI\\Data\\Dbconnectioncs.cs": {
   "INS.PT.WebAPI.Dbconnectioncs": {
    "System.Void INS.PT.WebAPI.Dbconnectioncs::Dispose()": {
     "Lines": {
      "37": {
       "Hits": 0
      },
      "38": {
       "Hits": 0
      },
      "39": {
       "Hits": 0
      },
      "40": {
       "Hits": 0
      },
      "41": {
       "Hits": 0
      },
      "42": {
       "Hits": 0
      }
     },
     "Branches": {
      "38": [{
       "Offset": 7,
       "EndOffset": 9,
       "Path": 0,
       "Ordinal": 0
      }, {
       "Offset": 7,
       "EndOffset": 25,
       "Path": 1,
       "Ordinal": 1
      }, {
       "Offset": 28,
       "EndOffset": 30,
       "Path": 0,
       "Ordinal": 2
      }, {
       "Offset": 28,
       "EndOffset": 44,
       "Path": 1,
       "Ordinal": 3
      }]
     }
    },
    "System.Data.IDbConnection INS.PT.WebAPI.Dbconnectioncs::GetConnection()": {
     "Lines": {
      "49": {
       "Hits": 19
      },
      "51": {
       "Hits": 19
      },
      "52": {
       "Hits": 19
      },
      "55": {
       "Hits": 19
      },
      "56": {
       "Hits": 19
      },
      "57": {
       "Hits": 19
      },
      "58": {
       "Hits": 19
      },
      "59": {
       "Hits": 19
      },
      "60": {
       "Hits": 19
      },
      "61": {
       "Hits": 19
      },
      "62": {
       "Hits": 19
      },
      "63": {
       "Hits": 0
      },
      "64": {
       "Hits": 0
      },
      "65": {
       "Hits": 0
      },
      "66": {
       "Hits": 0
      },
      "68": {
       "Hits": 19
      },
      "69": {
       "Hits": 19
      }
     },
     "Branches": {
      "56": [{
       "Offset": 52,
       "EndOffset": 54,
       "Path": 0,
       "Ordinal": 0
      }, {
       "Offset": 52,
       "EndOffset": 70,
       "Path": 1,
       "Ordinal": 1
      }, {
       "Offset": 73,
       "EndOffset": 75,
       "Path": 0,
       "Ordinal": 2
      }, {
       "Offset": 73,
       "EndOffset": 133,
       "Path": 1,
       "Ordinal": 3
      }]
     }
    }
   }
  },
  "C:\\DevProjects\\INS.PT.CommercialStructure\\INS.PT.WebAPI\\Data\\OracleDynamicParameters.cs": {
   "INS.PT.WebAPI.OracleDynamicParameters": {
    "System.Void INS.PT.WebAPI.OracleDynamicParameters::Add(System.String,Oracle.ManagedDataAccess.Client.OracleDbType,System.Data.ParameterDirection)": {
     "Lines": {
      "28": {
       "Hits": 7
      },
      "29": {
       "Hits": 7
      },
      "30": {
       "Hits": 7
      },
      "31": {
       "Hits": 7
      }
     },
     "Branches": {
     }
    },
    "System.Void INS.PT.WebAPI.OracleDynamicParameters::Add(System.String,Oracle.ManagedDataAccess.Client.OracleDbType,System.Data.ParameterDirection,System.Object,System.Nullable`1<System.Int32>)": {
     "Lines": {
      "37": {
       "Hits": 30
      },
      "39": {
       "Hits": 30
      },
      "40": {
       "Hits": 14
      },
      "41": {
       "Hits": 14
      },
      "42": {
       "Hits": 14
      },
      "44": {
       "Hits": 16
      },
      "45": {
       "Hits": 16
      },
      "46": {
       "Hits": 16
      },
      "48": {
       "Hits": 30
      },
      "49": {
       "Hits": 30
      }
     },
     "Branches": {
      "39": [{
       "Offset": 10,
       "EndOffset": 12,
       "Path": 0,
       "Ordinal": 0
      }, {
       "Offset": 10,
       "EndOffset": 34,
       "Path": 1,
       "Ordinal": 1
      }]
     }
    },
    "System.Void INS.PT.WebAPI.OracleDynamicParameters::AddParameters(System.Data.IDbCommand,Dapper.SqlMapper/Identity)": {
     "Lines": {
      "57": {
       "Hits": 7
      },
      "58": {
       "Hits": 7
      },
      "60": {
       "Hits": 7
      },
      "62": {
       "Hits": 7
      },
      "63": {
       "Hits": 7
      },
      "64": {
       "Hits": 7
      },
      "65": {
       "Hits": 7
      },
      "66": {
       "Hits": 7
      }
     },
     "Branches": {
      "62": [{
       "Offset": 28,
       "EndOffset": 30,
       "Path": 0,
       "Ordinal": 0
      }, {
       "Offset": 28,
       "EndOffset": 55,
       "Path": 1,
       "Ordinal": 1
      }]
     }
    }
   }
  },
  "C:\\DevProjects\\INS.PT.CommercialStructure\\INS.PT.WebAPI\\Models\\CommercialStructure.cs": {
   "INS.PT.WebAPI.CommercialStructure": {
    "System.String INS.PT.WebAPI.CommercialStructure::get_TIPO_ESTRUTURA()": {
     "Lines": {
      "22": {
       "Hits": 277646
      }
     },
     "Branches": {
     }
    },
    "System.String INS.PT.WebAPI.CommercialStructure::get_COMPANHIA()": {
     "Lines": {
      "29": {
       "Hits": 277643
      }
     },
     "Branches": {
     }
    },
    "System.String INS.PT.WebAPI.CommercialStructure::get_NIVEL1()": {
     "Lines": {
      "36": {
       "Hits": 228388
      }
     },
     "Branches": {
     }
    },
    "System.String INS.PT.WebAPI.CommercialStructure::get_NIVEL2()": {
     "Lines": {
      "43": {
       "Hits": 228388
      }
     },
     "Branches": {
     }
    },
    "System.String INS.PT.WebAPI.CommercialStructure::get_NIVEL3()": {
     "Lines": {
      "50": {
       "Hits": 275688
      }
     },
     "Branches": {
     }
    },
    "System.String INS.PT.WebAPI.CommercialStructure::get_NIVEL4()": {
     "Lines": {
      "57": {
       "Hits": 277448
      }
     },
     "Branches": {
     }
    },
    "System.String INS.PT.WebAPI.CommercialStructure::get_CDAGENTE()": {
     "Lines": {
      "64": {
       "Hits": 268343
      }
     },
     "Branches": {
     }
    },
    "System.String INS.PT.WebAPI.CommercialStructure::get_DSNOMBRE()": {
     "Lines": {
      "71": {
       "Hits": 185098
      }
     },
     "Branches": {
     }
    },
    "System.String INS.PT.WebAPI.CommercialStructure::get_DSDOMICILIO()": {
     "Lines": {
      "79": {
       "Hits": 185098
      }
     },
     "Branches": {
     }
    },
    "System.String INS.PT.WebAPI.CommercialStructure::get_CDPOSTAL()": {
     "Lines": {
      "86": {
       "Hits": 185098
      }
     },
     "Branches": {
     }
    },
    "System.String INS.PT.WebAPI.CommercialStructure::get_NMDOMICILIO()": {
     "Lines": {
      "93": {
       "Hits": 194398
      }
     },
     "Branches": {
     }
    },
    "System.String INS.PT.WebAPI.CommercialStructure::get_ESTADO()": {
     "Lines": {
      "100": {
       "Hits": 277643
      }
     },
     "Branches": {
     }
    },
    "System.DateTime INS.PT.WebAPI.CommercialStructure::get_DATA_INACTIVO()": {
     "Lines": {
      "108": {
       "Hits": 265133
      }
     },
     "Branches": {
     }
    },
    "System.String INS.PT.WebAPI.CommercialStructure::get_ID_IDENTIDADE()": {
     "Lines": {
      "115": {
       "Hits": 277643
      }
     },
     "Branches": {
     }
    },
    "System.String INS.PT.WebAPI.CommercialStructure::get_ID_IDENT_REPRESENTANTE()": {
     "Lines": {
      "122": {
       "Hits": 185098
      }
     },
     "Branches": {
     }
    },
    "System.String INS.PT.WebAPI.CommercialStructure::get_TES_DEF()": {
     "Lines": {
      "129": {
       "Hits": 223453
      }
     },
     "Branches": {
     }
    },
    "System.String INS.PT.WebAPI.CommercialStructure::get_ZONA_ACTUACAO()": {
     "Lines": {
      "136": {
       "Hits": 228388
      }
     },
     "Branches": {
     }
    },
    "System.String INS.PT.WebAPI.CommercialStructure::get_AREA_INSPECCAO()": {
     "Lines": {
      "143": {
       "Hits": 277643
      }
     },
     "Branches": {
     }
    },
    "System.String INS.PT.WebAPI.CommercialStructure::get_INSP_AC_ESPECIAL()": {
     "Lines": {
      "150": {
       "Hits": 185208
      }
     },
     "Branches": {
     }
    },
    "System.String INS.PT.WebAPI.CommercialStructure::get_NUMERO_ISP()": {
     "Lines": {
      "157": {
       "Hits": 267433
      }
     },
     "Branches": {
     }
    },
    "System.String INS.PT.WebAPI.CommercialStructure::get_PRODUTOS_ISP()": {
     "Lines": {
      "164": {
       "Hits": 268078
      }
     },
     "Branches": {
     }
    },
    "System.DateTime INS.PT.WebAPI.CommercialStructure::get_DATA_PROCESSO()": {
     "Lines": {
      "172": {
       "Hits": 277643
      }
     },
     "Branches": {
     }
    },
    "System.Int32 INS.PT.WebAPI.CommercialStructure::get_ID_PROCESSO()": {
     "Lines": {
      "179": {
       "Hits": 277643
      }
     },
     "Branches": {
     }
    }
   }
  },
  "C:\\DevProjects\\INS.PT.CommercialStructure\\INS.PT.WebAPI\\Program.cs": {
   "INS.PT.WebAPI.Program": {
    "System.Void INS.PT.WebAPI.Program::Main(System.String[])": {
     "Lines": {
      "22": {
       "Hits": 0
      },
      "24": {
       "Hits": 0
      },
      "25": {
       "Hits": 0
      },
      "26": {
       "Hits": 0
      },
      "27": {
       "Hits": 0
      },
      "28": {
       "Hits": 0
      },
      "29": {
       "Hits": 0
      },
      "30": {
       "Hits": 0
      },
      "31": {
       "Hits": 0
      },
      "32": {
       "Hits": 0
      },
      "34": {
       "Hits": 0
      }
     },
     "Branches": {
     }
    },
    "Microsoft.AspNetCore.Hosting.IWebHostBuilder INS.PT.WebAPI.Program::CreateWebHostBuilder(System.String[])": {
     "Lines": {
      "42": {
       "Hits": 0
      },
      "43": {
       "Hits": 0
      }
     },
     "Branches": {
     }
    }
   }
  },
  "C:\\DevProjects\\INS.PT.CommercialStructure\\INS.PT.WebAPI\\Repository\\CommercialStructureRepository.cs": {
   "INS.PT.WebAPI.CommercialStructureRepository": {
    "System.Collections.Generic.List`1<INS.PT.WebAPI.CommercialStructure> INS.PT.WebAPI.CommercialStructureRepository::GetCommercialStrutureDetails(System.String,System.Nullable`1<System.DateTime>)": {
     "Lines": {
      "47": {
       "Hits": 5
      },
      "48": {
       "Hits": 5
      },
      "51": {
       "Hits": 5
      },
      "52": {
       "Hits": 5
      },
      "55": {
       "Hits": 5
      },
      "56": {
       "Hits": 5
      },
      "59": {
       "Hits": 5
      },
      "60": {
       "Hits": 5
      },
      "61": {
       "Hits": 5
      },
      "63": {
       "Hits": 5
      },
      "64": {
       "Hits": 5
      },
      "66": {
       "Hits": 5
      },
      "68": {
       "Hits": 5
      },
      "69": {
       "Hits": 5
      },
      "70": {
       "Hits": 5
      },
      "71": {
       "Hits": 5
      },
      "72": {
       "Hits": 0
      },
      "73": {
       "Hits": 0
      },
      "74": {
       "Hits": 0
      },
      "75": {
       "Hits": 0
      },
      "78": {
       "Hits": 5
      },
      "79": {
       "Hits": 5
      }
     },
     "Branches": {
      "55": [{
       "Offset": 21,
       "EndOffset": 23,
       "Path": 0,
       "Ordinal": 0
      }, {
       "Offset": 21,
       "EndOffset": 25,
       "Path": 1,
       "Ordinal": 1
      }],
      "56": [{
       "Offset": 60,
       "EndOffset": 62,
       "Path": 0,
       "Ordinal": 2
      }, {
       "Offset": 60,
       "EndOffset": 74,
       "Path": 1,
       "Ordinal": 3
      }]
     }
    }
   }
  },
  "C:\\DevProjects\\INS.PT.CommercialStructure\\INS.PT.WebAPI\\Startup.cs": {
   "INS.PT.WebAPI.Startup": {
    "Microsoft.Extensions.Configuration.IConfiguration INS.PT.WebAPI.Startup::get_Configuration()": {
     "Lines": {
      "38": {
       "Hits": 60
      }
     },
     "Branches": {
     }
    },
    "System.Void INS.PT.WebAPI.Startup::ConfigureServices(Microsoft.Extensions.DependencyInjection.IServiceCollection)": {
     "Lines": {
      "45": {
       "Hits": 12
      },
      "47": {
       "Hits": 12
      },
      "50": {
       "Hits": 12
      },
      "51": {
       "Hits": 12
      },
      "52": {
       "Hits": 12
      },
      "55": {
       "Hits": 12
      },
      "57": {
       "Hits": 12
      },
      "58": {
       "Hits": 12
      },
      "60": {
       "Hits": 12
      },
      "61": {
       "Hits": 12
      },
      "63": {
       "Hits": 12
      },
      "64": {
       "Hits": 12
      },
      "67": {
       "Hits": 12
      },
      "70": {
       "Hits": 12
      },
      "71": {
       "Hits": 12
      },
      "74": {
       "Hits": 12
      },
      "75": {
       "Hits": 24
      },
      "76": {
       "Hits": 24
      },
      "77": {
       "Hits": 24
      },
      "78": {
       "Hits": 24
      },
      "79": {
       "Hits": 24
      },
      "80": {
       "Hits": 24
      },
      "81": {
       "Hits": 24
      },
      "82": {
       "Hits": 24
      },
      "83": {
       "Hits": 24
      },
      "84": {
       "Hits": 12
      },
      "85": {
       "Hits": 24
      },
      "86": {
       "Hits": 24
      },
      "87": {
       "Hits": 24
      },
      "88": {
       "Hits": 24
      },
      "90": {
       "Hits": 12
      }
     },
     "Branches": {
      "74": [{
       "Offset": 189,
       "EndOffset": 191,
       "Path": 0,
       "Ordinal": 0
      }, {
       "Offset": 189,
       "EndOffset": 214,
       "Path": 1,
       "Ordinal": 1
      }]
     }
    },
    "System.Void INS.PT.WebAPI.Startup::Configure(Microsoft.AspNetCore.Builder.IApplicationBuilder,Microsoft.AspNetCore.Hosting.IHostingEnvironment,Microsoft.Extensions.Logging.ILoggerFactory,Microsoft.Extensions.Configuration.IConfiguration)": {
     "Lines": {
      "101": {
       "Hits": 12
      },
      "104": {
       "Hits": 12
      },
      "107": {
       "Hits": 12
      },
      "110": {
       "Hits": 12
      },
      "111": {
       "Hits": 24
      },
      "112": {
       "Hits": 24
      },
      "113": {
       "Hits": 24
      },
      "116": {
       "Hits": 12
      },
      "117": {
       "Hits": 12
      },
      "119": {
       "Hits": 12
      },
      "120": {
       "Hits": 0
      },
      "124": {
       "Hits": 0
      },
      "125": {
       "Hits": 0
      },
      "126": {
       "Hits": 0
      },
      "128": {
       "Hits": 12
      },
      "134": {
       "Hits": 12
      },
      "135": {
       "Hits": 12
      },
      "136": {
       "Hits": 12
      },
      "139": {
       "Hits": 12
      },
      "142": {
       "Hits": 12
      },
      "146": {
       "Hits": 12
      },
      "149": {
       "Hits": 12
      },
      "151": {
       "Hits": 12
      }
     },
     "Branches": {
      "110": [{
       "Offset": 33,
       "EndOffset": 35,
       "Path": 0,
       "Ordinal": 0
      }, {
       "Offset": 33,
       "EndOffset": 58,
       "Path": 1,
       "Ordinal": 1
      }],
      "119": [{
       "Offset": 86,
       "EndOffset": 88,
       "Path": 0,
       "Ordinal": 2
      }, {
       "Offset": 86,
       "EndOffset": 106,
       "Path": 1,
       "Ordinal": 3
      }]
     }
    }
   }
  },
  "C:\\DevProjects\\INS.PT.CommercialStructure\\INS.PT.WebAPI\\Middleware\\CorrelationContext.cs": {
   "INS.PT.WebAPI.Middleware.CorrelationContext": {
    "System.Void INS.PT.WebAPI.Middleware.CorrelationContext::SetCorrelationId(System.String)": {
     "Lines": {
      "20": {
       "Hits": 12
      },
      "21": {
       "Hits": 12
      },
      "22": {
       "Hits": 0
      },
      "23": {
       "Hits": 0
      },
      "26": {
       "Hits": 12
      },
      "27": {
       "Hits": 0
      },
      "28": {
       "Hits": 0
      },
      "31": {
       "Hits": 12
      },
      "32": {
       "Hits": 12
      }
     },
     "Branches": {
      "21": [{
       "Offset": 9,
       "EndOffset": 11,
       "Path": 0,
       "Ordinal": 0
      }, {
       "Offset": 9,
       "EndOffset": 28,
       "Path": 1,
       "Ordinal": 1
      }],
      "26": [{
       "Offset": 48,
       "EndOffset": 50,
       "Path": 0,
       "Ordinal": 2
      }, {
       "Offset": 48,
       "EndOffset": 62,
       "Path": 1,
       "Ordinal": 3
      }]
     }
    },
    "System.String INS.PT.WebAPI.Middleware.CorrelationContext::GetCorrelationId()": {
     "Lines": {
      "38": {
       "Hits": 0
      },
      "39": {
       "Hits": 0
      },
      "40": {
       "Hits": 0
      }
     },
     "Branches": {
     }
    }
   }
  },
  "C:\\DevProjects\\INS.PT.CommercialStructure\\INS.PT.WebAPI\\Middleware\\LogResponseTimeMiddleWare.cs": {
   "INS.PT.WebAPI.Middleware.LogResponseTimeMiddleWare/<Invoke>d__3": {
    "System.Void INS.PT.WebAPI.Middleware.LogResponseTimeMiddleWare/<Invoke>d__3::MoveNext()": {
     "Lines": {
      "32": {
       "Hits": 0
      },
      "33": {
       "Hits": 0
      },
      "35": {
       "Hits": 0
      },
      "36": {
       "Hits": 0
      },
      "39": {
       "Hits": 0
      },
      "41": {
       "Hits": 0
      },
      "42": {
       "Hits": 0
      },
      "45": {
       "Hits": 0
      },
      "46": {
       "Hits": 0
      }
     },
     "Branches": {
      "39": [{
       "Offset": 93,
       "EndOffset": 95,
       "Path": 0,
       "Ordinal": 0
      }, {
       "Offset": 93,
       "EndOffset": 162,
       "Path": 1,
       "Ordinal": 1
      }]
     }
    }
   }
  },
  "C:\\DevProjects\\INS.PT.CommercialStructure\\INS.PT.WebAPI\\Middleware\\LogResponseTimeMiddleWareExtension.cs": {
   "INS.PT.WebAPI.Middleware.LogResponseTimeMiddleWareExtension": {
    "Microsoft.AspNetCore.Builder.IApplicationBuilder INS.PT.WebAPI.Middleware.LogResponseTimeMiddleWareExtension::UseLogResponseTime(Microsoft.AspNetCore.Builder.IApplicationBuilder)": {
     "Lines": {
      "16": {
       "Hits": 0
      },
      "17": {
       "Hits": 0
      },
      "18": {
       "Hits": 0
      },
      "19": {
       "Hits": 0
      }
     },
     "Branches": {
     }
    }
   }
  },
  "C:\\DevProjects\\INS.PT.CommercialStructure\\INS.PT.WebAPI\\Middleware\\LogXCorrelationIdMiddleWare.cs": {
   "INS.PT.WebAPI.Middleware.LogXCorrelationIdMiddleWare/<Invoke>d__3": {
    "System.Void INS.PT.WebAPI.Middleware.LogXCorrelationIdMiddleWare/<Invoke>d__3::MoveNext()": {
     "Lines": {
      "35": {
       "Hits": 12
      },
      "36": {
       "Hits": 12
      },
      "38": {
       "Hits": 12
      },
      "40": {
       "Hits": 12
      },
      "43": {
       "Hits": 12
      },
      "44": {
       "Hits": 12
      },
      "47": {
       "Hits": 12
      },
      "49": {
       "Hits": 12
      }
     },
     "Branches": {
      "38": [{
       "Offset": 67,
       "EndOffset": 69,
       "Path": 0,
       "Ordinal": 0
      }, {
       "Offset": 67,
       "EndOffset": 89,
       "Path": 1,
       "Ordinal": 1
      }],
      "47": [{
       "Offset": 201,
       "EndOffset": 203,
       "Path": 0,
       "Ordinal": 2
      }, {
       "Offset": 201,
       "EndOffset": 267,
       "Path": 1,
       "Ordinal": 3
      }]
     }
    }
   }
  },
  "C:\\DevProjects\\INS.PT.CommercialStructure\\INS.PT.WebAPI\\Middleware\\LogXCorrelationIdMiddleWareExtension.cs": {
   "INS.PT.WebAPI.Middleware.LogXCorrelationIdMiddleWareExtension": {
    "Microsoft.AspNetCore.Builder.IApplicationBuilder INS.PT.WebAPI.Middleware.LogXCorrelationIdMiddleWareExtension::UseLogXCorrelationId(Microsoft.AspNetCore.Builder.IApplicationBuilder)": {
     "Lines": {
      "16": {
       "Hits": 12
      },
      "17": {
       "Hits": 12
      },
      "18": {
       "Hits": 12
      },
      "19": {
       "Hits": 12
      }
     },
     "Branches": {
     }
    }
   }
  },
  "C:\\DevProjects\\INS.PT.CommercialStructure\\INS.PT.WebAPI\\Middleware\\RequestResponseLoggingMiddleware.cs": {
   "INS.PT.WebAPI.Middleware.RequestResponseLoggingMiddleware/<>c": {
    "System.String INS.PT.WebAPI.Middleware.RequestResponseLoggingMiddleware/<>c::<Invoke>b__3_0(System.Collections.Generic.KeyValuePair`2<System.String,Microsoft.Extensions.Primitives.StringValues>)": {
     "Lines": {
      "43": {
       "Hits": 36
      }
     },
     "Branches": {
     }
    },
    "System.String INS.PT.WebAPI.Middleware.RequestResponseLoggingMiddleware/<>c::<Invoke>b__3_2(System.Collections.Generic.KeyValuePair`2<System.String,Microsoft.Extensions.Primitives.StringValues>)": {
     "Lines": {
      "74": {
       "Hits": 26
      }
     },
     "Branches": {
     }
    }
   },
   "INS.PT.WebAPI.Middleware.RequestResponseLoggingMiddleware/<Invoke>d__3": {
    "System.Void INS.PT.WebAPI.Middleware.RequestResponseLoggingMiddleware/<Invoke>d__3::MoveNext()": {
     "Lines": {
      "35": {
       "Hits": 12
      },
      "36": {
       "Hits": 12
      },
      "39": {
       "Hits": 12
      },
      "40": {
       "Hits": 12
      },
      "44": {
       "Hits": 12
      },
      "47": {
       "Hits": 12
      },
      "48": {
       "Hits": 12
      },
      "49": {
       "Hits": 12
      },
      "52": {
       "Hits": 12
      },
      "53": {
       "Hits": 12
      },
      "56": {
       "Hits": 12
      },
      "58": {
       "Hits": 12
      },
      "59": {
       "Hits": 12
      },
      "62": {
       "Hits": 12
      },
      "64": {
       "Hits": 12
      },
      "65": {
       "Hits": 12
      },
      "68": {
       "Hits": 12
      },
      "70": {
       "Hits": 12
      },
      "71": {
       "Hits": 12
      },
      "75": {
       "Hits": 12
      },
      "77": {
       "Hits": 12
      },
      "79": {
       "Hits": 12
      },
      "82": {
       "Hits": 12
      },
      "94": {
       "Hits": 12
      },
      "96": {
       "Hits": 12
      }
     },
     "Branches": {
      "43": [{
       "Offset": 89,
       "EndOffset": 91,
       "Path": 0,
       "Ordinal": 0
      }, {
       "Offset": 89,
       "EndOffset": 114,
       "Path": 1,
       "Ordinal": 1
      }, {
       "Offset": 125,
       "EndOffset": 127,
       "Path": 0,
       "Ordinal": 2
      }, {
       "Offset": 125,
       "EndOffset": 150,
       "Path": 1,
       "Ordinal": 3
      }],
      "56": [{
       "Offset": 346,
       "EndOffset": 348,
       "Path": 0,
       "Ordinal": 4
      }, {
       "Offset": 346,
       "EndOffset": 354,
       "Path": 1,
       "Ordinal": 5
      }],
      "58": [{
       "Offset": 382,
       "EndOffset": 384,
       "Path": 0,
       "Ordinal": 6
      }, {
       "Offset": 382,
       "EndOffset": 390,
       "Path": 1,
       "Ordinal": 7
      }],
      "59": [{
       "Offset": 413,
       "EndOffset": 415,
       "Path": 0,
       "Ordinal": 8
      }, {
       "Offset": 413,
       "EndOffset": 421,
       "Path": 1,
       "Ordinal": 9
      }],
      "68": [{
       "Offset": 599,
       "EndOffset": 601,
       "Path": 0,
       "Ordinal": 10
      }, {
       "Offset": 599,
       "EndOffset": 668,
       "Path": 1,
       "Ordinal": 11
      }],
      "74": [{
       "Offset": 733,
       "EndOffset": 735,
       "Path": 0,
       "Ordinal": 12
      }, {
       "Offset": 733,
       "EndOffset": 758,
       "Path": 1,
       "Ordinal": 13
      }, {
       "Offset": 769,
       "EndOffset": 771,
       "Path": 0,
       "Ordinal": 14
      }, {
       "Offset": 769,
       "EndOffset": 794,
       "Path": 1,
       "Ordinal": 15
      }]
     }
    }
   }
  },
  "C:\\DevProjects\\INS.PT.CommercialStructure\\INS.PT.WebAPI\\Middleware\\RequestResponseLoggingMiddlewareExtensions.cs": {
   "INS.PT.WebAPI.Middleware.RequestResponseLoggingMiddlewareExtensions": {
    "Microsoft.AspNetCore.Builder.IApplicationBuilder INS.PT.WebAPI.Middleware.RequestResponseLoggingMiddlewareExtensions::UseLogXRequestResponde(Microsoft.AspNetCore.Builder.IApplicationBuilder)": {
     "Lines": {
      "22": {
       "Hits": 12
      },
      "23": {
       "Hits": 12
      },
      "24": {
       "Hits": 12
      },
      "25": {
       "Hits": 12
      }
     },
     "Branches": {
     }
    }
   }
  },
  "C:\\DevProjects\\INS.PT.CommercialStructure\\INS.PT.WebAPI\\Controllers\\CommercialStructureController.cs": {
   "INS.PT.WebAPI.Controllers.CommercialStructureController": {
    "Microsoft.AspNetCore.Mvc.ActionResult`1<System.Collections.Generic.List`1<INS.PT.WebAPI.CommercialStructure>> INS.PT.WebAPI.Controllers.CommercialStructureController::Get(System.String,System.Nullable`1<System.DateTime>)": {
     "Lines": {
      "54": {
       "Hits": 9
      },
      "56": {
       "Hits": 9
      },
      "59": {
       "Hits": 9
      },
      "61": {
       "Hits": 9
      },
      "62": {
       "Hits": 0
      },
      "63": {
       "Hits": 0
      },
      "64": {
       "Hits": 0
      },
      "67": {
       "Hits": 9
      },
      "68": {
       "Hits": 9
      },
      "70": {
       "Hits": 0
      },
      "71": {
       "Hits": 0
      },
      "72": {
       "Hits": 0
      },
      "73": {
       "Hits": 0
      },
      "76": {
       "Hits": 9
      },
      "77": {
       "Hits": 9
      },
      "78": {
       "Hits": 9
      },
      "79": {
       "Hits": 9
      }
     },
     "Branches": {
      "61": [{
       "Offset": 17,
       "EndOffset": 19,
       "Path": 0,
       "Ordinal": 0
      }, {
       "Offset": 17,
       "EndOffset": 30,
       "Path": 1,
       "Ordinal": 1
      }, {
       "Offset": 33,
       "EndOffset": 35,
       "Path": 0,
       "Ordinal": 2
      }, {
       "Offset": 33,
       "EndOffset": 67,
       "Path": 1,
       "Ordinal": 3
      }]
     }
    }
   }
  }
 }
}