﻿{
  "ProviderId": "Microsoft.VisualStudio.ConnectedService.Wcf",
  "Version": "15.0.40203.910",
  "GettingStartedDocument": {
    "Uri": "https://go.microsoft.com/fwlink/?linkid=858517"
  },
  "ExtendedData": {
    "Uri": "http://tsaptapsap02.servicenp.ageas.intra:8012/sap/bc/srt/wsdl/flv_10002A111AD1/bndg_url/sap/bc/srt/rfc/sap/z_fscd_recibos_ws/010/z_fscd_recibos_ws/z_fscd_recibos_ws?sap-client=010",
    "Namespace": "SAP.Extern.WCF.WebReciptListing.Service.Reference.Tst",
    "SelectedAccessLevelForGeneratedClass": "Public",
    "GenerateMessageContract": false,
    "ReuseTypesinReferencedAssemblies": true,
    "ReuseTypesinAllReferencedAssemblies": true,
    "CollectionTypeReference": {
      "Item1": "System.Array",
      "Item2": "System.Runtime.dll"
    },
    "DictionaryCollectionTypeReference": {
      "Item1": "System.Collections.Generic.Dictionary`2",
      "Item2": "System.Collections.dll"
    },
    "CheckedReferencedAssemblies": [],
    "InstanceId": null,
    "Name": "WebReciptListingServiceReferenceTst",
    "Metadata": {}
  }
}