﻿{
  "ProviderId": "Microsoft.VisualStudio.ConnectedService.Wcf",
  "Version": "15.0.31022.994",
  "GettingStartedDocument": {
    "Uri": "https://go.microsoft.com/fwlink/?linkid=858517"
  },
  "ExtendedData": {
    "inputs": [
      "C:/DevProjects - Sustentacao/INS.PT.FormsPaymentModule/INS.PT.WebAPI/100625.wsdl"
    ],
    "collectionTypes": [
      "System.Array",
      "System.Collections.Generic.Dictionary`2"
    ],
    "namespaceMappings": [
      "*, Canonical.ServiceReference"
    ],
    "targetFramework": "netcoreapp2.2",
    "typeReuseMode": "None"
  }
}