{
  "SeriLog": {
    "Using": [ "SeriLog.Sinks.File" ],
    "MinimumLevel": "#{SeriLog.MinimumLevel}#",
    "WriteTo": [
      {
        "Name": "Async"
      },
      {
        "Name": "File",
        "Args": {
          "path": "E:\\Logs\\IIS\\#{Environment}#\\#{ApplicationName}#\\#{ApplicationName}#_.Log",
          "rollingInterval": "#{SeriLog.RollingInterval}#",
          "rollOnFileSizeLimit": true,
          "fileSizeLimitBytes": "#{SeriLog.RollingSize}#",
          "outputTemplate": "FormsPaymentModule {XController} {Timestamp:o} [{Level:u4}] {XCorrelationId} {Message}{NewLine}"
        }
      }
    ],
    "Enrich": [ "FromLogContext", "WithMachineName", "WithThreadId" ],
    "Destructure": [
      {
        "Name": "ToMaximumDepth",
        "Args": { "maximumDestructuringDepth": "#{SeriLog.Destructure.ToMaximumDepth}#" }
      },
      {
        "Name": "ToMaximumStringLength",
        "Args": { "maximumStringLength": "#{SeriLog.Destructure.ToMaximumStringLength}#" }
      },
      {
        "Name": "ToMaximumCollectionCount",
        "Args": { "maximumCollectionCount": "#{SeriLog.Destructure.ToMaximumCollectionCount}#" }
      }
    ],
    "Properties": {
      "Application": "INS.PT.FormsPaymentModule"
    }
  }
}