{
  "SeriLog": {
    "Using": [ "SeriLog.Sinks.File" ],
    "MinimumLevel": "Debug",
    "WriteTo": [
      {
        "Name": "Async"
      },
      {
        "Name": "File",
        "Args": {
          "path": "C:\\Logs\\FormsPaymentModule\\FormsPaymentModule_.Log",
          "rollingInterval": "Day",
          "rollOnFileSizeLimit": true,
          "fileSizeLimitBytes": "10000000",
          "outputTemplate": "FormsPaymentModule {XController} {Timestamp:o} [{Level:u4}] {XCorrelationId} {Message}{NewLine}"
        }
      }
    ],
    "Enrich": [ "FromLogContext", "WithMachineName", "WithThreadId" ],
    "Destructure": [
      {
        "Name": "ToMaximumDepth",
        "Args": { "maximumDestructuringDepth": 4 }
      },
      {
        "Name": "ToMaximumStringLength",
        "Args": { "maximumStringLength": 100 }
      },
      {
        "Name": "ToMaximumCollectionCount",
        "Args": { "maximumCollectionCount": 10 }
      }
    ],
    "Properties": {
      "Application": "INS.PT.FormsPaymentModule"
    }
  }
}
