{
  "Serilog": {
    "Using": [ "Serilog.Sinks.File" ],
    "MinimumLevel": "#{Serilog.MinimumLevel}#",
    "WriteTo": [
      {
        "Name": "Async"
      },
      {
        "Name": "File",
        "Args": {
          "path": "E:\\Logs\\IIS\\#{Environment}#\\#{ApplicationName}#\\#{ApplicationName}#_.log",
          "rollingInterval": "#{Serilog.RollingInterval}#",
          "rollOnFileSizeLimit": true,
          "fileSizeLimitBytes": "#{Serilog.RollingSize}#",
          "outputTemplate": "SourceCommonCollection {XController} {Timestamp:o} [{Level:u4}] {XCorrelationId} {Message}{NewLine}"
        }
      }
    ],
    "Enrich": [ "FromLogContext", "WithMachineName", "WithThreadId" ],
    "Destructure": [
      {
        "Name": "ToMaximumDepth",
        "Args": { "maximumDestructuringDepth": "#{Serilog.Destructure.ToMaximumDepth}#" }
      },
      {
        "Name": "ToMaximumStringLength",
        "Args": { "maximumStringLength": "#{Serilog.Destructure.ToMaximumStringLength}#" }
      },
      {
        "Name": "ToMaximumCollectionCount",
        "Args": { "maximumCollectionCount": "#{Serilog.Destructure.ToMaximumCollectionCount}#" }
      }
    ],
    "Properties": {
      "Application": "INS.PT.SourceCommonCollection"
    }
  }
}