﻿{
  "ProviderId": "Microsoft.VisualStudio.ConnectedService.Wcf",
  "Version": "15.0.31022.994",
  "ExtendedData": {
    "inputs": [
      "http://tsaptapsap02.servicenp.ageas.intra:8012/sap/bc/srt/wsdl/flv_10002P111AD1/sdef_url/ZAGEAS_DOC1_OUT?sap-client=010"
    ],
    "collectionTypes": [
      "System.Array",
      "System.Collections.Generic.Dictionary`2"
    ],
    "namespaceMappings": [
      "*, ServiceReference1"
    ],
    "references": [
      "AutoMapper, {AutoMapper, 9.0.0}",
      "Castle.Core, {Castle.Core, 4.3.1}",
      "Dapper, {Dapper, 1.60.6}",
      "dotnet-aspnet-codegenerator-design, {Microsoft.VisualStudio.Web.CodeGeneration.Design, 2.2.3}",
      "INS.PT.CommonLibrary.Exceptions, {INS.PT.CommonLibrary.Exceptions, 1.0.0.11}",
      "Log4net, {Log4net, 2.0.8}",
      "Microsoft.AspNetCore.Authentication.Abstractions, {Microsoft.AspNetCore.Authentication.Abstractions, 2.2.0}",
      "Microsoft.AspNetCore.Authentication.Core, {Microsoft.AspNetCore.Authentication.Core, 2.2.0}",
      "Microsoft.AspNetCore.Authorization, {Microsoft.AspNetCore.Authorization, 2.2.0}",
      "Microsoft.AspNetCore.Authorization.Policy, {Microsoft.AspNetCore.Authorization.Policy, 2.2.0}",
      "Microsoft.AspNetCore.Diagnostics.HealthChecks, {Microsoft.AspNetCore.Diagnostics.HealthChecks, 2.2.0}",
      "Microsoft.AspNetCore.Hosting.Abstractions, {Microsoft.AspNetCore.Hosting.Abstractions, 2.2.0}",
      "Microsoft.AspNetCore.Hosting.Server.Abstractions, {Microsoft.AspNetCore.Hosting.Server.Abstractions, 2.2.0}",
      "Microsoft.AspNetCore.Http, {Microsoft.AspNetCore.Http, 2.2.0}",
      "Microsoft.AspNetCore.Http.Abstractions, {Microsoft.AspNetCore.Http.Abstractions, 2.2.0}",
      "Microsoft.AspNetCore.Http.Extensions, {Microsoft.AspNetCore.Http.Extensions, 2.2.0}",
      "Microsoft.AspNetCore.Http.Features, {Microsoft.AspNetCore.Http.Features, 2.2.0}",
      "Microsoft.AspNetCore.JsonPatch, {Microsoft.AspNetCore.JsonPatch, 3.0.0}",
      "Microsoft.AspNetCore.Mvc.Abstractions, {Microsoft.AspNetCore.Mvc.Abstractions, 2.2.0}",
      "Microsoft.AspNetCore.Mvc.Core, {Microsoft.AspNetCore.Mvc.Core, 2.2.2}",
      "Microsoft.AspNetCore.Mvc.NewtonsoftJson, {Microsoft.AspNetCore.Mvc.NewtonsoftJson, 3.0.0}",
      "Microsoft.AspNetCore.Razor.Language, {Microsoft.AspNetCore.Razor.Language, 2.2.0}",
      "Microsoft.AspNetCore.ResponseCaching.Abstractions, {Microsoft.AspNetCore.ResponseCaching.Abstractions, 2.2.0}",
      "Microsoft.AspNetCore.Routing, {Microsoft.AspNetCore.Routing, 2.2.0}",
      "Microsoft.AspNetCore.Routing.Abstractions, {Microsoft.AspNetCore.Routing.Abstractions, 2.2.0}",
      "Microsoft.AspNetCore.WebUtilities, {Microsoft.AspNetCore.WebUtilities, 2.2.0}",
      "Microsoft.CodeAnalysis, {Microsoft.CodeAnalysis.Common, 2.8.0}",
      "Microsoft.CodeAnalysis.CSharp, {Microsoft.CodeAnalysis.CSharp, 2.8.0}",
      "Microsoft.CodeAnalysis.CSharp.Workspaces, {Microsoft.CodeAnalysis.CSharp.Workspaces, 2.8.0}",
      "Microsoft.CodeAnalysis.Workspaces, {Microsoft.CodeAnalysis.Workspaces.Common, 2.8.0}",
      "Microsoft.DotNet.PlatformAbstractions, {Microsoft.DotNet.PlatformAbstractions, 2.1.0}",
      "Microsoft.Extensions.Configuration.Abstractions, {Microsoft.Extensions.Configuration.Abstractions, 2.2.0}",
      "Microsoft.Extensions.DependencyInjection, {Microsoft.Extensions.DependencyInjection, 2.2.0}",
      "Microsoft.Extensions.DependencyInjection.Abstractions, {Microsoft.Extensions.DependencyInjection.Abstractions, 2.2.0}",
      "Microsoft.Extensions.DependencyModel, {Microsoft.Extensions.DependencyModel, 2.1.0}",
      "Microsoft.Extensions.Diagnostics.HealthChecks, {Microsoft.Extensions.Diagnostics.HealthChecks, 2.2.0}",
      "Microsoft.Extensions.Diagnostics.HealthChecks.Abstractions, {Microsoft.Extensions.Diagnostics.HealthChecks.Abstractions, 2.2.0}",
      "Microsoft.Extensions.FileProviders.Abstractions, {Microsoft.Extensions.FileProviders.Abstractions, 2.2.0}",
      "Microsoft.Extensions.Hosting.Abstractions, {Microsoft.Extensions.Hosting.Abstractions, 2.2.0}",
      "Microsoft.Extensions.Logging.Abstractions, {Microsoft.Extensions.Logging.Abstractions, 2.2.0}",
      "Microsoft.Extensions.ObjectPool, {Microsoft.Extensions.ObjectPool, 2.2.0}",
      "Microsoft.Extensions.Options, {Microsoft.Extensions.Options, 2.2.0}",
      "Microsoft.Extensions.Primitives, {Microsoft.Extensions.Primitives, 2.2.0}",
      "Microsoft.Net.Http.Headers, {Microsoft.Net.Http.Headers, 2.2.0}",
      "Microsoft.OpenApi, {Microsoft.OpenApi, 1.1.4}",
      "Microsoft.VisualStudio.Web.CodeGeneration, {Microsoft.VisualStudio.Web.CodeGeneration, 2.2.3}",
      "Microsoft.VisualStudio.Web.CodeGeneration.Contracts, {Microsoft.VisualStudio.Web.CodeGeneration.Contracts, 2.2.3}",
      "Microsoft.VisualStudio.Web.CodeGeneration.Core, {Microsoft.VisualStudio.Web.CodeGeneration.Core, 2.2.3}",
      "Microsoft.VisualStudio.Web.CodeGeneration.EntityFrameworkCore, {Microsoft.VisualStudio.Web.CodeGeneration.EntityFrameworkCore, 2.2.3}",
      "Microsoft.VisualStudio.Web.CodeGeneration.Templating, {Microsoft.VisualStudio.Web.CodeGeneration.Templating, 2.2.3}",
      "Microsoft.VisualStudio.Web.CodeGeneration.Utils, {Microsoft.VisualStudio.Web.CodeGeneration.Utils, 2.2.3}",
      "Microsoft.VisualStudio.Web.CodeGenerators.Mvc, {Microsoft.VisualStudio.Web.CodeGenerators.Mvc, 2.2.3}",
      "Microsoft.Win32.Primitives, {Microsoft.Win32.Primitives, 4.3.0}",
      "Moq, {Moq, 4.10.1}",
      "Newtonsoft.Json, {Newtonsoft.Json, 12.0.2}",
      "Newtonsoft.Json.Bson, {Newtonsoft.Json.Bson, 1.0.2}",
      "NuGet.Frameworks, {NuGet.Frameworks, 4.7.0}",
      "Oracle.ManagedDataAccess, {Oracle.ManagedDataAccess.Core, 2.19.50}",
      "Scrutor, {Scrutor, 3.0.1}",
      "Swashbuckle.AspNetCore.Annotations, {Swashbuckle.AspNetCore.Annotations, 5.0.0}",
      "Swashbuckle.AspNetCore.Filters, {Swashbuckle.AspNetCore.Filters, 5.0.0}",
      "Swashbuckle.AspNetCore.Swagger, {Swashbuckle.AspNetCore.Swagger, 5.0.0}",
      "Swashbuckle.AspNetCore.SwaggerGen, {Swashbuckle.AspNetCore.SwaggerGen, 5.0.0}",
      "Swashbuckle.AspNetCore.SwaggerUI, {Swashbuckle.AspNetCore.SwaggerUI, 5.0.0}",
      "System.AppContext, {System.AppContext, 4.3.0}",
      "System.Collections, {System.Collections, 4.3.0}",
      "System.Collections.Concurrent, {System.Collections.Concurrent, 4.3.0}",
      "System.Collections.Immutable, {System.Collections.Immutable, 1.3.1}",
      "System.Collections.NonGeneric, {System.Collections.NonGeneric, 4.3.0}",
      "System.Collections.Specialized, {System.Collections.Specialized, 4.3.0}",
      "System.ComponentModel, {System.ComponentModel, 4.3.0}",
      "System.ComponentModel.Primitives, {System.ComponentModel.Primitives, 4.3.0}",
      "System.ComponentModel.TypeConverter, {System.ComponentModel.TypeConverter, 4.3.0}",
      "System.Composition.AttributedModel, {System.Composition.AttributedModel, 1.0.31}",
      "System.Composition.Convention, {System.Composition.Convention, 1.0.31}",
      "System.Composition.Hosting, {System.Composition.Hosting, 1.0.31}",
      "System.Composition.Runtime, {System.Composition.Runtime, 1.0.31}",
      "System.Composition.TypedParts, {System.Composition.TypedParts, 1.0.31}",
      "System.Console, {System.Console, 4.3.0}",
      "System.Data.SqlClient, {System.Data.SqlClient, 4.4.0}",
      "System.Diagnostics.Contracts, {System.Diagnostics.Contracts, 4.3.0}",
      "System.Diagnostics.Debug, {System.Diagnostics.Debug, 4.3.0}",
      "System.Diagnostics.DiagnosticSource, {System.Diagnostics.DiagnosticSource, 4.5.0}",
      "System.Diagnostics.Process, {System.Diagnostics.Process, 4.1.0}",
      "System.Diagnostics.StackTrace, {System.Diagnostics.StackTrace, 4.3.0}",
      "System.Diagnostics.Tools, {System.Diagnostics.Tools, 4.3.0}",
      "System.Diagnostics.TraceSource, {System.Diagnostics.TraceSource, 4.3.0}",
      "System.Diagnostics.Tracing, {System.Diagnostics.Tracing, 4.3.0}",
      "System.DirectoryServices.AccountManagement, {System.DirectoryServices.AccountManagement, 4.6.0}",
      "System.Dynamic.Runtime, {System.Dynamic.Runtime, 4.3.0}",
      "System.Globalization, {System.Globalization, 4.3.0}",
      "System.Globalization.Calendars, {System.Globalization.Calendars, 4.3.0}",
      "System.IO, {System.IO, 4.3.0}",
      "System.IO.Compression, {System.IO.Compression, 4.3.0}",
      "System.IO.Compression.ZipFile, {System.IO.Compression.ZipFile, 4.3.0}",
      "System.IO.FileSystem, {System.IO.FileSystem, 4.3.0}",
      "System.IO.FileSystem.Primitives, {System.IO.FileSystem.Primitives, 4.3.0}",
      "System.IO.FileSystem.Watcher, {System.IO.FileSystem.Watcher, 4.0.0}",
      "System.Linq, {System.Linq, 4.3.0}",
      "System.Linq.Expressions, {System.Linq.Expressions, 4.3.0}",
      "System.Linq.Parallel, {System.Linq.Parallel, 4.3.0}",
      "System.Linq.Queryable, {System.Linq.Queryable, 4.3.0}",
      "System.Net.Http, {System.Net.Http, 4.3.0}",
      "System.Net.Http.Formatting, {Microsoft.AspNet.WebApi.Client, 5.2.7}",
      "System.Net.NameResolution, {System.Net.NameResolution, 4.0.0}",
      "System.Net.Primitives, {System.Net.Primitives, 4.3.0}",
      "System.Net.Requests, {System.Net.Requests, 4.0.11}",
      "System.Net.Sockets, {System.Net.Sockets, 4.3.0}",
      "System.Net.WebHeaderCollection, {System.Net.WebHeaderCollection, 4.0.1}",
      "System.ObjectModel, {System.ObjectModel, 4.3.0}",
      "System.Reflection, {System.Reflection, 4.3.0}",
      "System.Reflection.Emit, {System.Reflection.Emit, 4.3.0}",
      "System.Reflection.Emit.ILGeneration, {System.Reflection.Emit.ILGeneration, 4.3.0}",
      "System.Reflection.Emit.Lightweight, {System.Reflection.Emit.Lightweight, 4.3.0}",
      "System.Reflection.Extensions, {System.Reflection.Extensions, 4.3.0}",
      "System.Reflection.Metadata, {System.Reflection.Metadata, 1.4.2}",
      "System.Reflection.Primitives, {System.Reflection.Primitives, 4.3.0}",
      "System.Resources.ResourceManager, {System.Resources.ResourceManager, 4.3.0}",
      "System.Runtime, {System.Runtime, 4.3.0}",
      "System.Runtime.CompilerServices.Unsafe, {System.Runtime.CompilerServices.Unsafe, 4.5.1}",
      "System.Runtime.Extensions, {System.Runtime.Extensions, 4.3.0}",
      "System.Runtime.Handles, {System.Runtime.Handles, 4.3.0}",
      "System.Runtime.InteropServices, {System.Runtime.InteropServices, 4.3.0}",
      "System.Runtime.InteropServices.RuntimeInformation, {System.Runtime.InteropServices.RuntimeInformation, 4.3.0}",
      "System.Runtime.Numerics, {System.Runtime.Numerics, 4.3.0}",
      "System.Runtime.Serialization.Formatters, {System.Runtime.Serialization.Formatters, 4.3.0}",
      "System.Runtime.Serialization.Primitives, {System.Runtime.Serialization.Primitives, 4.3.0}",
      "System.Security.Cryptography.Algorithms, {System.Security.Cryptography.Algorithms, 4.3.0}",
      "System.Security.Cryptography.Encoding, {System.Security.Cryptography.Encoding, 4.3.0}",
      "System.Security.Cryptography.Primitives, {System.Security.Cryptography.Primitives, 4.3.0}",
      "System.Security.Cryptography.X509Certificates, {System.Security.Cryptography.X509Certificates, 4.3.0}",
      "System.Security.Principal.Windows, {System.Security.Principal.Windows, 4.6.0}",
      "System.ServiceModel, {System.ServiceModel.Primitives, 4.4.4}",
      "System.ServiceModel.Duplex, {System.ServiceModel.Duplex, 4.4.4}",
      "System.ServiceModel.Http, {System.ServiceModel.Http, 4.4.4}",
      "System.ServiceModel.NetTcp, {System.ServiceModel.NetTcp, 4.4.4}",
      "System.ServiceModel.Primitives, {System.ServiceModel.Primitives, 4.4.4}",
      "System.ServiceModel.Security, {System.ServiceModel.Security, 4.4.4}",
      "System.Text.Encoding, {System.Text.Encoding, 4.3.0}",
      "System.Text.Encoding.Extensions, {System.Text.Encoding.Extensions, 4.3.0}",
      "System.Text.Encodings.Web, {System.Text.Encodings.Web, 4.5.0}",
      "System.Text.RegularExpressions, {System.Text.RegularExpressions, 4.3.0}",
      "System.Threading, {System.Threading, 4.3.0}",
      "System.Threading.Tasks, {System.Threading.Tasks, 4.3.0}",
      "System.Threading.Tasks.Parallel, {System.Threading.Tasks.Parallel, 4.3.0}",
      "System.Threading.Thread, {System.Threading.Thread, 4.3.0}",
      "System.Threading.Timer, {System.Threading.Timer, 4.3.0}",
      "System.ValueTuple, {System.ValueTuple, 4.3.0}",
      "System.Xml.ReaderWriter, {System.Xml.ReaderWriter, 4.3.0}",
      "System.Xml.XDocument, {System.Xml.XDocument, 4.3.0}",
      "System.Xml.XmlDocument, {System.Xml.XmlDocument, 4.3.0}"
    ],
    "targetFramework": "netcoreapp3.1",
    "typeReuseMode": "All"
  }
}