﻿{
  "ProviderId": "Microsoft.VisualStudio.ConnectedService.Wcf",
  "Version": "15.0.20628.921",
  "GettingStartedDocument": {
    "Uri": "https://go.microsoft.com/fwlink/?linkid=858517"
  },
  "ExtendedData": {
    "Uri": "http://api-itg-ts.servicenp.ageas.intra/Notification/SendMailWS.asmx",
    "Namespace": "Service.Email",
    "SelectedAccessLevelForGeneratedClass": "Public",
    "GenerateMessageContract": false,
    "ReuseTypesinReferencedAssemblies": false,
    "ReuseTypesinAllReferencedAssemblies": true,
    "CollectionTypeReference": {
      "Item1": "System.Array",
      "Item2": "System.Runtime.dll"
    },
    "DictionaryCollectionTypeReference": {
      "Item1": "System.Collections.Generic.Dictionary`2",
      "Item2": "System.Collections.dll"
    },
    "CheckedReferencedAssemblies": [],
    "InstanceId": null,
    "Name": "Service.Email",
    "Metadata": {}
  }
}