<?xml version="1.0" encoding="UTF-8"?>
<con:soapui-project id="2744532a-8a09-4b4b-8916-de16d7505451" activeEnvironment="Default" name="T02-FSCD_PARCEIROS_POST_WS" resourceRoot="" soapui-version="5.5.0" xmlns:con="http://eviware.com/soapui/config"><con:settings/><con:interface xsi:type="con:WsdlInterface" id="11ca50f7-d3a5-4e90-93b6-6ca44ee59690" wsaVersion="NONE" name="Z_FSCD_PARCEIROS_POST_WS" type="wsdl" bindingName="{urn:sap-com:document:sap:soap:functions:mc-style}Z_FSCD_PARCEIROS_POST_WS" soapVersion="1_1" anonymous="optional" definition="http://tsaptapsap02.servicenp.ageas.intra:8012/sap/bc/srt/wsdl/flv_10002A111AD1/bndg_url/sap/bc/srt/rfc/sap/z_fscd_parceiros_post_ws/010/z_fscd_parceiros_post_ws/z_fscd_parceiros_post_ws?sap-client=010" xmlns:xsi="http://www.w3.org/2001/XMLSchema-instance"><con:settings/><con:definitionCache type="TEXT" rootPart="http://tsaptapsap02.servicenp.ageas.intra:8012/sap/bc/srt/wsdl/flv_10002A111AD1/bndg_url/sap/bc/srt/rfc/sap/z_fscd_parceiros_post_ws/010/z_fscd_parceiros_post_ws/z_fscd_parceiros_post_ws?sap-client=010"><con:part><con:url>http://tsaptapsap02.servicenp.ageas.intra:8012/sap/bc/srt/wsdl/flv_10002A111AD1/bndg_url/sap/bc/srt/rfc/sap/z_fscd_parceiros_post_ws/010/z_fscd_parceiros_post_ws/z_fscd_parceiros_post_ws?sap-client=010</con:url><con:content><![CDATA[<wsdl:definitions targetNamespace="urn:sap-com:document:sap:soap:functions:mc-style" xmlns:wsdl="http://schemas.xmlsoap.org/wsdl/" xmlns:xsd="http://www.w3.org/2001/XMLSchema" xmlns:soap="http://schemas.xmlsoap.org/wsdl/soap/" xmlns:wsoap12="http://schemas.xmlsoap.org/wsdl/soap12/" xmlns:http="http://schemas.xmlsoap.org/wsdl/http/" xmlns:mime="http://schemas.xmlsoap.org/wsdl/mime/" xmlns:tns="urn:sap-com:document:sap:soap:functions:mc-style" xmlns:wsp="http://schemas.xmlsoap.org/ws/2004/09/policy" xmlns:wsu="http://docs.oasis-open.org/wss/2004/01/oasis-200401-wss-wssecurity-utility-1.0.xsd" xmlns:n1="urn:sap-com:document:sap:rfc:functions">
  <wsdl:documentation>
    <sidl:sidl xmlns:sidl="http://www.sap.com/2007/03/sidl"/>
  </wsdl:documentation>
  <wsp:UsingPolicy wsdl:required="true"/>
  <wsp:Policy wsu:Id="BN__Z_FSCD_PARCEIROS_POST_WS">
    <wsp:ExactlyOne>
      <wsp:All>
        <sapattahnd:Enabled xmlns:sapattahnd="http://www.sap.com/710/features/attachment/">false</sapattahnd:Enabled>
        <saptrnbnd:OptimizedMimeSerialization wsp:Optional="true" xmlns:saptrnbnd="http://schemas.xmlsoap.org/ws/2004/09/policy/optimizedmimeserialization"/>
        <wsaw:UsingAddressing wsp:Optional="true" xmlns:wsaw="http://www.w3.org/2006/05/addressing/wsdl"/>
        <wsp:All>
          <sp:TransportBinding xmlns:sp="http://docs.oasis-open.org/ws-sx/ws-securitypolicy/200702" xmlns:sapsp="http://www.sap.com/webas/630/soap/features/security/policy" xmlns:wsa="http://www.w3.org/2005/08/addressing" xmlns:wst="http://docs.oasis-open.org/ws-sx/ws-trust/200512" xmlns:wsu="http://schemas.xmlsoap.org/ws/2002/07/utility" xmlns:wsx="http://schemas.xmlsoap.org/ws/2004/09/mex">
            <wsp:Policy>
              <sp:TransportToken>
                <wsp:Policy>
                  <sp:HttpsToken>
                    <wsp:Policy>
                      <sp:HttpBasicAuthentication/>
                    </wsp:Policy>
                  </sp:HttpsToken>
                </wsp:Policy>
              </sp:TransportToken>
              <sp:AlgorithmSuite>
                <wsp:Policy>
                  <sp:Basic128Rsa15/>
                </wsp:Policy>
              </sp:AlgorithmSuite>
              <sp:Layout>
                <wsp:Policy>
                  <sp:Strict/>
                </wsp:Policy>
              </sp:Layout>
            </wsp:Policy>
          </sp:TransportBinding>
        </wsp:All>
      </wsp:All>
      <wsp:All>
        <sapattahnd:Enabled xmlns:sapattahnd="http://www.sap.com/710/features/attachment/">false</sapattahnd:Enabled>
        <saptrnbnd:OptimizedXMLTransfer uri="http://xml.sap.com/2006/11/esi/esp/binxml" wsp:Optional="true" xmlns:saptrnbnd="http://www.sap.com/webas/710/soap/features/transportbinding/"/>
        <wsaw:UsingAddressing wsp:Optional="true" xmlns:wsaw="http://www.w3.org/2006/05/addressing/wsdl"/>
        <wsp:All>
          <sp:TransportBinding xmlns:sp="http://docs.oasis-open.org/ws-sx/ws-securitypolicy/200702" xmlns:sapsp="http://www.sap.com/webas/630/soap/features/security/policy" xmlns:wsa="http://www.w3.org/2005/08/addressing" xmlns:wst="http://docs.oasis-open.org/ws-sx/ws-trust/200512" xmlns:wsu="http://schemas.xmlsoap.org/ws/2002/07/utility" xmlns:wsx="http://schemas.xmlsoap.org/ws/2004/09/mex">
            <wsp:Policy>
              <sp:TransportToken>
                <wsp:Policy>
                  <sp:HttpsToken>
                    <wsp:Policy>
                      <sp:HttpBasicAuthentication/>
                    </wsp:Policy>
                  </sp:HttpsToken>
                </wsp:Policy>
              </sp:TransportToken>
              <sp:AlgorithmSuite>
                <wsp:Policy>
                  <sp:Basic128Rsa15/>
                </wsp:Policy>
              </sp:AlgorithmSuite>
              <sp:Layout>
                <wsp:Policy>
                  <sp:Strict/>
                </wsp:Policy>
              </sp:Layout>
            </wsp:Policy>
          </sp:TransportBinding>
        </wsp:All>
      </wsp:All>
    </wsp:ExactlyOne>
  </wsp:Policy>
  <wsp:Policy wsu:Id="BN__Z_FSCD_PARCEIROS_POST_WS_soap12">
    <wsp:ExactlyOne>
      <wsp:All>
        <sapattahnd:Enabled xmlns:sapattahnd="http://www.sap.com/710/features/attachment/">false</sapattahnd:Enabled>
        <saptrnbnd:OptimizedMimeSerialization wsp:Optional="true" xmlns:saptrnbnd="http://schemas.xmlsoap.org/ws/2004/09/policy/optimizedmimeserialization"/>
        <wsaw:UsingAddressing wsp:Optional="true" xmlns:wsaw="http://www.w3.org/2006/05/addressing/wsdl"/>
        <wsp:All>
          <sp:TransportBinding xmlns:sp="http://docs.oasis-open.org/ws-sx/ws-securitypolicy/200702" xmlns:sapsp="http://www.sap.com/webas/630/soap/features/security/policy" xmlns:wsa="http://www.w3.org/2005/08/addressing" xmlns:wst="http://docs.oasis-open.org/ws-sx/ws-trust/200512" xmlns:wsu="http://schemas.xmlsoap.org/ws/2002/07/utility" xmlns:wsx="http://schemas.xmlsoap.org/ws/2004/09/mex">
            <wsp:Policy>
              <sp:TransportToken>
                <wsp:Policy>
                  <sp:HttpsToken>
                    <wsp:Policy>
                      <sp:HttpBasicAuthentication/>
                    </wsp:Policy>
                  </sp:HttpsToken>
                </wsp:Policy>
              </sp:TransportToken>
              <sp:AlgorithmSuite>
                <wsp:Policy>
                  <sp:Basic128Rsa15/>
                </wsp:Policy>
              </sp:AlgorithmSuite>
              <sp:Layout>
                <wsp:Policy>
                  <sp:Strict/>
                </wsp:Policy>
              </sp:Layout>
            </wsp:Policy>
          </sp:TransportBinding>
        </wsp:All>
      </wsp:All>
      <wsp:All>
        <sapattahnd:Enabled xmlns:sapattahnd="http://www.sap.com/710/features/attachment/">false</sapattahnd:Enabled>
        <saptrnbnd:OptimizedXMLTransfer uri="http://xml.sap.com/2006/11/esi/esp/binxml" wsp:Optional="true" xmlns:saptrnbnd="http://www.sap.com/webas/710/soap/features/transportbinding/"/>
        <wsaw:UsingAddressing wsp:Optional="true" xmlns:wsaw="http://www.w3.org/2006/05/addressing/wsdl"/>
        <wsp:All>
          <sp:TransportBinding xmlns:sp="http://docs.oasis-open.org/ws-sx/ws-securitypolicy/200702" xmlns:sapsp="http://www.sap.com/webas/630/soap/features/security/policy" xmlns:wsa="http://www.w3.org/2005/08/addressing" xmlns:wst="http://docs.oasis-open.org/ws-sx/ws-trust/200512" xmlns:wsu="http://schemas.xmlsoap.org/ws/2002/07/utility" xmlns:wsx="http://schemas.xmlsoap.org/ws/2004/09/mex">
            <wsp:Policy>
              <sp:TransportToken>
                <wsp:Policy>
                  <sp:HttpsToken>
                    <wsp:Policy>
                      <sp:HttpBasicAuthentication/>
                    </wsp:Policy>
                  </sp:HttpsToken>
                </wsp:Policy>
              </sp:TransportToken>
              <sp:AlgorithmSuite>
                <wsp:Policy>
                  <sp:Basic128Rsa15/>
                </wsp:Policy>
              </sp:AlgorithmSuite>
              <sp:Layout>
                <wsp:Policy>
                  <sp:Strict/>
                </wsp:Policy>
              </sp:Layout>
            </wsp:Policy>
          </sp:TransportBinding>
        </wsp:All>
      </wsp:All>
    </wsp:ExactlyOne>
  </wsp:Policy>
  <wsp:Policy wsu:Id="IF__Z_FSCD_PARCEIROS_POST_WS">
    <wsp:ExactlyOne>
      <wsp:All>
        <sapsession:Session xmlns:sapsession="http://www.sap.com/webas/630/soap/features/session/">
          <sapsession:enableSession>false</sapsession:enableSession>
        </sapsession:Session>
        <sapcentraladmin:CentralAdministration wsp:Optional="true" xmlns:sapcentraladmin="http://www.sap.com/webas/700/soap/features/CentralAdministration/">
          <sapcentraladmin:BusinessApplicationID>5369F798E65916C0E10080000ABB426A</sapcentraladmin:BusinessApplicationID>
        </sapcentraladmin:CentralAdministration>
      </wsp:All>
    </wsp:ExactlyOne>
  </wsp:Policy>
  <wsp:Policy wsu:Id="OP__ZFscdParceirosPostWs">
    <wsp:ExactlyOne>
      <wsp:All>
        <saptrhnw05:required xmlns:saptrhnw05="http://www.sap.com/NW05/soap/features/transaction/">no</saptrhnw05:required>
        <sapcomhnd:enableCommit xmlns:sapcomhnd="http://www.sap.com/NW05/soap/features/commit/">false</sapcomhnd:enableCommit>
        <sapblock:enableBlocking xmlns:sapblock="http://www.sap.com/NW05/soap/features/blocking/">true</sapblock:enableBlocking>
        <saprmnw05:enableWSRM xmlns:saprmnw05="http://www.sap.com/NW05/soap/features/wsrm/">false</saprmnw05:enableWSRM>
      </wsp:All>
    </wsp:ExactlyOne>
  </wsp:Policy>
  <wsdl:types>
    <xsd:schema attributeFormDefault="qualified" targetNamespace="urn:sap-com:document:sap:rfc:functions">
      <xsd:simpleType name="char1">
        <xsd:restriction base="xsd:string">
          <xsd:maxLength value="1"/>
        </xsd:restriction>
      </xsd:simpleType>
      <xsd:simpleType name="char10">
        <xsd:restriction base="xsd:string">
          <xsd:maxLength value="10"/>
        </xsd:restriction>
      </xsd:simpleType>
      <xsd:simpleType name="char20">
        <xsd:restriction base="xsd:string">
          <xsd:maxLength value="20"/>
        </xsd:restriction>
      </xsd:simpleType>
      <xsd:simpleType name="char241">
        <xsd:restriction base="xsd:string">
          <xsd:maxLength value="241"/>
        </xsd:restriction>
      </xsd:simpleType>
      <xsd:simpleType name="char3">
        <xsd:restriction base="xsd:string">
          <xsd:maxLength value="3"/>
        </xsd:restriction>
      </xsd:simpleType>
      <xsd:simpleType name="char30">
        <xsd:restriction base="xsd:string">
          <xsd:maxLength value="30"/>
        </xsd:restriction>
      </xsd:simpleType>
      <xsd:simpleType name="char34">
        <xsd:restriction base="xsd:string">
          <xsd:maxLength value="34"/>
        </xsd:restriction>
      </xsd:simpleType>
      <xsd:simpleType name="char4">
        <xsd:restriction base="xsd:string">
          <xsd:maxLength value="4"/>
        </xsd:restriction>
      </xsd:simpleType>
      <xsd:simpleType name="char40">
        <xsd:restriction base="xsd:string">
          <xsd:maxLength value="40"/>
        </xsd:restriction>
      </xsd:simpleType>
      <xsd:simpleType name="char5">
        <xsd:restriction base="xsd:string">
          <xsd:maxLength value="5"/>
        </xsd:restriction>
      </xsd:simpleType>
      <xsd:simpleType name="char60">
        <xsd:restriction base="xsd:string">
          <xsd:maxLength value="60"/>
        </xsd:restriction>
      </xsd:simpleType>
      <xsd:simpleType name="numeric6">
        <xsd:restriction base="xsd:string">
          <xsd:maxLength value="6"/>
          <xsd:pattern value="\d*"/>
        </xsd:restriction>
      </xsd:simpleType>
    </xsd:schema>
    <xsd:schema attributeFormDefault="qualified" targetNamespace="urn:sap-com:document:sap:soap:functions:mc-style" xmlns:n0="urn:sap-com:document:sap:rfc:functions">
      <xsd:import namespace="urn:sap-com:document:sap:rfc:functions"/>
      <xsd:simpleType name="char1">
        <xsd:restriction base="xsd:string">
          <xsd:maxLength value="1"/>
        </xsd:restriction>
      </xsd:simpleType>
      <xsd:simpleType name="char255">
        <xsd:restriction base="xsd:string">
          <xsd:maxLength value="255"/>
        </xsd:restriction>
      </xsd:simpleType>
      <xsd:simpleType name="char3">
        <xsd:restriction base="xsd:string">
          <xsd:maxLength value="3"/>
        </xsd:restriction>
      </xsd:simpleType>
      <xsd:simpleType name="char6">
        <xsd:restriction base="xsd:string">
          <xsd:maxLength value="6"/>
        </xsd:restriction>
      </xsd:simpleType>
      <xsd:simpleType name="char8">
        <xsd:restriction base="xsd:string">
          <xsd:maxLength value="8"/>
        </xsd:restriction>
      </xsd:simpleType>
      <xsd:simpleType name="char80">
        <xsd:restriction base="xsd:string">
          <xsd:maxLength value="80"/>
        </xsd:restriction>
      </xsd:simpleType>
      <xsd:simpleType name="numeric20">
        <xsd:restriction base="xsd:string">
          <xsd:maxLength value="20"/>
          <xsd:pattern value="\d*"/>
        </xsd:restriction>
      </xsd:simpleType>
      <xsd:simpleType name="numeric3">
        <xsd:restriction base="xsd:string">
          <xsd:maxLength value="3"/>
          <xsd:pattern value="\d*"/>
        </xsd:restriction>
      </xsd:simpleType>
      <xsd:complexType name="ZfscdParceirosLinha">
        <xsd:sequence>
          <xsd:element name="Interface" type="n0:char3"/>
          <xsd:element name="OriginalSystem" type="n0:char5"/>
          <xsd:element name="Transaction" type="tns:numeric20"/>
          <xsd:element name="SystemDate" type="tns:char8"/>
          <xsd:element name="SystemTime" type="tns:char6"/>
          <xsd:element name="Online" type="n0:char1"/>
          <xsd:element name="ItemsTotal" type="n0:numeric6"/>
          <xsd:element name="Partner" type="tns:ZfscdParceiro"/>
        </xsd:sequence>
      </xsd:complexType>
      <xsd:complexType name="ZfscdParceiroLinha">
        <xsd:sequence>
          <xsd:element name="EntityType" type="tns:char1"/>
          <xsd:element name="CompanyCode" type="n0:char4"/>
          <xsd:element name="Network" type="n0:char4"/>
          <xsd:element name="MasterOrigin" type="tns:char3"/>
          <xsd:element name="PartnerExternalSystem" type="n0:char20"/>
          <xsd:element name="TaxType" type="n0:char4"/>
          <xsd:element name="TaxNumber" type="n0:char20"/>
          <xsd:element name="FormKeyTitle" type="n0:char4"/>
          <xsd:element name="FirstName" type="n0:char40"/>
          <xsd:element name="MiddleName" type="n0:char40"/>
          <xsd:element name="MiddleName2" type="n0:char40"/>
          <xsd:element name="LastName" type="n0:char40"/>
          <xsd:element name="FullName" type="tns:char80"/>
          <xsd:element name="BirthDate" type="tns:char8"/>
          <xsd:element name="Sex" type="n0:char1"/>
          <xsd:element name="MaritalStatus" type="n0:char1"/>
          <xsd:element name="Nationality" type="n0:char3"/>
          <xsd:element name="CommType" type="n0:char3"/>
          <xsd:element name="Addresses" type="tns:ZfscdParceiroMoradas"/>
          <xsd:element name="Phones" type="tns:ZfscdParceiroTelefones"/>
          <xsd:element name="Mails" type="tns:ZfscdParceiroEmails"/>
          <xsd:element name="Banks" type="tns:ZfscdParceiroIbans"/>
          <xsd:element name="Errors" type="tns:ZfscdCodigosErroTabela"/>
        </xsd:sequence>
      </xsd:complexType>
      <xsd:complexType name="ZfscdParceiroIban">
        <xsd:sequence>
          <xsd:element name="Iban" type="n0:char34"/>
        </xsd:sequence>
      </xsd:complexType>
      <xsd:complexType name="ZfscdParceiroTelefone">
        <xsd:sequence>
          <xsd:element name="Country" type="n0:char3"/>
          <xsd:element name="Telephone" type="n0:char30"/>
          <xsd:element name="TelDefault" type="n0:char1"/>
        </xsd:sequence>
      </xsd:complexType>
      <xsd:complexType name="ZfscdParceiroEmail">
        <xsd:sequence>
          <xsd:element name="Email" type="n0:char241"/>
        </xsd:sequence>
      </xsd:complexType>
      <xsd:complexType name="ZfscdCodigosErroLinha">
        <xsd:sequence>
          <xsd:element name="ErrorCode" type="tns:numeric3"/>
          <xsd:element name="ErrorCodeTxt" type="tns:char255"/>
        </xsd:sequence>
      </xsd:complexType>
      <xsd:complexType name="ZfscdParceiroMorada">
        <xsd:sequence>
          <xsd:element name="AddressType" type="n0:char10"/>
          <xsd:element name="ExtAddressNumber" type="n0:char20"/>
          <xsd:element name="AddressNotes" type="n0:char40"/>
          <xsd:element name="Street" type="n0:char60"/>
          <xsd:element name="StrSuppl1" type="n0:char40"/>
          <xsd:element name="StrSuppl2" type="n0:char40"/>
          <xsd:element name="StrSuppl3" type="n0:char40"/>
          <xsd:element name="HouseNumber" type="n0:char10"/>
          <xsd:element name="HomeCity" type="n0:char40"/>
          <xsd:element name="PostCode" type="n0:char10"/>
          <xsd:element name="City" type="n0:char40"/>
          <xsd:element name="Country" type="n0:char3"/>
        </xsd:sequence>
      </xsd:complexType>
      <xsd:complexType name="ZfscdParceiro">
        <xsd:sequence>
          <xsd:element name="item" type="tns:ZfscdParceiroLinha" minOccurs="0" maxOccurs="unbounded"/>
        </xsd:sequence>
      </xsd:complexType>
      <xsd:complexType name="ZfscdParceiroIbans">
        <xsd:sequence>
          <xsd:element name="item" type="tns:ZfscdParceiroIban" minOccurs="0" maxOccurs="unbounded"/>
        </xsd:sequence>
      </xsd:complexType>
      <xsd:complexType name="ZfscdParceiroTelefones">
        <xsd:sequence>
          <xsd:element name="item" type="tns:ZfscdParceiroTelefone" minOccurs="0" maxOccurs="unbounded"/>
        </xsd:sequence>
      </xsd:complexType>
      <xsd:complexType name="ZfscdParceiroEmails">
        <xsd:sequence>
          <xsd:element name="item" type="tns:ZfscdParceiroEmail" minOccurs="0" maxOccurs="unbounded"/>
        </xsd:sequence>
      </xsd:complexType>
      <xsd:complexType name="ZfscdCodigosErroTabela">
        <xsd:sequence>
          <xsd:element name="item" type="tns:ZfscdCodigosErroLinha" minOccurs="0" maxOccurs="unbounded"/>
        </xsd:sequence>
      </xsd:complexType>
      <xsd:complexType name="ZfscdParceiroMoradas">
        <xsd:sequence>
          <xsd:element name="item" type="tns:ZfscdParceiroMorada" minOccurs="0" maxOccurs="unbounded"/>
        </xsd:sequence>
      </xsd:complexType>
      <xsd:element name="ZFscdParceirosPostWs">
        <xsd:complexType>
          <xsd:sequence>
            <xsd:element name="Partners" type="tns:ZfscdParceirosLinha"/>
          </xsd:sequence>
        </xsd:complexType>
      </xsd:element>
      <xsd:element name="ZFscdParceirosPostWsResponse">
        <xsd:complexType>
          <xsd:sequence>
            <xsd:element name="Errors" type="tns:ZfscdCodigosErroTabela"/>
            <xsd:element name="Partners" type="tns:ZfscdParceirosLinha"/>
          </xsd:sequence>
        </xsd:complexType>
      </xsd:element>
    </xsd:schema>
  </wsdl:types>
  <wsdl:message name="ZFscdParceirosPostWs">
    <wsdl:part name="parameters" element="tns:ZFscdParceirosPostWs"/>
  </wsdl:message>
  <wsdl:message name="ZFscdParceirosPostWsResponse">
    <wsdl:part name="parameter" element="tns:ZFscdParceirosPostWsResponse"/>
  </wsdl:message>
  <wsdl:portType name="Z_FSCD_PARCEIROS_POST_WS">
    <wsdl:documentation>
      <sapdoc:sapdoc xmlns:sapdoc="urn:sap:esi:documentation">
        <sapdoc:docitem applicationComponent="CA"/>
      </sapdoc:sapdoc>
    </wsdl:documentation>
    <wsp:Policy>
      <wsp:PolicyReference URI="#IF__Z_FSCD_PARCEIROS_POST_WS"/>
    </wsp:Policy>
    <wsdl:operation name="ZFscdParceirosPostWs">
      <wsp:Policy>
        <wsp:PolicyReference URI="#OP__ZFscdParceirosPostWs"/>
      </wsp:Policy>
      <wsdl:input message="tns:ZFscdParceirosPostWs"/>
      <wsdl:output message="tns:ZFscdParceirosPostWsResponse"/>
    </wsdl:operation>
  </wsdl:portType>
  <wsdl:binding name="Z_FSCD_PARCEIROS_POST_WS" type="tns:Z_FSCD_PARCEIROS_POST_WS">
    <wsp:Policy>
      <wsp:PolicyReference URI="#BN__Z_FSCD_PARCEIROS_POST_WS"/>
    </wsp:Policy>
    <soap:binding transport="http://schemas.xmlsoap.org/soap/http" style="document"/>
    <wsdl:operation name="ZFscdParceirosPostWs">
      <soap:operation soapAction="urn:sap-com:document:sap:soap:functions:mc-style:Z_FSCD_PARCEIROS_POST_WS:ZFscdParceirosPostWsRequest" style="document"/>
      <wsdl:input>
        <soap:body use="literal"/>
      </wsdl:input>
      <wsdl:output>
        <soap:body use="literal"/>
      </wsdl:output>
    </wsdl:operation>
  </wsdl:binding>
  <wsdl:binding name="Z_FSCD_PARCEIROS_POST_WS_soap12" type="tns:Z_FSCD_PARCEIROS_POST_WS">
    <wsp:Policy>
      <wsp:PolicyReference URI="#BN__Z_FSCD_PARCEIROS_POST_WS_soap12"/>
    </wsp:Policy>
    <wsoap12:binding transport="http://schemas.xmlsoap.org/soap/http" style="document"/>
    <wsdl:operation name="ZFscdParceirosPostWs">
      <wsoap12:operation soapAction="urn:sap-com:document:sap:soap:functions:mc-style:Z_FSCD_PARCEIROS_POST_WS:ZFscdParceirosPostWsRequest" style="document"/>
      <wsdl:input>
        <wsoap12:body use="literal"/>
      </wsdl:input>
      <wsdl:output>
        <wsoap12:body use="literal"/>
      </wsdl:output>
    </wsdl:operation>
  </wsdl:binding>
  <wsdl:service name="Z_FSCD_PARCEIROS_POST_WS">
    <wsdl:port name="Z_FSCD_PARCEIROS_POST_WS" binding="tns:Z_FSCD_PARCEIROS_POST_WS">
      <soap:address location="http://tsaptapsap02.servicenp.ageas.intra:8012/sap/bc/srt/rfc/sap/z_fscd_parceiros_post_ws/010/z_fscd_parceiros_post_ws/z_fscd_parceiros_post_ws"/>
    </wsdl:port>
    <wsdl:port name="Z_FSCD_PARCEIROS_POST_WS_soap12" binding="tns:Z_FSCD_PARCEIROS_POST_WS_soap12">
      <wsoap12:address location="http://tsaptapsap02.servicenp.ageas.intra:8012/sap/bc/srt/rfc/sap/z_fscd_parceiros_post_ws/010/z_fscd_parceiros_post_ws/z_fscd_parceiros_post_ws"/>
    </wsdl:port>
  </wsdl:service>
</wsdl:definitions>]]></con:content><con:type>http://schemas.xmlsoap.org/wsdl/</con:type></con:part></con:definitionCache><con:endpoints><con:endpoint>http://tsaptapsap02.servicenp.ageas.intra:8012/sap/bc/srt/rfc/sap/z_fscd_parceiros_post_ws/010/z_fscd_parceiros_post_ws/z_fscd_parceiros_post_ws</con:endpoint></con:endpoints><con:operation id="ada7e8e7-1e6b-4e9f-a530-0c7b4c0acfcb" isOneWay="false" action="urn:sap-com:document:sap:soap:functions:mc-style:Z_FSCD_PARCEIROS_POST_WS:ZFscdParceirosPostWsRequest" name="ZFscdParceirosPostWs" bindingOperationName="ZFscdParceirosPostWs" type="Request-Response" inputName="" receivesAttachments="false" sendsAttachments="false" anonymous="optional"><con:settings/><con:call id="2f1a1419-cf5e-4311-b118-bf853ae4c229" name="Request 1"><con:settings><con:setting id="com.eviware.soapui.impl.wsdl.WsdlRequest@request-headers">&lt;xml-fragment/></con:setting></con:settings><con:encoding>UTF-8</con:encoding><con:endpoint>http://tsaptapsap02.servicenp.ageas.intra:8012/sap/bc/srt/rfc/sap/z_fscd_parceiros_post_ws/010/z_fscd_parceiros_post_ws/z_fscd_parceiros_post_ws</con:endpoint><con:request><![CDATA[<soapenv:Envelope xmlns:soapenv="http://schemas.xmlsoap.org/soap/envelope/" xmlns:urn="urn:sap-com:document:sap:soap:functions:mc-style">\r
   <soapenv:Header/>\r
   <soapenv:Body>\r
      <urn:ZFscdParceirosPostWs>\r
         <Partners>\r
            <Interface>PN</Interface>\r
            <OriginalSystem>DUCK</OriginalSystem>\r
            <Transaction></Transaction>\r
            <SystemDate>20190701</SystemDate>\r
            <SystemTime>000000</SystemTime>\r
            <Online>X</Online>\r
            <ItemsTotal>1</ItemsTotal>\r
            <Partner>\r
               <!--Zero or more repetitions:-->\r
               <item>\r
                  <EntityType>T</EntityType>\r
                  <CompanyCode>0020</CompanyCode>\r
                  <Network>MPOS</Network>\r
                  <MasterOrigin>OCS</MasterOrigin>\r
                  <PartnerExternalSystem>123456789</PartnerExternalSystem>\r
                  <TaxType>S</TaxType>\r
                  <TaxNumber>PT292444982</TaxNumber>\r
                  <FormKeyTitle>0006</FormKeyTitle>\r
                  <FirstName>Igor</FirstName>\r
                  <MiddleName>Silva</MiddleName>\r
                  <MiddleName2></MiddleName2>\r
                  <LastName>Barreto</LastName>\r
                  <FullName>Igor Barreto</FullName>\r
                  <BirthDate>19821231</BirthDate>\r
                  <Sex>M</Sex>\r
                  <MaritalStatus>S</MaritalStatus>\r
                  <Nationality>PT</Nationality>\r
                  <CommType></CommType>\r
                  <Addresses>\r
                     <!--Zero or more repetitions:-->\r
                     <item>\r
                        <AddressType>0002</AddressType>\r
                        <ExtAddressNumber>0001</ExtAddressNumber>\r
                        <AddressNotes></AddressNotes>\r
                        <Street>Rua do Lavai1</Street>\r
                        <StrSuppl1>Buraco</StrSuppl1>\r
                        <StrSuppl2>Amadora</StrSuppl2>\r
                        <StrSuppl3></StrSuppl3>\r
                        <HouseNumber>10</HouseNumber>\r
                        <HomeCity>Lisboa</HomeCity>\r
                        <PostCode>1990-180</PostCode>\r
                        <City>Lisboa</City>\r
                        <Country>PT</Country>\r
                     </item>\r
                  </Addresses>\r
                  <Phones>\r
                     <!--Zero or more repetitions:-->\r
                     <item>\r
                        <Country>PT</Country>\r
                        <Telephone>911778605</Telephone>\r
                        <TelDefault>X</TelDefault>\r
                     </item>\r
                  </Phones>\r
                  <Mails>\r
                     <!--Zero or more repetitions:-->\r
                     <item>\r
                        <Email>lavai2@gmail.com</Email>\r
                     </item>\r
                  </Mails>\r
                  <Banks>\r
                     <!--Zero or more repetitions:-->\r
                     <item>\r
                        <Iban>PT50003300000017057508305</Iban>\r
                     </item>\r
                  </Banks>\r
                  <Errors>\r
                     <!--Zero or more repetitions:-->\r
                     <item>\r
                        <ErrorCode></ErrorCode>\r
                        <ErrorCodeTxt></ErrorCodeTxt>\r
                     </item>\r
                  </Errors>\r
               </item>\r
            </Partner>\r
         </Partners>\r
      </urn:ZFscdParceirosPostWs>\r
   </soapenv:Body>\r
</soapenv:Envelope>]]></con:request><con:credentials><con:username>ibarreto</con:username><con:password>ageas@12</con:password><con:domain/><con:authType>No Authorization</con:authType></con:credentials><con:jmsConfig JMSDeliveryMode="PERSISTENT"/><con:jmsPropertyConfig/><con:wsaConfig mustUnderstand="NONE" version="200508" action="urn:sap-com:document:sap:soap:functions:mc-style:Z_FSCD_PARCEIROS_POST_WS:ZFscdParceirosPostWsRequest"/><con:wsrmConfig version="1.2"/></con:call></con:operation></con:interface><con:properties/><con:wssContainer/><con:oAuth2ProfileContainer/><con:oAuth1ProfileContainer/></con:soapui-project>