﻿{
  "openapi": "3.0.1",
  "info": {
    "title": "Ageas Life 2.0 FrontEnd API",
    "description": "",
    "version": "v1"
  },
  "servers": [
    {
      "url": "/wasplife20"
    }
  ],
  "paths": {
    "/v1/Life2Front/UpdateProcessGenericData": {
      "post": {
        "tags": [
          "Life2Front"
        ],
        "summary": "Update Process Generic Data",
        "operationId": "UpdateProcessGenericData",
        "parameters": [
          {
            "name": "Authorization",
            "in": "header",
            "description": "JWT Bearer Token",
            "schema": {}
          },
          {
            "name": "bsUser",
            "in": "header",
            "allowEmptyValue": true,
            "description": "User",
            "schema": {}
          },
          {
            "name": "bsUsername",
            "in": "header",
            "allowEmptyValue": true,
            "description": "Username",
            "schema": {}
          }
        ],
        "requestBody": {
          "content": {
            "application/json": {
              "schema": {
                "$ref": "#/components/schemas/UpdateProcessGenericDataRequest"
              }
            }
          }
        },
        "responses": {
          "404": {
            "description": "Not Found",
            "content": {
              "application/json": {
                "schema": {
                  "$ref": "#/components/schemas/ProblemDetails"
                }
              }
            }
          },
          "400": {
            "description": "Bad Request",
            "content": {
              "application/json": {
                "schema": {
                  "$ref": "#/components/schemas/ProblemDetails"
                }
              }
            }
          },
          "500": {
            "description": "Internal Server Error",
            "content": {
              "application/json": {
                "schema": {
                  "$ref": "#/components/schemas/Fault"
                }
              }
            }
          },
          "200": {
            "description": "Success",
            "content": {
              "application/json": {
                "schema": {
                  "$ref": "#/components/schemas/UpdateProcessGenericDataResponse"
                }
              }
            }
          }
        }
      }
    },
    "/v1/Life2Front/UpdateProcessSimulationData": {
      "post": {
        "tags": [
          "Life2Front"
        ],
        "summary": "Update Process Simulation Data",
        "operationId": "UpdateProcessSimulationData",
        "parameters": [
          {
            "name": "Authorization",
            "in": "header",
            "description": "JWT Bearer Token",
            "schema": {}
          },
          {
            "name": "bsUser",
            "in": "header",
            "allowEmptyValue": true,
            "description": "User",
            "schema": {}
          },
          {
            "name": "bsUsername",
            "in": "header",
            "allowEmptyValue": true,
            "description": "Username",
            "schema": {}
          }
        ],
        "requestBody": {
          "content": {
            "application/json": {
              "schema": {
                "$ref": "#/components/schemas/UpdateProcessSimulationDataRequest"
              }
            }
          }
        },
        "responses": {
          "404": {
            "description": "Not Found",
            "content": {
              "application/json": {
                "schema": {
                  "$ref": "#/components/schemas/ProblemDetails"
                }
              }
            }
          },
          "400": {
            "description": "Bad Request",
            "content": {
              "application/json": {
                "schema": {
                  "$ref": "#/components/schemas/ProblemDetails"
                }
              }
            }
          },
          "500": {
            "description": "Internal Server Error",
            "content": {
              "application/json": {
                "schema": {
                  "$ref": "#/components/schemas/Fault"
                }
              }
            }
          },
          "200": {
            "description": "Success",
            "content": {
              "application/json": {
                "schema": {
                  "$ref": "#/components/schemas/UpdateProcessSimulationDataResponse"
                }
              }
            }
          }
        }
      }
    },
    "/v1/Life2Front/UpdateProcessRiskData": {
      "post": {
        "tags": [
          "Life2Front"
        ],
        "summary": "Update Process Risk Data",
        "operationId": "UpdateProcessRiskData",
        "parameters": [
          {
            "name": "Authorization",
            "in": "header",
            "description": "JWT Bearer Token",
            "schema": {}
          },
          {
            "name": "bsUser",
            "in": "header",
            "allowEmptyValue": true,
            "description": "User",
            "schema": {}
          },
          {
            "name": "bsUsername",
            "in": "header",
            "allowEmptyValue": true,
            "description": "Username",
            "schema": {}
          }
        ],
        "requestBody": {
          "content": {
            "application/json": {
              "schema": {
                "$ref": "#/components/schemas/UpdateProcessRiskDataRequest"
              }
            }
          }
        },
        "responses": {
          "404": {
            "description": "Not Found",
            "content": {
              "application/json": {
                "schema": {
                  "$ref": "#/components/schemas/ProblemDetails"
                }
              }
            }
          },
          "400": {
            "description": "Bad Request",
            "content": {
              "application/json": {
                "schema": {
                  "$ref": "#/components/schemas/ProblemDetails"
                }
              }
            }
          },
          "500": {
            "description": "Internal Server Error",
            "content": {
              "application/json": {
                "schema": {
                  "$ref": "#/components/schemas/Fault"
                }
              }
            }
          },
          "200": {
            "description": "Success",
            "content": {
              "application/json": {
                "schema": {
                  "$ref": "#/components/schemas/UpdateProcessRiskDataResponse"
                }
              }
            }
          }
        }
      }
    },
    "/v1/Life2Front/UpdateProcessTakerData": {
      "post": {
        "tags": [
          "Life2Front"
        ],
        "summary": "Update Process Taker Data",
        "operationId": "UpdateProcessTakerData",
        "parameters": [
          {
            "name": "Authorization",
            "in": "header",
            "description": "JWT Bearer Token",
            "schema": {}
          },
          {
            "name": "bsUser",
            "in": "header",
            "allowEmptyValue": true,
            "description": "User",
            "schema": {}
          },
          {
            "name": "bsUsername",
            "in": "header",
            "allowEmptyValue": true,
            "description": "Username",
            "schema": {}
          }
        ],
        "requestBody": {
          "content": {
            "application/json": {
              "schema": {
                "$ref": "#/components/schemas/UpdateProcessTakerDataRequest"
              }
            }
          }
        },
        "responses": {
          "404": {
            "description": "Not Found",
            "content": {
              "application/json": {
                "schema": {
                  "$ref": "#/components/schemas/ProblemDetails"
                }
              }
            }
          },
          "400": {
            "description": "Bad Request",
            "content": {
              "application/json": {
                "schema": {
                  "$ref": "#/components/schemas/ProblemDetails"
                }
              }
            }
          },
          "500": {
            "description": "Internal Server Error",
            "content": {
              "application/json": {
                "schema": {
                  "$ref": "#/components/schemas/Fault"
                }
              }
            }
          },
          "200": {
            "description": "Success",
            "content": {
              "application/json": {
                "schema": {
                  "$ref": "#/components/schemas/UpdateProcessTakerDataResponse"
                }
              }
            }
          }
        }
      }
    },
    "/v1/Life2Front/UpdateProcessResumeData": {
      "post": {
        "tags": [
          "Life2Front"
        ],
        "summary": "Update Process Payment Data",
        "operationId": "UpdateProcessResumeData",
        "parameters": [
          {
            "name": "Authorization",
            "in": "header",
            "description": "JWT Bearer Token",
            "schema": {}
          },
          {
            "name": "bsUser",
            "in": "header",
            "allowEmptyValue": true,
            "description": "User",
            "schema": {}
          },
          {
            "name": "bsUsername",
            "in": "header",
            "allowEmptyValue": true,
            "description": "Username",
            "schema": {}
          }
        ],
        "requestBody": {
          "content": {
            "application/json": {
              "schema": {
                "$ref": "#/components/schemas/UpdateProcessResumeDataRequest"
              }
            }
          }
        },
        "responses": {
          "404": {
            "description": "Not Found",
            "content": {
              "application/json": {
                "schema": {
                  "$ref": "#/components/schemas/ProblemDetails"
                }
              }
            }
          },
          "400": {
            "description": "Bad Request",
            "content": {
              "application/json": {
                "schema": {
                  "$ref": "#/components/schemas/ProblemDetails"
                }
              }
            }
          },
          "500": {
            "description": "Internal Server Error",
            "content": {
              "application/json": {
                "schema": {
                  "$ref": "#/components/schemas/Fault"
                }
              }
            }
          },
          "200": {
            "description": "Success",
            "content": {
              "application/json": {
                "schema": {
                  "$ref": "#/components/schemas/UpdateProcessResumeDataResponse"
                }
              }
            }
          }
        }
      }
    },
    "/v1/Life2Front/UpdateProcessFormalizationData": {
      "post": {
        "tags": [
          "Life2Front"
        ],
        "summary": "Update Process Documentation Data",
        "operationId": "UpdateProcessFormalizationData",
        "parameters": [
          {
            "name": "Authorization",
            "in": "header",
            "description": "JWT Bearer Token",
            "schema": {}
          },
          {
            "name": "bsUser",
            "in": "header",
            "allowEmptyValue": true,
            "description": "User",
            "schema": {}
          },
          {
            "name": "bsUsername",
            "in": "header",
            "allowEmptyValue": true,
            "description": "Username",
            "schema": {}
          }
        ],
        "requestBody": {
          "content": {
            "application/json": {
              "schema": {
                "$ref": "#/components/schemas/UpdateProcessFormalizationDataRequest"
              }
            }
          }
        },
        "responses": {
          "404": {
            "description": "Not Found",
            "content": {
              "application/json": {
                "schema": {
                  "$ref": "#/components/schemas/ProblemDetails"
                }
              }
            }
          },
          "400": {
            "description": "Bad Request",
            "content": {
              "application/json": {
                "schema": {
                  "$ref": "#/components/schemas/ProblemDetails"
                }
              }
            }
          },
          "500": {
            "description": "Internal Server Error",
            "content": {
              "application/json": {
                "schema": {
                  "$ref": "#/components/schemas/Fault"
                }
              }
            }
          },
          "200": {
            "description": "Success",
            "content": {
              "application/json": {
                "schema": {
                  "$ref": "#/components/schemas/UpdateProcessFormalizationDataResponse"
                }
              }
            }
          }
        }
      }
    },
    "/v1/Life2Front/GetProductConfiguration": {
      "post": {
        "tags": [
          "Life2Front"
        ],
        "summary": "Get Product Configuration",
        "operationId": "GetProductConfiguration",
        "parameters": [
          {
            "name": "Authorization",
            "in": "header",
            "description": "JWT Bearer Token",
            "schema": {}
          },
          {
            "name": "bsUser",
            "in": "header",
            "allowEmptyValue": true,
            "description": "User",
            "schema": {}
          },
          {
            "name": "bsUsername",
            "in": "header",
            "allowEmptyValue": true,
            "description": "Username",
            "schema": {}
          }
        ],
        "requestBody": {
          "content": {
            "application/json": {
              "schema": {
                "$ref": "#/components/schemas/GetProductConfigurationRequest"
              }
            }
          }
        },
        "responses": {
          "404": {
            "description": "Not Found",
            "content": {
              "application/json": {
                "schema": {
                  "$ref": "#/components/schemas/ProblemDetails"
                }
              }
            }
          },
          "400": {
            "description": "Bad Request",
            "content": {
              "application/json": {
                "schema": {
                  "$ref": "#/components/schemas/ProblemDetails"
                }
              }
            }
          },
          "500": {
            "description": "Internal Server Error",
            "content": {
              "application/json": {
                "schema": {
                  "$ref": "#/components/schemas/Fault"
                }
              }
            }
          },
          "200": {
            "description": "Success",
            "content": {
              "application/json": {
                "schema": {
                  "$ref": "#/components/schemas/GetProductConfigurationResponse"
                }
              }
            }
          }
        }
      }
    },
    "/v1/Life2Front/GetProcessDetail": {
      "post": {
        "tags": [
          "Life2Front"
        ],
        "operationId": "GetProcessDetail",
        "parameters": [
          {
            "name": "Authorization",
            "in": "header",
            "description": "JWT Bearer Token",
            "schema": {}
          },
          {
            "name": "bsUser",
            "in": "header",
            "allowEmptyValue": true,
            "description": "User",
            "schema": {}
          },
          {
            "name": "bsUsername",
            "in": "header",
            "allowEmptyValue": true,
            "description": "Username",
            "schema": {}
          }
        ],
        "requestBody": {
          "content": {
            "application/json": {
              "schema": {
                "$ref": "#/components/schemas/GetProcessDetailRequest"
              }
            }
          }
        },
        "responses": {
          "404": {
            "description": "Not Found",
            "content": {
              "application/json": {
                "schema": {
                  "$ref": "#/components/schemas/ProblemDetails"
                }
              }
            }
          },
          "400": {
            "description": "Bad Request",
            "content": {
              "application/json": {
                "schema": {
                  "$ref": "#/components/schemas/ProblemDetails"
                }
              }
            }
          },
          "500": {
            "description": "Server Error",
            "content": {
              "application/json": {
                "schema": {
                  "$ref": "#/components/schemas/Fault"
                }
              }
            }
          },
          "200": {
            "description": "Success",
            "content": {
              "application/json": {
                "schema": {
                  "$ref": "#/components/schemas/GetProcessDetailResponse"
                }
              }
            }
          }
        }
      }
    },
    "/v1/Life2Front/UpdateProductConfiguration": {
      "post": {
        "tags": [
          "Life2Front"
        ],
        "summary": "Update Product Configuration",
        "operationId": "UpdateProductConfiguration",
        "parameters": [
          {
            "name": "Authorization",
            "in": "header",
            "description": "JWT Bearer Token",
            "schema": {}
          },
          {
            "name": "bsUser",
            "in": "header",
            "allowEmptyValue": true,
            "description": "User",
            "schema": {}
          },
          {
            "name": "bsUsername",
            "in": "header",
            "allowEmptyValue": true,
            "description": "Username",
            "schema": {}
          }
        ],
        "requestBody": {
          "content": {
            "application/json": {
              "schema": {
                "$ref": "#/components/schemas/UpdateProductConfigurationRequest"
              }
            }
          }
        },
        "responses": {
          "404": {
            "description": "Not Found",
            "content": {
              "application/json": {
                "schema": {
                  "$ref": "#/components/schemas/ProblemDetails"
                }
              }
            }
          },
          "400": {
            "description": "Bad Request",
            "content": {
              "application/json": {
                "schema": {
                  "$ref": "#/components/schemas/ProblemDetails"
                }
              }
            }
          },
          "500": {
            "description": "Internal Server Error",
            "content": {
              "application/json": {
                "schema": {
                  "$ref": "#/components/schemas/Fault"
                }
              }
            }
          },
          "200": {
            "description": "Success",
            "content": {
              "application/json": {
                "schema": {
                  "$ref": "#/components/schemas/UpdateProductConfigurationResponse"
                }
              }
            }
          }
        }
      }
    },
    "/v1/Life2Front/InsertLogEntry": {
      "post": {
        "tags": [
          "Life2Front"
        ],
        "summary": "Insert Log Entry",
        "operationId": "InsertLogEntry",
        "parameters": [
          {
            "name": "Authorization",
            "in": "header",
            "description": "JWT Bearer Token",
            "schema": {}
          },
          {
            "name": "bsUser",
            "in": "header",
            "allowEmptyValue": true,
            "description": "User",
            "schema": {}
          },
          {
            "name": "bsUsername",
            "in": "header",
            "allowEmptyValue": true,
            "description": "Username",
            "schema": {}
          }
        ],
        "requestBody": {
          "content": {
            "application/json": {
              "schema": {
                "$ref": "#/components/schemas/InsertLogEntryRequest"
              }
            }
          }
        },
        "responses": {
          "404": {
            "description": "Not Found",
            "content": {
              "application/json": {
                "schema": {
                  "$ref": "#/components/schemas/ProblemDetails"
                }
              }
            }
          },
          "400": {
            "description": "Bad Request",
            "content": {
              "application/json": {
                "schema": {
                  "$ref": "#/components/schemas/ProblemDetails"
                }
              }
            }
          },
          "500": {
            "description": "Internal Server Error",
            "content": {
              "application/json": {
                "schema": {
                  "$ref": "#/components/schemas/Fault"
                }
              }
            }
          },
          "200": {
            "description": "Success",
            "content": {
              "application/json": {
                "schema": {
                  "$ref": "#/components/schemas/InsertLogEntryResponse"
                }
              }
            }
          }
        }
      }
    },
    "/v1/Life2Front/GetProposalDocDetail": {
      "post": {
        "tags": [
          "Life2Front"
        ],
        "operationId": "GetProposalDocDetail",
        "parameters": [
          {
            "name": "Authorization",
            "in": "header",
            "description": "JWT Bearer Token",
            "schema": {}
          },
          {
            "name": "bsUser",
            "in": "header",
            "allowEmptyValue": true,
            "description": "User",
            "schema": {}
          },
          {
            "name": "bsUsername",
            "in": "header",
            "allowEmptyValue": true,
            "description": "Username",
            "schema": {}
          }
        ],
        "requestBody": {
          "content": {
            "application/json": {
              "schema": {
                "$ref": "#/components/schemas/GetProposalDocDetailRequest"
              }
            }
          }
        },
        "responses": {
          "404": {
            "description": "Not Found",
            "content": {
              "application/json": {
                "schema": {
                  "$ref": "#/components/schemas/ProblemDetails"
                }
              }
            }
          },
          "400": {
            "description": "Bad Request",
            "content": {
              "application/json": {
                "schema": {
                  "$ref": "#/components/schemas/ProblemDetails"
                }
              }
            }
          },
          "500": {
            "description": "Server Error",
            "content": {
              "application/json": {
                "schema": {
                  "$ref": "#/components/schemas/Fault"
                }
              }
            }
          },
          "200": {
            "description": "Success",
            "content": {
              "application/json": {
                "schema": {
                  "$ref": "#/components/schemas/GetProposalDocDetailResponse"
                }
              }
            }
          }
        }
      }
    },
    "/v1/Life2Front/UpdateWASInformation": {
      "post": {
        "tags": [
          "Life2Front"
        ],
        "operationId": "UpdateWASInformation",
        "parameters": [
          {
            "name": "Authorization",
            "in": "header",
            "description": "JWT Bearer Token",
            "schema": {}
          },
          {
            "name": "bsUser",
            "in": "header",
            "allowEmptyValue": true,
            "description": "User",
            "schema": {}
          },
          {
            "name": "bsUsername",
            "in": "header",
            "allowEmptyValue": true,
            "description": "Username",
            "schema": {}
          }
        ],
        "requestBody": {
          "content": {
            "application/json": {
              "schema": {
                "$ref": "#/components/schemas/UpdateWasInformationRequest"
              }
            }
          }
        },
        "responses": {
          "404": {
            "description": "Not Found",
            "content": {
              "application/json": {
                "schema": {
                  "$ref": "#/components/schemas/ProblemDetails"
                }
              }
            }
          },
          "400": {
            "description": "Bad Request",
            "content": {
              "application/json": {
                "schema": {
                  "$ref": "#/components/schemas/ProblemDetails"
                }
              }
            }
          },
          "500": {
            "description": "Server Error",
            "content": {
              "application/json": {
                "schema": {
                  "$ref": "#/components/schemas/Fault"
                }
              }
            }
          },
          "200": {
            "description": "Success",
            "content": {
              "application/json": {
                "schema": {
                  "$ref": "#/components/schemas/UpdateWasInformationResponse"
                }
              }
            }
          }
        }
      }
    }
  },
  "components": {
    "schemas": {
      "Address": {
        "type": "object",
        "required": [
          "address",
          "artery",
          "locality",
          "postal_code"
        ],
        "properties": {
          "address": {
            "type": "string",
            "nullable": true
          },
          "postal_code": {
            "type": "string",
            "nullable": true
          },
          "locality": {
            "type": "string",
            "nullable": true
          },
          "artery": {
            "type": "string",
            "nullable": true
          }
        }
      },
      "QuestionOption": {
        "type": "object",
        "required": [
          "option_id"
        ],
        "properties": {
          "option_id": {
            "type": "string",
            "nullable": true
          },
          "text": {
            "type": "string",
            "nullable": true
          },
          "description": {
            "type": "string",
            "nullable": true
          },
          "parent_option": {
            "type": "string",
            "nullable": true
          },
          "flag": {
            "type": "string",
            "nullable": true
          },
          "action_dependent_question": {
            "type": "string",
            "nullable": true
          }
        }
      },
      "Question": {
        "type": "object",
        "required": [
          "description",
          "format",
          "order",
          "question_id",
          "type"
        ],
        "properties": {
          "question_id": {
            "type": "string",
            "nullable": true
          },
          "question_parent_id": {
            "type": "string",
            "nullable": true
          },
          "description": {
            "type": "string",
            "nullable": true
          },
          "type": {
            "type": "string",
            "nullable": true
          },
          "biometric_indicator": {
            "type": "string",
            "nullable": true
          },
          "order": {
            "type": "integer",
            "format": "int32"
          },
          "format": {
            "type": "integer",
            "format": "int32"
          },
          "siebel_value_list": {
            "type": "string",
            "nullable": true
          },
          "options_list": {
            "type": "array",
            "nullable": true,
            "items": {
              "$ref": "#/components/schemas/QuestionOption"
            }
          },
          "child_questions": {
            "type": "array",
            "nullable": true,
            "items": {
              "type": "string"
            }
          },
          "show_by_default": {
            "type": "integer",
            "format": "int32"
          },
          "anwser_id": {
            "type": "string",
            "nullable": true
          },
          "anwser_description": {
            "type": "string",
            "nullable": true
          },
          "selected_options_list": {
            "type": "array",
            "nullable": true,
            "items": {
              "$ref": "#/components/schemas/QuestionOption"
            }
          }
        }
      },
      "Questionary": {
        "type": "object",
        "required": [
          "description",
          "questionary_id",
          "questions"
        ],
        "properties": {
          "questionary_id": {
            "type": "string",
            "nullable": true
          },
          "description": {
            "type": "string",
            "nullable": true
          },
          "questions": {
            "type": "array",
            "nullable": true,
            "items": {
              "$ref": "#/components/schemas/Question"
            }
          }
        }
      },
      "LifeBeneficiary": {
        "type": "object",
        "required": [
          "birth_date",
          "email",
          "fiscal_address",
          "gender",
          "name",
          "nationality",
          "nif",
          "percentage",
          "phone"
        ],
        "properties": {
          "nif": {
            "type": "string",
            "nullable": true
          },
          "name": {
            "type": "string",
            "nullable": true
          },
          "nationality": {
            "type": "string",
            "nullable": true
          },
          "birth_date": {
            "type": "string",
            "nullable": true
          },
          "gender": {
            "type": "string",
            "nullable": true
          },
          "phone": {
            "type": "string",
            "nullable": true
          },
          "email": {
            "type": "string",
            "nullable": true
          },
          "fiscal_address": {
            "$ref": "#/components/schemas/Address"
          },
          "percentage": {
            "type": "number",
            "format": "double"
          }
        }
      },
      "DeathBeneficiary": {
        "type": "object",
        "required": [
          "birth_date",
          "email",
          "fiscal_address",
          "gender",
          "name",
          "nationality",
          "nif",
          "percentage",
          "phone"
        ],
        "properties": {
          "nif": {
            "type": "string",
            "nullable": true
          },
          "name": {
            "type": "string",
            "nullable": true
          },
          "nationality": {
            "type": "string",
            "nullable": true
          },
          "birth_date": {
            "type": "string",
            "nullable": true
          },
          "gender": {
            "type": "string",
            "nullable": true
          },
          "phone": {
            "type": "string",
            "nullable": true
          },
          "email": {
            "type": "string",
            "nullable": true
          },
          "fiscal_address": {
            "$ref": "#/components/schemas/Address"
          },
          "percentage": {
            "type": "number",
            "format": "double"
          }
        }
      },
      "Condition": {
        "type": "object",
        "required": [
          "type"
        ],
        "properties": {
          "type": {
            "type": "string",
            "nullable": true
          },
          "value": {
            "type": "string",
            "nullable": true
          },
          "maximum": {
            "type": "string",
            "nullable": true
          },
          "minimum": {
            "type": "string",
            "nullable": true
          }
        }
      },
      "CoverageDependency": {
        "type": "object",
        "required": [
          "coverage"
        ],
        "properties": {
          "coverage": {
            "type": "string",
            "nullable": true
          },
          "type": {
            "type": "string",
            "nullable": true
          },
          "description": {
            "type": "string",
            "nullable": true
          },
          "scope": {
            "type": "string",
            "nullable": true
          }
        }
      },
      "Coverage": {
        "type": "object",
        "required": [
          "capital_default",
          "capital_max",
          "capital_min",
          "capital_selected",
          "description",
          "id",
          "selected",
          "selected_default"
        ],
        "properties": {
          "id": {
            "type": "string",
            "nullable": true
          },
          "description": {
            "type": "string",
            "nullable": true
          },
          "capital_selected": {
            "type": "number",
            "format": "double"
          },
          "capital_default": {
            "type": "number",
            "format": "double"
          },
          "capital_min": {
            "type": "number",
            "format": "double"
          },
          "capital_max": {
            "type": "number",
            "format": "double"
          },
          "selected": {
            "type": "integer",
            "format": "int32"
          },
          "selected_default": {
            "type": "integer",
            "format": "int32"
          },
          "category": {
            "type": "string",
            "nullable": true
          },
          "aditional_information": {
            "type": "string",
            "nullable": true
          },
          "capital_type": {
            "type": "string",
            "nullable": true
          },
          "scope": {
            "type": "string",
            "nullable": true
          },
          "start_date": {
            "type": "string",
            "format": "date-time"
          },
          "end_date": {
            "type": "string",
            "format": "date-time"
          },
          "order": {
            "type": "integer",
            "format": "int32"
          },
          "coverageConditions": {
            "type": "array",
            "nullable": true,
            "items": {
              "$ref": "#/components/schemas/Condition"
            }
          },
          "coverageDependencies": {
            "type": "array",
            "nullable": true,
            "items": {
              "$ref": "#/components/schemas/CoverageDependency"
            }
          },
          "value": {
            "type": "string",
            "nullable": true
          },
          "risk_code": {
            "type": "string",
            "nullable": true
          }
        }
      },
      "BeneficiaryOption": {
        "type": "object",
        "required": [
          "clause",
          "description",
          "designate",
          "sending_indicator"
        ],
        "properties": {
          "clause": {
            "type": "string",
            "nullable": true
          },
          "description": {
            "type": "string",
            "nullable": true
          },
          "designate": {
            "type": "string",
            "nullable": true
          },
          "sending_indicator": {
            "type": "string",
            "nullable": true
          }
        }
      },
      "Beneficiary": {
        "type": "object",
        "required": [
          "creditor",
          "description",
          "options",
          "type"
        ],
        "properties": {
          "creditor": {
            "type": "string",
            "nullable": true
          },
          "type": {
            "type": "string",
            "nullable": true
          },
          "description": {
            "type": "string",
            "nullable": true
          },
          "options": {
            "type": "array",
            "nullable": true,
            "items": {
              "$ref": "#/components/schemas/BeneficiaryOption"
            }
          }
        }
      },
      "Plan": {
        "type": "object",
        "required": [
          "capital",
          "coverages",
          "description",
          "id"
        ],
        "properties": {
          "id": {
            "type": "string",
            "nullable": true
          },
          "capital": {
            "type": "number",
            "format": "double"
          },
          "entity_type": {
            "type": "string",
            "nullable": true
          },
          "coverages": {
            "type": "array",
            "nullable": true,
            "items": {
              "$ref": "#/components/schemas/Coverage"
            }
          },
          "description": {
            "type": "string",
            "nullable": true
          },
          "beneficiaries": {
            "type": "array",
            "nullable": true,
            "items": {
              "$ref": "#/components/schemas/Beneficiary"
            }
          },
          "conditions": {
            "type": "array",
            "nullable": true,
            "items": {
              "$ref": "#/components/schemas/Condition"
            }
          }
        }
      },
      "InsuredPerson": {
        "type": "object",
        "required": [
          "birth_date"
        ],
        "properties": {
          "nif": {
            "type": "string",
            "nullable": true
          },
          "birth_date": {
            "type": "string",
            "format": "date-time"
          },
          "profession": {
            "type": "string",
            "nullable": true
          },
          "relation_to_first_insured_person": {
            "type": "string",
            "nullable": true
          },
          "name": {
            "type": "string",
            "nullable": true
          },
          "nationality": {
            "type": "string",
            "nullable": true
          },
          "genre": {
            "type": "string",
            "nullable": true
          },
          "phone": {
            "type": "string",
            "nullable": true
          },
          "email": {
            "type": "string",
            "nullable": true
          },
          "medical_exams": {
            "type": "string",
            "format": "date-time"
          },
          "life_beneficiary_option": {
            "type": "string",
            "nullable": true
          },
          "death_beneficiary_option": {
            "type": "string",
            "nullable": true
          },
          "fiscal_address": {
            "$ref": "#/components/schemas/Address"
          },
          "billing_address": {
            "$ref": "#/components/schemas/Address"
          },
          "questionaries": {
            "type": "array",
            "nullable": true,
            "items": {
              "$ref": "#/components/schemas/Questionary"
            }
          },
          "life_beneficiary": {
            "type": "array",
            "nullable": true,
            "items": {
              "$ref": "#/components/schemas/LifeBeneficiary"
            }
          },
          "death_beneficiary": {
            "type": "array",
            "nullable": true,
            "items": {
              "$ref": "#/components/schemas/DeathBeneficiary"
            }
          },
          "selected_plan": {
            "type": "string",
            "nullable": true
          },
          "total_capital": {
            "type": "number",
            "format": "double"
          },
          "professional_bond": {
            "type": "string",
            "nullable": true
          },
          "professional_question_id": {
            "type": "string",
            "nullable": true
          },
          "professional_question_description": {
            "type": "string",
            "nullable": true
          },
          "id_professional_question_answer": {
            "type": "string",
            "nullable": true
          },
          "professional_question_answer": {
            "type": "string",
            "nullable": true
          },
          "plans": {
            "type": "array",
            "nullable": true,
            "items": {
              "$ref": "#/components/schemas/Plan"
            }
          },
          "dni": {
            "type": "string",
            "nullable": true
          }
        }
      },
      "CapitalEvolution": {
        "type": "object",
        "required": [
          "amount",
          "year"
        ],
        "properties": {
          "year": {
            "type": "integer",
            "format": "int32"
          },
          "amount": {
            "type": "number",
            "format": "double"
          }
        }
      },
      "UpdateProcessGenericDataInput": {
        "type": "object",
        "required": [
          "auto_loan_update",
          "insured_capital",
          "insured_persons",
          "mortgage_lender",
          "product_code",
          "start_date",
          "taker_same_as_insured"
        ],
        "properties": {
          "product_code": {
            "type": "string",
            "nullable": true
          },
          "start_date": {
            "type": "string",
            "format": "date-time"
          },
          "insured_capital": {
            "type": "number",
            "format": "double"
          },
          "duration": {
            "type": "integer",
            "format": "int32"
          },
          "taker_nif": {
            "type": "string",
            "nullable": true
          },
          "insured_persons": {
            "type": "array",
            "nullable": true,
            "items": {
              "$ref": "#/components/schemas/InsuredPerson"
            }
          },
          "protocol_code": {
            "type": "string",
            "nullable": true
          },
          "mortgage_lender": {
            "type": "integer",
            "format": "int32"
          },
          "taker_same_as_insured": {
            "type": "integer",
            "format": "int32"
          },
          "auto_loan_update": {
            "type": "integer",
            "format": "int32"
          },
          "client_type": {
            "type": "string",
            "nullable": true
          },
          "eni": {
            "type": "integer",
            "format": "int32"
          },
          "dni": {
            "type": "string",
            "nullable": true
          },
          "capital_evolution": {
            "type": "array",
            "nullable": true,
            "items": {
              "$ref": "#/components/schemas/CapitalEvolution"
            }
          },
          "redux_store": {
            "type": "object",
            "nullable": true,
            "additionalProperties": {
              "type": "object"
            }
          }
        }
      },
      "UpdateProcessGenericDataRequest": {
        "type": "object",
        "required": [
          "input"
        ],
        "properties": {
          "input": {
            "$ref": "#/components/schemas/UpdateProcessGenericDataInput"
          }
        }
      },
      "ProblemDetails": {
        "type": "object",
        "additionalProperties": {
          "type": "object"
        },
        "properties": {
          "type": {
            "type": "string",
            "nullable": true
          },
          "title": {
            "type": "string",
            "nullable": true
          },
          "status": {
            "type": "integer",
            "format": "int32",
            "nullable": true
          },
          "detail": {
            "type": "string",
            "nullable": true
          },
          "instance": {
            "type": "string",
            "nullable": true
          }
        }
      },
      "Fault": {
        "type": "object"
      },
      "GenericResponse": {
        "type": "object",
        "required": [
          "error_message",
          "status"
        ],
        "properties": {
          "status": {
            "type": "integer",
            "format": "int32"
          },
          "error_message": {
            "type": "string",
            "nullable": true
          },
          "process_id": {
            "type": "integer",
            "format": "int32"
          }
        }
      },
      "UpdateProcessGenericDataResponse": {
        "type": "object",
        "required": [
          "output"
        ],
        "properties": {
          "output": {
            "$ref": "#/components/schemas/GenericResponse"
          }
        }
      },
      "Consent": {
        "type": "object",
        "required": [
          "answer",
          "code"
        ],
        "properties": {
          "code": {
            "type": "string",
            "nullable": true
          },
          "answer": {
            "type": "string",
            "nullable": true
          }
        }
      },
      "UpdateProcessSimulationDataInput": {
        "type": "object",
        "required": [
          "consents",
          "discount",
          "email",
          "frequency",
          "name",
          "nif",
          "phone",
          "plans",
          "process_id",
          "selected_plan"
        ],
        "properties": {
          "campaign": {
            "type": "string",
            "nullable": true
          },
          "cross_sell": {
            "type": "string",
            "nullable": true
          },
          "discount": {
            "type": "number",
            "format": "double"
          },
          "process_id": {
            "type": "integer",
            "format": "int32"
          },
          "plans": {
            "type": "array",
            "nullable": true,
            "items": {
              "$ref": "#/components/schemas/Plan"
            }
          },
          "nif": {
            "type": "string",
            "nullable": true
          },
          "name": {
            "type": "string",
            "nullable": true
          },
          "phone": {
            "type": "string",
            "nullable": true
          },
          "email": {
            "type": "string",
            "nullable": true
          },
          "frequency": {
            "type": "string",
            "nullable": true
          },
          "selected_plan": {
            "type": "string",
            "nullable": true
          },
          "consents": {
            "type": "array",
            "nullable": true,
            "items": {
              "$ref": "#/components/schemas/Consent"
            }
          },
          "redux_store": {
            "type": "object",
            "nullable": true,
            "additionalProperties": {
              "type": "object"
            }
          }
        }
      },
      "UpdateProcessSimulationDataRequest": {
        "type": "object",
        "required": [
          "input"
        ],
        "properties": {
          "input": {
            "$ref": "#/components/schemas/UpdateProcessSimulationDataInput"
          }
        }
      },
      "UpdateProcessSimulationDataResponse": {
        "type": "object",
        "required": [
          "output"
        ],
        "properties": {
          "output": {
            "$ref": "#/components/schemas/GenericResponse"
          }
        }
      },
      "UpdateProcessRiskDataInput": {
        "type": "object",
        "required": [
          "creditor_entity",
          "current_amount",
          "initial_amount",
          "insured_amount",
          "insured_persons",
          "loan_number",
          "loan_start_date",
          "process_id",
          "start_date",
          "update_frequency"
        ],
        "properties": {
          "process_id": {
            "type": "integer",
            "format": "int32"
          },
          "start_date": {
            "type": "string",
            "format": "date-time"
          },
          "insured_persons": {
            "type": "array",
            "nullable": true,
            "items": {
              "$ref": "#/components/schemas/InsuredPerson"
            }
          },
          "creditor_entity": {
            "type": "string",
            "nullable": true
          },
          "update_frequency": {
            "type": "string",
            "nullable": true
          },
          "loan_number": {
            "type": "string",
            "nullable": true
          },
          "initial_amount": {
            "type": "string",
            "nullable": true
          },
          "current_amount": {
            "type": "string",
            "nullable": true
          },
          "insured_amount": {
            "type": "string",
            "nullable": true
          },
          "loan_start_date": {
            "type": "string",
            "format": "date-time"
          },
          "redux_store": {
            "type": "object",
            "nullable": true,
            "additionalProperties": {
              "type": "object"
            }
          }
        }
      },
      "UpdateProcessRiskDataRequest": {
        "type": "object",
        "required": [
          "input"
        ],
        "properties": {
          "input": {
            "$ref": "#/components/schemas/UpdateProcessRiskDataInput"
          }
        }
      },
      "UpdateProcessRiskDataResponse": {
        "type": "object",
        "required": [
          "output"
        ],
        "properties": {
          "output": {
            "$ref": "#/components/schemas/GenericResponse"
          }
        }
      },
      "UpdateProcessTakerDataInput": {
        "type": "object",
        "required": [
          "billing_address",
          "client_type",
          "consent",
          "email",
          "eni",
          "fiscal_address",
          "gender",
          "mobile_phone",
          "name",
          "nationality",
          "nif",
          "process_id"
        ],
        "properties": {
          "process_id": {
            "type": "integer",
            "format": "int32"
          },
          "nif": {
            "type": "string",
            "nullable": true
          },
          "name": {
            "type": "string",
            "nullable": true
          },
          "nationality": {
            "type": "string",
            "nullable": true
          },
          "birth_date": {
            "type": "string",
            "format": "date-time"
          },
          "gender": {
            "type": "string",
            "nullable": true
          },
          "cae": {
            "type": "string",
            "nullable": true
          },
          "protocol_number": {
            "type": "string",
            "nullable": true
          },
          "billing_address": {
            "$ref": "#/components/schemas/Address"
          },
          "fiscal_address": {
            "$ref": "#/components/schemas/Address"
          },
          "phone": {
            "type": "string",
            "nullable": true
          },
          "mobile_phone": {
            "type": "string",
            "nullable": true
          },
          "email": {
            "type": "string",
            "nullable": true
          },
          "document_type": {
            "type": "string",
            "nullable": true
          },
          "document_number": {
            "type": "string",
            "nullable": true
          },
          "document_date": {
            "type": "string",
            "format": "date-time"
          },
          "client_type": {
            "type": "string",
            "nullable": true
          },
          "eni": {
            "type": "integer",
            "format": "int32"
          },
          "consent": {
            "type": "array",
            "nullable": true,
            "items": {
              "$ref": "#/components/schemas/Consent"
            }
          },
          "redux_store": {
            "type": "object",
            "nullable": true,
            "additionalProperties": {
              "type": "object"
            }
          }
        }
      },
      "UpdateProcessTakerDataRequest": {
        "type": "object",
        "required": [
          "input"
        ],
        "properties": {
          "input": {
            "$ref": "#/components/schemas/UpdateProcessTakerDataInput"
          }
        }
      },
      "UpdateProcessTakerDataResponse": {
        "type": "object",
        "required": [
          "output"
        ],
        "properties": {
          "output": {
            "$ref": "#/components/schemas/GenericResponse"
          }
        }
      },
      "UpdateProcessResumeDataInput": {
        "type": "object",
        "required": [
          "process_id"
        ],
        "properties": {
          "process_id": {
            "type": "integer",
            "format": "int32"
          },
          "redux_store": {
            "type": "object",
            "nullable": true,
            "additionalProperties": {
              "type": "object"
            }
          }
        }
      },
      "UpdateProcessResumeDataRequest": {
        "type": "object",
        "required": [
          "input"
        ],
        "properties": {
          "input": {
            "$ref": "#/components/schemas/UpdateProcessResumeDataInput"
          }
        }
      },
      "UpdateProcessResumeDataResponse": {
        "type": "object",
        "required": [
          "output"
        ],
        "properties": {
          "output": {
            "$ref": "#/components/schemas/GenericResponse"
          }
        }
      },
      "Charge": {
        "type": "object",
        "required": [
          "distinct_first_invoice",
          "entity",
          "first_invoice_type",
          "phone"
        ],
        "properties": {
          "entity": {
            "type": "string",
            "nullable": true
          },
          "iban": {
            "type": "string",
            "nullable": true
          },
          "distinct_first_invoice": {
            "type": "integer",
            "format": "int32"
          },
          "phone": {
            "type": "string",
            "nullable": true
          },
          "first_invoice_type": {
            "type": "string",
            "nullable": true
          }
        }
      },
      "UpdateProcessFormalizationDataInput": {
        "type": "object",
        "required": [
          "charge",
          "digital_documentation",
          "documentation_sending_way",
          "fractionation",
          "process_id",
          "signature_type"
        ],
        "properties": {
          "process_id": {
            "type": "integer",
            "format": "int32"
          },
          "fractionation": {
            "type": "string",
            "nullable": true
          },
          "signature_type": {
            "type": "string",
            "nullable": true
          },
          "documentation_email": {
            "type": "string",
            "nullable": true
          },
          "otp_phone": {
            "type": "string",
            "nullable": true
          },
          "documentation_sending_way": {
            "type": "string",
            "nullable": true
          },
          "digital_documentation": {
            "type": "integer",
            "format": "int32"
          },
          "digital_documentation_email": {
            "type": "string",
            "nullable": true
          },
          "ppe_taker_secured": {
            "type": "integer",
            "format": "int32"
          },
          "ppe_related": {
            "type": "integer",
            "format": "int32"
          },
          "ppe_description": {
            "type": "string",
            "nullable": true
          },
          "charge": {
            "$ref": "#/components/schemas/Charge"
          },
          "redux_store": {
            "type": "object",
            "nullable": true,
            "additionalProperties": {
              "type": "object"
            }
          }
        }
      },
      "UpdateProcessFormalizationDataRequest": {
        "type": "object",
        "required": [
          "input"
        ],
        "properties": {
          "input": {
            "$ref": "#/components/schemas/UpdateProcessFormalizationDataInput"
          }
        }
      },
      "UpdateProcessFormalizationDataResponse": {
        "type": "object",
        "required": [
          "output"
        ],
        "properties": {
          "output": {
            "$ref": "#/components/schemas/GenericResponse"
          }
        }
      },
      "GetProductConfigurationInput": {
        "type": "object",
        "required": [
          "questionaries"
        ],
        "properties": {
          "product_code": {
            "type": "string",
            "nullable": true
          },
          "component": {
            "type": "string",
            "nullable": true
          },
          "questionaries": {
            "type": "integer",
            "format": "int32"
          }
        }
      },
      "GetProductConfigurationRequest": {
        "type": "object",
        "required": [
          "input"
        ],
        "properties": {
          "input": {
            "$ref": "#/components/schemas/GetProductConfigurationInput"
          }
        }
      },
      "ProductCode": {
        "type": "object",
        "required": [
          "code",
          "group",
          "group_description"
        ],
        "properties": {
          "group": {
            "type": "string",
            "nullable": true
          },
          "group_description": {
            "type": "string",
            "nullable": true
          },
          "code": {
            "type": "string",
            "nullable": true
          },
          "description": {
            "type": "string",
            "nullable": true
          },
          "external_code": {
            "type": "string",
            "nullable": true
          },
          "subtype": {
            "type": "string",
            "nullable": true
          },
          "order": {
            "type": "integer",
            "format": "int32"
          },
          "low": {
            "type": "string",
            "nullable": true
          },
          "high": {
            "type": "string",
            "nullable": true
          },
          "classe": {
            "type": "string",
            "nullable": true
          }
        }
      },
      "ProductValue": {
        "type": "object",
        "required": [
          "code",
          "component",
          "group",
          "group_description",
          "value"
        ],
        "properties": {
          "component": {
            "type": "string",
            "nullable": true
          },
          "group": {
            "type": "string",
            "nullable": true
          },
          "group_description": {
            "type": "string",
            "nullable": true
          },
          "code": {
            "type": "string",
            "nullable": true
          },
          "description": {
            "type": "string",
            "nullable": true
          },
          "value": {
            "type": "string",
            "nullable": true
          }
        }
      },
      "ProductState": {
        "type": "object",
        "required": [
          "description",
          "group",
          "next_state",
          "state_code"
        ],
        "properties": {
          "state_code": {
            "type": "integer",
            "format": "int32"
          },
          "description": {
            "type": "string",
            "nullable": true
          },
          "group": {
            "type": "string",
            "nullable": true
          },
          "next_state": {
            "type": "string",
            "nullable": true
          }
        }
      },
      "Product": {
        "type": "object",
        "required": [
          "operator_Log_level",
          "plans",
          "product_code",
          "product_codes",
          "product_values",
          "questionaries",
          "web_Log_level"
        ],
        "properties": {
          "product_code": {
            "type": "string",
            "nullable": true
          },
          "description": {
            "type": "string",
            "nullable": true
          },
          "product_type": {
            "type": "string",
            "nullable": true
          },
          "company": {
            "type": "string",
            "nullable": true
          },
          "policy_cost": {
            "type": "number",
            "format": "double"
          },
          "branch": {
            "type": "string",
            "nullable": true
          },
          "operator_Log_level": {
            "type": "integer",
            "format": "int32"
          },
          "web_Log_level": {
            "type": "integer",
            "format": "int32"
          },
          "product_codes": {
            "type": "array",
            "nullable": true,
            "items": {
              "$ref": "#/components/schemas/ProductCode"
            }
          },
          "product_values": {
            "type": "array",
            "nullable": true,
            "items": {
              "$ref": "#/components/schemas/ProductValue"
            }
          },
          "product_states": {
            "type": "array",
            "nullable": true,
            "items": {
              "$ref": "#/components/schemas/ProductState"
            }
          },
          "questionaries": {
            "type": "array",
            "nullable": true,
            "items": {
              "$ref": "#/components/schemas/Questionary"
            }
          },
          "plans": {
            "type": "array",
            "nullable": true,
            "items": {
              "$ref": "#/components/schemas/Plan"
            }
          },
          "distinct_coverages": {
            "type": "array",
            "nullable": true,
            "items": {
              "$ref": "#/components/schemas/Coverage"
            }
          }
        }
      },
      "Clause": {
        "type": "object",
        "required": [
          "code"
        ],
        "properties": {
          "code": {
            "type": "string",
            "nullable": true
          },
          "id": {
            "type": "string",
            "nullable": true
          },
          "clause_type": {
            "type": "string",
            "nullable": true
          },
          "clause_cd_type": {
            "type": "string",
            "nullable": true
          },
          "visible": {
            "type": "string",
            "nullable": true
          },
          "description": {
            "type": "string",
            "nullable": true
          },
          "send_type": {
            "type": "string",
            "nullable": true
          },
          "type": {
            "type": "string",
            "nullable": true
          },
          "insurance_type": {
            "type": "string",
            "nullable": true
          },
          "company": {
            "type": "string",
            "nullable": true
          },
          "document_id": {
            "type": "string",
            "nullable": true
          }
        }
      },
      "GetProductConfigurationOutput": {
        "type": "object",
        "required": [
          "error_message",
          "generalConfigurationValues",
          "products",
          "status"
        ],
        "properties": {
          "status": {
            "type": "integer",
            "format": "int32"
          },
          "error_message": {
            "type": "string",
            "nullable": true
          },
          "products": {
            "type": "array",
            "nullable": true,
            "items": {
              "$ref": "#/components/schemas/Product"
            }
          },
          "generalConfigurationValues": {
            "type": "array",
            "nullable": true,
            "items": {
              "$ref": "#/components/schemas/ProductValue"
            }
          },
          "clauses": {
            "type": "array",
            "nullable": true,
            "items": {
              "$ref": "#/components/schemas/Clause"
            }
          }
        }
      },
      "GetProductConfigurationResponse": {
        "type": "object",
        "required": [
          "output"
        ],
        "properties": {
          "output": {
            "$ref": "#/components/schemas/GetProductConfigurationOutput"
          }
        }
      },
      "GetProcessDetailInput": {
        "type": "object",
        "properties": {
          "process_id": {
            "type": "integer",
            "format": "int32"
          },
          "redux": {
            "type": "integer",
            "format": "int32"
          }
        }
      },
      "GetProcessDetailRequest": {
        "type": "object",
        "required": [
          "input"
        ],
        "properties": {
          "input": {
            "$ref": "#/components/schemas/GetProcessDetailInput"
          }
        }
      },
      "Process": {
        "type": "object",
        "required": [
          "initial_date",
          "process_id",
          "product_code",
          "product_description",
          "state",
          "state_description"
        ],
        "properties": {
          "process_id": {
            "type": "integer",
            "format": "int32"
          },
          "product_code": {
            "type": "string",
            "nullable": true
          },
          "product_description": {
            "type": "string",
            "nullable": true
          },
          "state": {
            "type": "integer",
            "format": "int32"
          },
          "state_description": {
            "type": "string",
            "nullable": true
          },
          "initial_date": {
            "type": "string",
            "format": "date-time"
          },
          "proposal_number": {
            "type": "string",
            "nullable": true
          },
          "policy_number": {
            "type": "string",
            "nullable": true
          },
          "agent_id": {
            "type": "integer",
            "format": "int32"
          },
          "signature_date": {
            "type": "string",
            "format": "date-time"
          },
          "print_date": {
            "type": "string",
            "format": "date-time"
          }
        }
      },
      "Taker": {
        "type": "object",
        "required": [
          "nif"
        ],
        "properties": {
          "nif": {
            "type": "string",
            "nullable": true
          },
          "birth_date": {
            "type": "string",
            "format": "date-time"
          },
          "name": {
            "type": "string",
            "nullable": true
          },
          "genre": {
            "type": "string",
            "nullable": true
          },
          "phone": {
            "type": "string",
            "nullable": true
          },
          "email": {
            "type": "string",
            "nullable": true
          },
          "dni": {
            "type": "string",
            "nullable": true
          }
        }
      },
      "RejectReason": {
        "type": "object",
        "properties": {
          "id": {
            "type": "string",
            "nullable": true
          },
          "description": {
            "type": "string",
            "nullable": true
          }
        }
      },
      "Historic": {
        "type": "object",
        "properties": {
          "data": {
            "type": "string",
            "nullable": true
          },
          "status": {
            "type": "string",
            "nullable": true
          }
        }
      },
      "DigitInformation": {
        "type": "object",
        "properties": {
          "digitStatus": {
            "type": "string",
            "nullable": true
          },
          "opticalKey": {
            "type": "string",
            "nullable": true
          },
          "filenetId": {
            "type": "string",
            "nullable": true
          },
          "rejectReasonList": {
            "type": "array",
            "nullable": true,
            "items": {
              "$ref": "#/components/schemas/RejectReason"
            }
          },
          "obs": {
            "type": "string",
            "nullable": true
          },
          "historicList": {
            "type": "array",
            "nullable": true,
            "items": {
              "$ref": "#/components/schemas/Historic"
            }
          }
        }
      },
      "IntervenientCoverage": {
        "type": "object",
        "properties": {
          "coverageCode": {
            "type": "string",
            "nullable": true
          },
          "coverageDescription": {
            "type": "string",
            "nullable": true
          },
          "exclusionIndicator": {
            "type": "string",
            "nullable": true
          }
        }
      },
      "Intervenient": {
        "type": "object",
        "properties": {
          "acceptanceDate": {
            "type": "string",
            "nullable": true
          },
          "contractStartDate": {
            "type": "string",
            "nullable": true
          },
          "coverageList": {
            "type": "array",
            "nullable": true,
            "items": {
              "$ref": "#/components/schemas/IntervenientCoverage"
            }
          },
          "fiscalNumber": {
            "type": "string",
            "nullable": true
          },
          "insuredAmount": {
            "type": "string",
            "nullable": true
          },
          "name": {
            "type": "string",
            "nullable": true
          },
          "percentage": {
            "type": "string",
            "nullable": true
          },
          "statusCode": {
            "type": "string",
            "nullable": true
          },
          "statusDescription": {
            "type": "string",
            "nullable": true
          },
          "type": {
            "type": "string",
            "nullable": true
          }
        }
      },
      "ActionHistory": {
        "type": "object",
        "required": [
          "actionType",
          "date",
          "status",
          "text"
        ],
        "properties": {
          "actionType": {
            "type": "string",
            "nullable": true
          },
          "date": {
            "type": "string",
            "nullable": true
          },
          "status": {
            "type": "string",
            "nullable": true
          },
          "text": {
            "type": "string",
            "nullable": true
          }
        }
      },
      "Proposal": {
        "type": "object",
        "properties": {
          "proposalNumber": {
            "type": "string",
            "nullable": true
          },
          "policyNumber": {
            "type": "string",
            "nullable": true
          },
          "statusCode": {
            "type": "string",
            "nullable": true
          },
          "statusDescription": {
            "type": "string",
            "nullable": true
          },
          "premium": {
            "type": "string",
            "nullable": true
          },
          "frequency": {
            "type": "string",
            "nullable": true
          },
          "validationDate": {
            "type": "string",
            "nullable": true
          },
          "intervList": {
            "type": "array",
            "nullable": true,
            "items": {
              "$ref": "#/components/schemas/Intervenient"
            }
          },
          "actionHistoryList": {
            "type": "array",
            "nullable": true,
            "items": {
              "$ref": "#/components/schemas/ActionHistory"
            }
          }
        }
      },
      "InsuranceWAS": {
        "type": "object",
        "properties": {
          "simulationNumber": {
            "type": "string",
            "nullable": true
          },
          "wasNumber": {
            "type": "string",
            "nullable": true
          },
          "proposalList": {
            "type": "array",
            "nullable": true,
            "items": {
              "$ref": "#/components/schemas/Proposal"
            }
          }
        }
      },
      "GetProcessDetailOutput": {
        "type": "object",
        "required": [
          "error_message",
          "insured_persons",
          "process",
          "status",
          "taker"
        ],
        "properties": {
          "status": {
            "type": "integer",
            "format": "int32"
          },
          "error_message": {
            "type": "string",
            "nullable": true
          },
          "process": {
            "$ref": "#/components/schemas/Process"
          },
          "taker": {
            "$ref": "#/components/schemas/Taker"
          },
          "insured_persons": {
            "type": "array",
            "nullable": true,
            "items": {
              "$ref": "#/components/schemas/InsuredPerson"
            }
          },
          "digitInformationList": {
            "type": "array",
            "nullable": true,
            "items": {
              "$ref": "#/components/schemas/DigitInformation"
            }
          },
          "insuranceWas": {
            "$ref": "#/components/schemas/InsuranceWAS"
          },
          "redux_store": {
            "type": "object",
            "nullable": true,
            "additionalProperties": {
              "type": "object"
            }
          }
        }
      },
      "GetProcessDetailResponse": {
        "type": "object",
        "required": [
          "output"
        ],
        "properties": {
          "output": {
            "$ref": "#/components/schemas/GetProcessDetailOutput"
          }
        }
      },
      "UpdateProductConfigurationInput": {
        "type": "object",
        "properties": {
          "product": {
            "$ref": "#/components/schemas/Product"
          },
          "clauses": {
            "type": "array",
            "nullable": true,
            "items": {
              "$ref": "#/components/schemas/Clause"
            }
          }
        }
      },
      "UpdateProductConfigurationRequest": {
        "type": "object",
        "properties": {
          "input": {
            "$ref": "#/components/schemas/UpdateProductConfigurationInput"
          }
        }
      },
      "UpdateProductConfigurationResponse": {
        "type": "object",
        "properties": {
          "output": {
            "$ref": "#/components/schemas/GenericResponse"
          }
        }
      },
      "InsertLogEntryInput": {
        "type": "object",
        "required": [
          "component",
          "context",
          "machine",
          "message",
          "method",
          "process_id",
          "type"
        ],
        "properties": {
          "process_id": {
            "type": "integer",
            "format": "int32"
          },
          "component": {
            "type": "string",
            "nullable": true
          },
          "type": {
            "type": "string",
            "nullable": true
          },
          "method": {
            "type": "string",
            "nullable": true
          },
          "message": {
            "type": "string",
            "nullable": true
          },
          "input": {
            "type": "string",
            "nullable": true
          },
          "output": {
            "type": "string",
            "nullable": true
          },
          "context": {
            "type": "string",
            "nullable": true
          },
          "machine": {
            "type": "string",
            "nullable": true
          }
        }
      },
      "InsertLogEntryRequest": {
        "type": "object",
        "required": [
          "input"
        ],
        "properties": {
          "input": {
            "$ref": "#/components/schemas/InsertLogEntryInput"
          }
        }
      },
      "InsertLogEntryResponse": {
        "type": "object",
        "required": [
          "output"
        ],
        "properties": {
          "output": {
            "$ref": "#/components/schemas/GenericResponse"
          }
        }
      },
      "GetProposalDocDetailInput": {
        "type": "object",
        "properties": {
          "aia_proposal_number": {
            "type": "string",
            "nullable": true
          }
        }
      },
      "GetProposalDocDetailRequest": {
        "type": "object",
        "required": [
          "input"
        ],
        "properties": {
          "input": {
            "$ref": "#/components/schemas/GetProposalDocDetailInput"
          }
        }
      },
      "GetProposalDocDetailOutput": {
        "type": "object",
        "required": [
          "branch",
          "branchCode",
          "company",
          "companyCode",
          "error_message",
          "nif",
          "opticLine",
          "origin",
          "partnerCode",
          "policyNumber",
          "product",
          "productCode",
          "proposal",
          "status",
          "transaction",
          "validationRequired"
        ],
        "properties": {
          "status": {
            "type": "integer",
            "format": "int32"
          },
          "error_message": {
            "type": "string",
            "nullable": true
          },
          "companyCode": {
            "type": "string",
            "nullable": true
          },
          "company": {
            "type": "string",
            "nullable": true
          },
          "branchCode": {
            "type": "string",
            "nullable": true
          },
          "branch": {
            "type": "string",
            "nullable": true
          },
          "productCode": {
            "type": "string",
            "nullable": true
          },
          "product": {
            "type": "string",
            "nullable": true
          },
          "origin": {
            "type": "string",
            "nullable": true
          },
          "proposal": {
            "type": "string",
            "nullable": true
          },
          "validationRequired": {
            "type": "boolean"
          },
          "policyNumber": {
            "type": "string",
            "nullable": true
          },
          "nif": {
            "type": "string",
            "nullable": true
          },
          "partnerCode": {
            "type": "string",
            "nullable": true
          },
          "transaction": {
            "type": "string",
            "nullable": true
          },
          "opticLine": {
            "type": "string",
            "nullable": true
          }
        }
      },
      "GetProposalDocDetailResponse": {
        "type": "object",
        "required": [
          "output"
        ],
        "properties": {
          "output": {
            "$ref": "#/components/schemas/GetProposalDocDetailOutput"
          }
        }
      },
      "UpdateWasInformationInputData": {
        "type": "object",
        "properties": {
          "digitInformationList": {
            "type": "array",
            "nullable": true,
            "items": {
              "$ref": "#/components/schemas/DigitInformation"
            }
          },
          "insuranceWAS": {
            "$ref": "#/components/schemas/InsuranceWAS"
          }
        }
      },
      "UpdateWasInformationRequest": {
        "type": "object",
        "properties": {
          "input": {
            "$ref": "#/components/schemas/UpdateWasInformationInputData"
          }
        }
      },
      "UpdateWasInformationOutputData": {
        "type": "object",
        "properties": {
          "statusCode": {
            "type": "string",
            "nullable": true
          },
          "statusDescription": {
            "type": "string",
            "nullable": true
          }
        }
      },
      "UpdateWasInformationResponse": {
        "type": "object",
        "properties": {
          "output": {
            "$ref": "#/components/schemas/UpdateWasInformationOutputData"
          }
        }
      }
    }
  }
}