{"source":2,"revision":2,"description":null,"createdBy":{"displayName":"Vando Moreira (Externo)","url":"https://devops.ageas.pt/Ageas-NETCORE-Fronts/_apis/Identities/ee3f7413-6eb6-4209-8514-3cc7ebf5e1ae","_links":{"avatar":{"href":"https://devops.ageas.pt/Ageas-NETCORE-Fronts/_apis/GraphProfile/MemberAvatars/win.Uy0xLTUtMjEtMTA2NTY2NzU1NS01MTYzNTU2MzgtMTM1NjYwOTA4NS0zMzczMQ"}},"id":"ee3f7413-6eb6-4209-8514-3cc7ebf5e1ae","uniqueName":"CORP\\vmoreira","imageUrl":"https://devops.ageas.pt/Ageas-NETCORE-Fronts/_api/_common/identityImage?id=ee3f7413-6eb6-4209-8514-3cc7ebf5e1ae","descriptor":"win.Uy0xLTUtMjEtMTA2NTY2NzU1NS01MTYzNTU2MzgtMTM1NjYwOTA4NS0zMzczMQ"},"createdOn":"2021-04-07T12:21:03.990Z","modifiedBy":{"displayName":"Vando Moreira (Externo)","url":"https://devops.ageas.pt/Ageas-NETCORE-Fronts/_apis/Identities/ee3f7413-6eb6-4209-8514-3cc7ebf5e1ae","_links":{"avatar":{"href":"https://devops.ageas.pt/Ageas-NETCORE-Fronts/_apis/GraphProfile/MemberAvatars/win.Uy0xLTUtMjEtMTA2NTY2NzU1NS01MTYzNTU2MzgtMTM1NjYwOTA4NS0zMzczMQ"}},"id":"ee3f7413-6eb6-4209-8514-3cc7ebf5e1ae","uniqueName":"CORP\\vmoreira","imageUrl":"https://devops.ageas.pt/Ageas-NETCORE-Fronts/_api/_common/identityImage?id=ee3f7413-6eb6-4209-8514-3cc7ebf5e1ae","descriptor":"win.Uy0xLTUtMjEtMTA2NTY2NzU1NS01MTYzNTU2MzgtMTM1NjYwOTA4NS0zMzczMQ"},"modifiedOn":"2021-04-07T12:22:23.103Z","isDeleted":false,"variables":{"ApplicationName":{"value":"API.BOPortal"},"InstallService":{"value":"False"}},"variableGroups":[],"environments":[{"id":4,"name":"DV","rank":1,"owner":{"displayName":"Vando Moreira (Externo)","url":"https://devops.ageas.pt/Ageas-NETCORE-Fronts/_apis/Identities/ee3f7413-6eb6-4209-8514-3cc7ebf5e1ae","_links":{"avatar":{"href":"https://devops.ageas.pt/Ageas-NETCORE-Fronts/_apis/GraphProfile/MemberAvatars/win.Uy0xLTUtMjEtMTA2NTY2NzU1NS01MTYzNTU2MzgtMTM1NjYwOTA4NS0zMzczMQ"}},"id":"ee3f7413-6eb6-4209-8514-3cc7ebf5e1ae","uniqueName":"CORP\\vmoreira","imageUrl":"https://devops.ageas.pt/Ageas-NETCORE-Fronts/_api/_common/identityImage?id=ee3f7413-6eb6-4209-8514-3cc7ebf5e1ae","descriptor":"win.Uy0xLTUtMjEtMTA2NTY2NzU1NS01MTYzNTU2MzgtMTM1NjYwOTA4NS0zMzczMQ"},"variables":{"Environment":{"value":"DV"}},"variableGroups":[],"preDeployApprovals":{"approvals":[{"rank":1,"isAutomated":false,"isNotificationOn":false,"approver":{"displayName":"[PMT]\\PMT Team","url":"https://devops.ageas.pt/Ageas-NETCORE-Fronts/_apis/Identities/a89c513f-98fa-4a36-8130-c813091d4e32","_links":{"avatar":{"href":"https://devops.ageas.pt/Ageas-NETCORE-Fronts/_apis/GraphProfile/MemberAvatars/vssgp.Uy0xLTktMTU1MTM3NDI0NS0zNjIzNzYzMzkyLTExMDQ4NzM3OTItMjQwMzQwMjg2MC00MjMzNDI4NjQ5LTEtNDE3Njc0MDU4MC05NDU1MjA5NjMtMjE4MTI5MjU2OS0zMjYxNTQyMDMx"}},"id":"a89c513f-98fa-4a36-8130-c813091d4e32","uniqueName":"vstfs:///Classification/TeamProject/98ace3ea-e755-4a71-b436-ffb50cde290c\\PMT Team","imageUrl":"https://devops.ageas.pt/Ageas-NETCORE-Fronts/_api/_common/identityImage?id=a89c513f-98fa-4a36-8130-c813091d4e32","isContainer":true,"descriptor":"vssgp.Uy0xLTktMTU1MTM3NDI0NS0zNjIzNzYzMzkyLTExMDQ4NzM3OTItMjQwMzQwMjg2MC00MjMzNDI4NjQ5LTEtNDE3Njc0MDU4MC05NDU1MjA5NjMtMjE4MTI5MjU2OS0zMjYxNTQyMDMx"},"id":15}],"approvalOptions":{"requiredApproverCount":null,"releaseCreatorCanBeApprover":true,"autoTriggeredAndPreviousEnvironmentApprovedCanBeSkipped":false,"enforceIdentityRevalidation":false,"timeoutInMinutes":0,"executionOrder":1}},"deployStep":{"id":13},"postDeployApprovals":{"approvals":[{"rank":1,"isAutomated":true,"isNotificationOn":false,"id":14}],"approvalOptions":{"requiredApproverCount":null,"releaseCreatorCanBeApprover":false,"autoTriggeredAndPreviousEnvironmentApprovedCanBeSkipped":false,"enforceIdentityRevalidation":false,"timeoutInMinutes":0,"executionOrder":2}},"deployPhases":[{"deploymentInput":{"parallelExecution":{"parallelExecutionType":0},"skipArtifactsDownload":false,"artifactsDownloadInput":{"downloadInputs":[]},"queueId":76,"demands":[],"enableAccessToken":false,"timeoutInMinutes":0,"jobCancelTimeoutInMinutes":1,"condition":"succeeded()","overrideInputs":{}},"rank":1,"phaseType":1,"name":"Run on agent","refName":null,"workflowTasks":[{"environment":{},"taskId":"31f040e5-e040-4336-878a-59a493355534","version":"1.*","name":"Configure Application","refName":"","enabled":true,"alwaysRun":false,"continueOnError":false,"timeoutInMinutes":0,"definitionType":"task","overrideInputs":{},"condition":"and(succeeded(), eq(variables['InstallService'], 'True'))","inputs":{"Script":"E:\\Scripts\\Add-Application.ps1 -servers $(Server.RVC.DV) -user $(ServiceNP.TFS.User) -password $(ServiceNP.TFS.Password) -name $(ApplicationName) -environment $(Environment)","ScriptArguments":""}},{"environment":{},"taskId":"a8515ec8-7254-4ffd-912c-86772e2b5962","version":"3.*","name":"Replace tokens in  **/*.json","refName":"","enabled":true,"alwaysRun":false,"continueOnError":false,"timeoutInMinutes":0,"definitionType":"task","overrideInputs":{},"condition":"succeeded()","inputs":{"rootDirectory":"","targetFiles":" **/*.json","encoding":"utf-8","writeBOM":"true","escapeType":"json","escapeChar":"","charsToEscape":"","verbosity":"normal","actionOnMissing":"warn","keepToken":"false","tokenPrefix":"#{","tokenSuffix":"}#","useLegacyPattern":"false","emptyValue":"(empty)","defaultValue":"","enableTransforms":"false","transformPrefix":"(","transformSuffix":")","variableFiles":"","variableSeparator":".","enableTelemetry":"true"}},{"environment":{},"taskId":"a8515ec8-7254-4ffd-912c-86772e2b5962","version":"3.*","name":"Replace tokens in **/*.config","refName":"","enabled":true,"alwaysRun":false,"continueOnError":false,"timeoutInMinutes":0,"definitionType":"task","overrideInputs":{},"condition":"succeeded()","inputs":{"rootDirectory":"","targetFiles":"**/*.config","encoding":"utf-8","writeBOM":"true","escapeType":"xml","escapeChar":"","charsToEscape":"","verbosity":"normal","actionOnMissing":"warn","keepToken":"false","tokenPrefix":"#{","tokenSuffix":"}#","useLegacyPattern":"false","emptyValue":"(empty)","defaultValue":"","enableTransforms":"false","transformPrefix":"(","transformSuffix":")","variableFiles":"","variableSeparator":".","enableTelemetry":"true"}},{"environment":{},"taskId":"9a32d03d-764e-465d-9365-5ca73683de26","version":"1.*","name":"Application Pool Stop","refName":"","enabled":true,"alwaysRun":true,"continueOnError":true,"timeoutInMinutes":0,"definitionType":"metaTask","overrideInputs":{},"condition":"succeededOrFailed()","inputs":{"Application Pool":"$(Environment)-$(ApplicationName)","Operation Timeout":"","Option":"STOP","Remote Password":"$(ServiceNP.TFS.Password)","Remote Username":"$(ServiceNP.TFS.User)","Server":"$(Server.RVC.DV)"}},{"environment":{},"taskId":"57ee7959-ba10-47a7-8adb-19d032872030","version":"3.*","name":"FullDeployV3: Copy files to remote server","refName":"","enabled":true,"alwaysRun":false,"continueOnError":false,"timeoutInMinutes":0,"definitionType":"task","overrideInputs":{},"condition":"succeeded()","inputs":{"localPath":"$(System.DefaultWorkingDirectory)/INS.PT.SourceCommonCollection-CI/SourceCommonCollection","user":"$(ServiceNP.TFS.User)","password":"$(ServiceNP.TFS.Password)","destinationServer":"$(Server.RVC.DV)","destinationServerPath":"E:\\IIS\\$(Environment)\\$(ApplicationName)","useAppOffline":"true","deleteFiles":"true","zipFiles":"true","ignoreDestinationServerPathValidation":"false","localDrive":"E:","remoteDrive":"E:","useBackup":"true","backupFilePath":"E:\\IIS\\$(Environment)\\_backups\\$(ApplicationName)_{0}.zip","useLog4Net":"false","log4NetFilePath":"","log4NetReplaceValue":"","appPoolReset":"false","appPoolName":""}},{"environment":{},"taskId":"9a32d03d-764e-465d-9365-5ca73683de26","version":"1.*","name":"Application Pool Start","refName":"","enabled":true,"alwaysRun":true,"continueOnError":true,"timeoutInMinutes":0,"definitionType":"metaTask","overrideInputs":{},"condition":"succeededOrFailed()","inputs":{"Application Pool":"$(Environment)-$(ApplicationName)","Operation Timeout":"","Option":"START","Remote Password":"$(ServiceNP.TFS.Password)","Remote Username":"$(ServiceNP.TFS.User)","Server":"$(Server.RVC.DV)"}}]}],"environmentOptions":{"emailNotificationType":"OnlyOnFailure","emailRecipients":"release.environment.owner;release.creator","skipArtifactsDownload":false,"timeoutInMinutes":0,"enableAccessToken":false,"publishDeploymentStatus":true,"badgeEnabled":false,"autoLinkWorkItems":false,"pullRequestDeploymentEnabled":false},"demands":[],"conditions":[{"name":"ReleaseStarted","conditionType":1,"value":""},{"name":"_API.BOPortal-CI","conditionType":4,"value":"{\"sourceBranch\":\"dev\",\"tags\":[],\"useBuildDefinitionBranch\":false,\"createReleaseOnBuildTagging\":false,\"tagFilter\":null}"}],"executionPolicy":{"concurrencyCount":1,"queueDepthCount":1},"schedules":[],"currentRelease":{"id":0,"url":"https://devops.ageas.pt/Ageas-NETCORE-Fronts/98ace3ea-e755-4a71-b436-ffb50cde290c/_apis/Release/releases/0","_links":{}},"retentionPolicy":{"daysToKeep":30,"releasesToKeep":3,"retainBuild":true},"processParameters":{},"properties":{},"preDeploymentGates":{"id":0,"gatesOptions":null,"gates":[]},"postDeploymentGates":{"id":0,"gatesOptions":null,"gates":[]},"environmentTriggers":[],"badgeUrl":"https://devops.ageas.pt/Ageas-NETCORE-Fronts/_apis/public/Release/badge/98ace3ea-e755-4a71-b436-ffb50cde290c/3/4"},{"id":5,"name":"TS","rank":2,"owner":{"displayName":"Vando Moreira (Externo)","url":"https://devops.ageas.pt/Ageas-NETCORE-Fronts/_apis/Identities/ee3f7413-6eb6-4209-8514-3cc7ebf5e1ae","_links":{"avatar":{"href":"https://devops.ageas.pt/Ageas-NETCORE-Fronts/_apis/GraphProfile/MemberAvatars/win.Uy0xLTUtMjEtMTA2NTY2NzU1NS01MTYzNTU2MzgtMTM1NjYwOTA4NS0zMzczMQ"}},"id":"ee3f7413-6eb6-4209-8514-3cc7ebf5e1ae","uniqueName":"CORP\\vmoreira","imageUrl":"https://devops.ageas.pt/Ageas-NETCORE-Fronts/_api/_common/identityImage?id=ee3f7413-6eb6-4209-8514-3cc7ebf5e1ae","descriptor":"win.Uy0xLTUtMjEtMTA2NTY2NzU1NS01MTYzNTU2MzgtMTM1NjYwOTA4NS0zMzczMQ"},"variables":{"Environment":{"value":"DV"}},"variableGroups":[],"preDeployApprovals":{"approvals":[{"rank":1,"isAutomated":false,"isNotificationOn":false,"approver":{"displayName":"[PMT]\\PMT Team","url":"https://devops.ageas.pt/Ageas-NETCORE-Fronts/_apis/Identities/a89c513f-98fa-4a36-8130-c813091d4e32","_links":{"avatar":{"href":"https://devops.ageas.pt/Ageas-NETCORE-Fronts/_apis/GraphProfile/MemberAvatars/vssgp.Uy0xLTktMTU1MTM3NDI0NS0zNjIzNzYzMzkyLTExMDQ4NzM3OTItMjQwMzQwMjg2MC00MjMzNDI4NjQ5LTEtNDE3Njc0MDU4MC05NDU1MjA5NjMtMjE4MTI5MjU2OS0zMjYxNTQyMDMx"}},"id":"a89c513f-98fa-4a36-8130-c813091d4e32","uniqueName":"vstfs:///Classification/TeamProject/98ace3ea-e755-4a71-b436-ffb50cde290c\\PMT Team","imageUrl":"https://devops.ageas.pt/Ageas-NETCORE-Fronts/_api/_common/identityImage?id=a89c513f-98fa-4a36-8130-c813091d4e32","isContainer":true,"descriptor":"vssgp.Uy0xLTktMTU1MTM3NDI0NS0zNjIzNzYzMzkyLTExMDQ4NzM3OTItMjQwMzQwMjg2MC00MjMzNDI4NjQ5LTEtNDE3Njc0MDU4MC05NDU1MjA5NjMtMjE4MTI5MjU2OS0zMjYxNTQyMDMx"},"id":16}],"approvalOptions":{"requiredApproverCount":null,"releaseCreatorCanBeApprover":true,"autoTriggeredAndPreviousEnvironmentApprovedCanBeSkipped":false,"enforceIdentityRevalidation":false,"timeoutInMinutes":0,"executionOrder":1}},"deployStep":{"id":17},"postDeployApprovals":{"approvals":[{"rank":1,"isAutomated":true,"isNotificationOn":false,"id":18}],"approvalOptions":{"requiredApproverCount":null,"releaseCreatorCanBeApprover":false,"autoTriggeredAndPreviousEnvironmentApprovedCanBeSkipped":false,"enforceIdentityRevalidation":false,"timeoutInMinutes":0,"executionOrder":2}},"deployPhases":[{"deploymentInput":{"parallelExecution":{"parallelExecutionType":0},"skipArtifactsDownload":false,"artifactsDownloadInput":{"downloadInputs":[]},"queueId":76,"demands":[],"enableAccessToken":false,"timeoutInMinutes":0,"jobCancelTimeoutInMinutes":1,"condition":"succeeded()","overrideInputs":{}},"rank":1,"phaseType":1,"name":"Run on agent","refName":null,"workflowTasks":[{"environment":{},"taskId":"31f040e5-e040-4336-878a-59a493355534","version":"1.*","name":"Configure Application","refName":"","enabled":true,"alwaysRun":false,"continueOnError":false,"timeoutInMinutes":0,"definitionType":"task","overrideInputs":{},"condition":"and(succeeded(), eq(variables['InstallService'], 'True'))","inputs":{"Script":"E:\\Scripts\\Add-Application.ps1 -servers $(Server.RVC.DV) -user $(ServiceNP.TFS.User) -password $(ServiceNP.TFS.Password) -name $(ApplicationName) -environment $(Environment)","ScriptArguments":""}},{"environment":{},"taskId":"a8515ec8-7254-4ffd-912c-86772e2b5962","version":"3.*","name":"Replace tokens in  **/*.json","refName":"","enabled":true,"alwaysRun":false,"continueOnError":false,"timeoutInMinutes":0,"definitionType":"task","overrideInputs":{},"condition":"succeeded()","inputs":{"rootDirectory":"","targetFiles":" **/*.json","encoding":"utf-8","writeBOM":"true","escapeType":"json","escapeChar":"","charsToEscape":"","verbosity":"normal","actionOnMissing":"warn","keepToken":"false","tokenPrefix":"#{","tokenSuffix":"}#","useLegacyPattern":"false","emptyValue":"(empty)","defaultValue":"","enableTransforms":"false","transformPrefix":"(","transformSuffix":")","variableFiles":"","variableSeparator":".","enableTelemetry":"true"}},{"environment":{},"taskId":"a8515ec8-7254-4ffd-912c-86772e2b5962","version":"3.*","name":"Replace tokens in **/*.config","refName":"","enabled":true,"alwaysRun":false,"continueOnError":false,"timeoutInMinutes":0,"definitionType":"task","overrideInputs":{},"condition":"succeeded()","inputs":{"rootDirectory":"","targetFiles":"**/*.config","encoding":"utf-8","writeBOM":"true","escapeType":"xml","escapeChar":"","charsToEscape":"","verbosity":"normal","actionOnMissing":"warn","keepToken":"false","tokenPrefix":"#{","tokenSuffix":"}#","useLegacyPattern":"false","emptyValue":"(empty)","defaultValue":"","enableTransforms":"false","transformPrefix":"(","transformSuffix":")","variableFiles":"","variableSeparator":".","enableTelemetry":"true"}},{"environment":{},"taskId":"9a32d03d-764e-465d-9365-5ca73683de26","version":"1.*","name":"Application Pool Stop","refName":"","enabled":true,"alwaysRun":true,"continueOnError":true,"timeoutInMinutes":0,"definitionType":"metaTask","overrideInputs":{},"condition":"succeededOrFailed()","inputs":{"Application Pool":"$(Environment)-$(ApplicationName)","Operation Timeout":"","Option":"STOP","Remote Password":"$(ServiceNP.TFS.Password)","Remote Username":"$(ServiceNP.TFS.User)","Server":"$(Server.RVC.DV)"}},{"environment":{},"taskId":"57ee7959-ba10-47a7-8adb-19d032872030","version":"3.*","name":"FullDeployV3: Copy files to remote server","refName":"","enabled":true,"alwaysRun":false,"continueOnError":false,"timeoutInMinutes":0,"definitionType":"task","overrideInputs":{},"condition":"succeeded()","inputs":{"localPath":"$(System.DefaultWorkingDirectory)/INS.PT.SourceCommonCollection-CI/SourceCommonCollection","user":"$(ServiceNP.TFS.User)","password":"$(ServiceNP.TFS.Password)","destinationServer":"$(Server.RVC.DV)","destinationServerPath":"E:\\IIS\\$(Environment)\\$(ApplicationName)","useAppOffline":"true","deleteFiles":"true","zipFiles":"true","ignoreDestinationServerPathValidation":"false","localDrive":"E:","remoteDrive":"E:","useBackup":"true","backupFilePath":"E:\\IIS\\$(Environment)\\_backups\\$(ApplicationName)_{0}.zip","useLog4Net":"false","log4NetFilePath":"","log4NetReplaceValue":"","appPoolReset":"false","appPoolName":""}},{"environment":{},"taskId":"9a32d03d-764e-465d-9365-5ca73683de26","version":"1.*","name":"Application Pool Start","refName":"","enabled":true,"alwaysRun":true,"continueOnError":true,"timeoutInMinutes":0,"definitionType":"metaTask","overrideInputs":{},"condition":"succeededOrFailed()","inputs":{"Application Pool":"$(Environment)-$(ApplicationName)","Operation Timeout":"","Option":"START","Remote Password":"$(ServiceNP.TFS.Password)","Remote Username":"$(ServiceNP.TFS.User)","Server":"$(Server.RVC.DV)"}}]}],"environmentOptions":{"emailNotificationType":"OnlyOnFailure","emailRecipients":"release.environment.owner;release.creator","skipArtifactsDownload":false,"timeoutInMinutes":0,"enableAccessToken":false,"publishDeploymentStatus":true,"badgeEnabled":false,"autoLinkWorkItems":false,"pullRequestDeploymentEnabled":false},"demands":[],"conditions":[{"name":"ReleaseStarted","conditionType":1,"value":""},{"name":"_API.BOPortal-CI","conditionType":4,"value":"{\"sourceBranch\":\"master\",\"tags\":[],\"useBuildDefinitionBranch\":false,\"createReleaseOnBuildTagging\":false,\"tagFilter\":null}"}],"executionPolicy":{"concurrencyCount":1,"queueDepthCount":1},"schedules":[],"currentRelease":{"id":0,"url":"https://devops.ageas.pt/Ageas-NETCORE-Fronts/98ace3ea-e755-4a71-b436-ffb50cde290c/_apis/Release/releases/0","_links":{}},"retentionPolicy":{"daysToKeep":30,"releasesToKeep":3,"retainBuild":true},"processParameters":{},"properties":{},"preDeploymentGates":{"id":0,"gatesOptions":null,"gates":[]},"postDeploymentGates":{"id":0,"gatesOptions":null,"gates":[]},"environmentTriggers":[],"badgeUrl":"https://devops.ageas.pt/Ageas-NETCORE-Fronts/_apis/public/Release/badge/98ace3ea-e755-4a71-b436-ffb50cde290c/3/5"}],"artifacts":[{"sourceId":"98ace3ea-e755-4a71-b436-ffb50cde290c:16","type":"Build","alias":"_API.BOPortal-CI","definitionReference":{"defaultVersionBranch":{"id":"","name":""},"defaultVersionSpecific":{"id":"","name":""},"defaultVersionTags":{"id":"","name":""},"defaultVersionType":{"id":"latestType","name":"Latest"},"definition":{"id":"16","name":"API.BOPortal-CI"},"definitions":{"id":"","name":""},"IsMultiDefinitionType":{"id":"False","name":"False"},"project":{"id":"98ace3ea-e755-4a71-b436-ffb50cde290c","name":"PMT"},"repository":{"id":"6e34ca0a-67ef-44f4-b3c6-19547b868472","name":"API.BOPortal"},"artifactSourceDefinitionUrl":{"id":"https://devops.ageas.pt/_permalink/_build/index?collectionId=90f10834-d801-4a61-b27e-086ebb5e2f49&projectId=98ace3ea-e755-4a71-b436-ffb50cde290c&definitionId=16","name":""}},"isPrimary":true,"isRetained":false}],"triggers":[],"releaseNameFormat":"Release-SourceCommonCollection-$(rev:r)","tags":[],"pipelineProcess":{"type":1},"properties":{"DefinitionCreationSource":{"$type":"System.String","$value":"Other"},"System.EnvironmentRankLogicVersion":{"$type":"System.String","$value":"2"}},"id":3,"name":"API.BOPortal-CD","path":"\\","projectReference":null,"url":"https://devops.ageas.pt/Ageas-NETCORE-Fronts/98ace3ea-e755-4a71-b436-ffb50cde290c/_apis/Release/definitions/3","_links":{"self":{"href":"https://devops.ageas.pt/Ageas-NETCORE-Fronts/98ace3ea-e755-4a71-b436-ffb50cde290c/_apis/Release/definitions/3"},"web":{"href":"https://devops.ageas.pt/Ageas-NETCORE-Fronts/98ace3ea-e755-4a71-b436-ffb50cde290c/_release?definitionId=3"}}}