{"options":[{"enabled":false,"definition":{"id":"5d58cc01-7c75-450c-be18-a388ddb129ec"},"inputs":{"branchFilters":"[\"+refs/heads/*\"]","additionalFields":"{}"}},{"enabled":false,"definition":{"id":"a9db38f9-9fdc-478c-b0f9-464221e58316"},"inputs":{"workItemType":"136","assignToRequestor":"true","additionalFields":"{}"}}],"triggers":[{"branchFilters":["+refs/heads/master","+refs/heads/develop","+refs/heads/support"],"pathFilters":[],"batchChanges":true,"maxConcurrentBuildsPerBranch":1,"pollingInterval":0,"triggerType":2}],"variables":{"BuildConfiguration":{"value":"Release","allowOverride":true},"BuildPlatform":{"value":"any cpu","allowOverride":true},"ProjectId":{"value":"APIFiscalReportingPortal"},"ProjectName":{"value":"APIFiscalReportingPortal"},"system.debug":{"value":"false","allowOverride":true}},"retentionRules":[{"branches":["+refs/heads/*"],"artifacts":[],"artifactTypesToDelete":["FilePath","SymbolStore"],"daysToKeep":10,"minimumToKeep":1,"deleteBuildRecord":true,"deleteTestResults":true}],"properties":{},"tags":[],"_links":{"self":{"href":"https://devops.ageas.pt/Ageas-NETCORE-Fronts/ad176c17-53f7-4755-8b45-f8a823a228e8/_apis/build/Definitions/6?revision=7"},"web":{"href":"https://devops.ageas.pt/Ageas-NETCORE-Fronts/ad176c17-53f7-4755-8b45-f8a823a228e8/_build/definition?definitionId=6"},"editor":{"href":"https://devops.ageas.pt/Ageas-NETCORE-Fronts/ad176c17-53f7-4755-8b45-f8a823a228e8/_build/designer?id=6&_a=edit-build-definition"},"badge":{"href":"https://devops.ageas.pt/Ageas-NETCORE-Fronts/ad176c17-53f7-4755-8b45-f8a823a228e8/_apis/build/status/6"}},"buildNumberFormat":"$(date:yyyyMMdd)$(rev:.r)","jobAuthorizationScope":1,"jobTimeoutInMinutes":60,"jobCancelTimeoutInMinutes":5,"process":{"phases":[{"steps":[{"environment":{},"enabled":true,"continueOnError":false,"alwaysRun":false,"displayName":"Version .NET Core Assemblies","timeoutInMinutes":0,"condition":"succeeded()","task":{"id":"4578fa22-6039-4d83-90e0-3e12f68d6b26","versionSpec":"2.*","definitionType":"task"},"inputs":{"Path":"$(Build.SourcesDirectory)","VersionNumber":"$(Build.BuildNumber)","Injectversion":"true","VersionRegex":"\\d+\\.\\d+\\.\\d+\\.\\d+","FilenamePattern":".csproj","SDKNames":"Microsoft.NET.Sdk","Field":"FileVersion","AddDefault":"true","OutputVersion":"OutputedVersion"}},{"environment":{},"enabled":false,"continueOnError":true,"alwaysRun":false,"displayName":"Prepare analysis on SonarQube","timeoutInMinutes":0,"condition":"and(succeeded(), eq(variables['Build.SourceBranch'], 'refs/heads/master'))","task":{"id":"15b84ca1-b62f-4a2a-a403-89b77a063157","versionSpec":"4.*","definitionType":"task"},"inputs":{"SonarQube":"","scannerMode":"MSBuild","configMode":"file","configFile":"sonar-project.properties","cliProjectKey":"","projectKey":"$(ProjectId)","cliProjectName":"","projectName":"$(ProjectName)","cliProjectVersion":"1.0","projectVersion":"$(Build.BuildNumber)","cliSources":".","extraProperties":"/d: sonar.cs.vscoveragexml.reportsPaths=**\\*.cobertura.xml /d: sonar.verbose=\"true\""}},{"environment":{},"enabled":true,"continueOnError":false,"alwaysRun":false,"displayName":"Restore","timeoutInMinutes":0,"condition":"succeeded()","task":{"id":"5541a522-603c-47ad-91fc-a4b1d163081b","versionSpec":"2.*","definitionType":"task"},"inputs":{"command":"restore","publishWebProjects":"true","projects":"**\\*.sln","custom":"","arguments":"--configuration $(BuildConfiguration)","publishTestResults":"true","zipAfterPublish":"true","modifyOutputPath":"true","selectOrConfig":"config","feedRestore":"INS.PT.MPOS\\INS.PT.WebAPI\\Nuget.config","includeNuGetOrg":"true","nugetConfigPath":"WebReportFiscal.API/Nuget.config","externalEndpoints":"","noCache":"false","packagesDirectory":"","verbosityRestore":"Minimal","searchPatternPush":"$(Build.ArtifactStagingDirectory)/*.nupkg","nuGetFeedType":"internal","feedPublish":"","externalEndpoint":"","searchPatternPack":"**/*.csproj","configurationToPack":"$(BuildConfiguration)","outputDir":"$(Build.ArtifactStagingDirectory)","nobuild":"false","versioningScheme":"off","versionEnvVar":"","requestedMajorVersion":"1","requestedMinorVersion":"0","requestedPatchVersion":"0","buildProperties":"","verbosityPack":"Detailed","workingDirectory":""}},{"environment":{},"enabled":true,"continueOnError":false,"alwaysRun":false,"displayName":"Build","timeoutInMinutes":0,"condition":"succeeded()","task":{"id":"5541a522-603c-47ad-91fc-a4b1d163081b","versionSpec":"2.*","definitionType":"task"},"inputs":{"command":"build","publishWebProjects":"true","projects":"**\\*.sln","custom":"","arguments":"","publishTestResults":"true","zipAfterPublish":"true","modifyOutputPath":"true","selectOrConfig":"select","feedRestore":"","includeNuGetOrg":"true","nugetConfigPath":"","externalEndpoints":"","noCache":"false","packagesDirectory":"","verbosityRestore":"Detailed","searchPatternPush":"$(Build.ArtifactStagingDirectory)/*.nupkg","nuGetFeedType":"internal","feedPublish":"","externalEndpoint":"","searchPatternPack":"**/*.csproj","configurationToPack":"$(BuildConfiguration)","outputDir":"$(Build.ArtifactStagingDirectory)","nobuild":"false","versioningScheme":"off","versionEnvVar":"","requestedMajorVersion":"1","requestedMinorVersion":"0","requestedPatchVersion":"0","buildProperties":"","verbosityPack":"Detailed","workingDirectory":""}},{"environment":{},"enabled":false,"continueOnError":true,"alwaysRun":false,"displayName":"dotnet Test and Collect Coverage","timeoutInMinutes":0,"condition":"succeeded()","task":{"id":"5541a522-603c-47ad-91fc-a4b1d163081b","versionSpec":"2.*","definitionType":"task"},"inputs":{"command":"test","publishWebProjects":"true","projects":"**\\XUnitTestIns.pt.WebAPI\\*.csproj","custom":"","arguments":"--collect \"Code coverage\" /p:CollectCoverage=true /p:CoverletOutputFormat=cobertura /p:CoverletOutput=$(Build.SourcesDirectory)\\TestResults\\Coverage\\","publishTestResults":"true","zipAfterPublish":"true","modifyOutputPath":"true","selectOrConfig":"select","feedRestore":"","includeNuGetOrg":"true","nugetConfigPath":"","externalEndpoints":"","noCache":"false","packagesDirectory":"","verbosityRestore":"Detailed","searchPatternPush":"$(Build.ArtifactStagingDirectory)/*.nupkg","nuGetFeedType":"internal","feedPublish":"","externalEndpoint":"","searchPatternPack":"**/*.csproj","configurationToPack":"$(BuildConfiguration)","outputDir":"$(Build.ArtifactStagingDirectory)","nobuild":"false","versioningScheme":"off","versionEnvVar":"","requestedMajorVersion":"1","requestedMinorVersion":"0","requestedPatchVersion":"0","buildProperties":"","verbosityPack":"Detailed","workingDirectory":""}},{"environment":{},"enabled":false,"continueOnError":false,"alwaysRun":false,"displayName":"Copy Files to: $(Common.TestResultsDirectory)","timeoutInMinutes":0,"condition":"succeeded()","task":{"id":"5bfb729a-a7c8-4a78-a7c3-8d717bb7c13c","versionSpec":"2.*","definitionType":"task"},"inputs":{"SourceFolder":"$(Agent.TempDirectory)","Contents":"**","TargetFolder":"$(Common.TestResultsDirectory)","CleanTargetFolder":"false","OverWrite":"false","flattenFolders":"false"}},{"environment":{},"enabled":false,"continueOnError":false,"alwaysRun":false,"displayName":"Publish code coverage from $(Agent.TempDirectory)\\*.xml","timeoutInMinutes":0,"condition":"succeeded()","task":{"id":"2a7ebc54-c13e-490e-81a5-d7561ab7cd97","versionSpec":"1.*","definitionType":"task"},"inputs":{"codeCoverageTool":"Cobertura","summaryFileLocation":"$(Agent.TempDirectory)\\*.xml","reportDirectory":"","additionalCodeCoverageFiles":"","failIfCoverageEmpty":"false"}},{"environment":{},"enabled":true,"continueOnError":false,"alwaysRun":false,"displayName":"Publish","timeoutInMinutes":0,"task":{"id":"5541a522-603c-47ad-91fc-a4b1d163081b","versionSpec":"2.*","definitionType":"task"},"inputs":{"command":"publish","publishWebProjects":"false","projects":"**\\*.sln","custom":"","arguments":"","publishTestResults":"true","zipAfterPublish":"false","modifyOutputPath":"true","selectOrConfig":"select","feedRestore":"","includeNuGetOrg":"true","nugetConfigPath":"","externalEndpoints":"","noCache":"false","packagesDirectory":"","verbosityRestore":"Detailed","searchPatternPush":"$(Build.ArtifactStagingDirectory)/*.nupkg","nuGetFeedType":"internal","feedPublish":"","externalEndpoint":"","searchPatternPack":"**/*.csproj","configurationToPack":"$(BuildConfiguration)","outputDir":"$(Build.ArtifactStagingDirectory)","nobuild":"false","versioningScheme":"off","versionEnvVar":"","requestedMajorVersion":"1","requestedMinorVersion":"0","requestedPatchVersion":"0","buildProperties":"","verbosityPack":"Detailed","workingDirectory":""}},{"environment":{},"enabled":false,"continueOnError":true,"alwaysRun":false,"displayName":"Complete the SonarQube analysis","timeoutInMinutes":0,"condition":"and(succeeded(), eq(variables['Build.SourceBranch'], 'refs/heads/master'))","task":{"id":"6d01813a-9589-4b15-8491-8164aeb38055","versionSpec":"4.*","definitionType":"task"},"inputs":{}},{"environment":{},"enabled":true,"continueOnError":false,"alwaysRun":false,"displayName":"Publish Artifact","timeoutInMinutes":0,"task":{"id":"2ff763a7-ce83-4e1f-bc89-0ae63477cebe","versionSpec":"1.*","definitionType":"task"},"inputs":{"PathtoPublish":".\\WebReportFiscal.API\\bin\\Debug\\netcoreapp3.1\\publish","ArtifactName":"APIFiscalReportingPortal","ArtifactType":"Container","TargetPath":"\\\\my\\share\\$(Build.DefinitionName)\\$(Build.BuildNumber)","Parallel":"false","ParallelCount":"8"}}],"name":"Agent job 1","refName":"Phase_1","condition":"succeeded()","target":{"demands":["java"],"executionOptions":{"type":0},"allowScriptsAuthAccessOption":false,"type":1},"jobAuthorizationScope":1,"jobCancelTimeoutInMinutes":1}],"type":1},"repository":{"properties":{"cleanOptions":"0","labelSources":"0","labelSourcesFormat":"$(build.buildNumber)","reportBuildStatus":"true","gitLfsSupport":"false","skipSyncSource":"false","checkoutNestedSubmodules":"false","fetchDepth":"0"},"id":"1e1f2969-0bea-45d2-9c5b-85b5c174ec28","type":"TfsGit","name":"APIFiscalReportingPortal","url":"https://devops.ageas.pt/Ageas-NETCORE-Fronts/FiscalReporting/_git/APIFiscalReportingPortal","defaultBranch":"refs/heads/master","clean":"false","checkoutSubmodules":false},"processParameters":{},"quality":1,"authoredBy":{"displayName":"Vando Moreira (Externo)","url":"https://devops.ageas.pt/Ageas-NETCORE-Fronts/_apis/Identities/ee3f7413-6eb6-4209-8514-3cc7ebf5e1ae","_links":{"avatar":{"href":"https://devops.ageas.pt/Ageas-NETCORE-Fronts/_apis/GraphProfile/MemberAvatars/win.Uy0xLTUtMjEtMTA2NTY2NzU1NS01MTYzNTU2MzgtMTM1NjYwOTA4NS0zMzczMQ"}},"id":"ee3f7413-6eb6-4209-8514-3cc7ebf5e1ae","uniqueName":"CORP\\vmoreira","imageUrl":"https://devops.ageas.pt/Ageas-NETCORE-Fronts/_api/_common/identityImage?id=ee3f7413-6eb6-4209-8514-3cc7ebf5e1ae","descriptor":"win.Uy0xLTUtMjEtMTA2NTY2NzU1NS01MTYzNTU2MzgtMTM1NjYwOTA4NS0zMzczMQ"},"drafts":[],"queue":{"_links":{"self":{"href":"https://devops.ageas.pt/Ageas-NETCORE-Fronts/_apis/build/Queues/112"}},"id":112,"name":"Default","url":"https://devops.ageas.pt/Ageas-NETCORE-Fronts/_apis/build/Queues/112","pool":{"id":9,"name":"Default"}},"id":6,"name":"APIFiscalReportingPortal-CI","url":"https://devops.ageas.pt/Ageas-NETCORE-Fronts/ad176c17-53f7-4755-8b45-f8a823a228e8/_apis/build/Definitions/6?revision=7","uri":"vstfs:///Build/Definition/6","path":"\\","type":2,"queueStatus":0,"revision":7,"createdDate":"2021-03-26T15:00:12.417Z","project":{"id":"ad176c17-53f7-4755-8b45-f8a823a228e8","name":"FiscalReporting","description":"Base de dados de Reporte Fiscal","url":"https://devops.ageas.pt/Ageas-NETCORE-Fronts/_apis/projects/ad176c17-53f7-4755-8b45-f8a823a228e8","state":1,"revision":41,"visibility":0}}