{"source":2,"revision":36,"description":null,"createdBy":{"displayName":"Vando Moreira (Externo)","url":"https://devops.ageas.pt/Ageas-NETCORE-Fronts/_apis/Identities/ee3f7413-6eb6-4209-8514-3cc7ebf5e1ae","_links":{"avatar":{"href":"https://devops.ageas.pt/Ageas-NETCORE-Fronts/_apis/GraphProfile/MemberAvatars/win.Uy0xLTUtMjEtMTA2NTY2NzU1NS01MTYzNTU2MzgtMTM1NjYwOTA4NS0zMzczMQ"}},"id":"ee3f7413-6eb6-4209-8514-3cc7ebf5e1ae","uniqueName":"CORP\\vmoreira","imageUrl":"https://devops.ageas.pt/Ageas-NETCORE-Fronts/_api/_common/identityImage?id=ee3f7413-6eb6-4209-8514-3cc7ebf5e1ae","descriptor":"win.Uy0xLTUtMjEtMTA2NTY2NzU1NS01MTYzNTU2MzgtMTM1NjYwOTA4NS0zMzczMQ"},"createdOn":"2021-03-26T12:37:32.620Z","modifiedBy":{"displayName":"Gonçalo Lopes (Externo)","url":"https://devops.ageas.pt/Ageas-NETCORE-Fronts/_apis/Identities/ce9638e0-daa9-4e7c-b447-6fcafbada86d","_links":{"avatar":{"href":"https://devops.ageas.pt/Ageas-NETCORE-Fronts/_apis/GraphProfile/MemberAvatars/win.Uy0xLTUtMjEtMTA2NTY2NzU1NS01MTYzNTU2MzgtMTM1NjYwOTA4NS0zODQzMQ"}},"id":"ce9638e0-daa9-4e7c-b447-6fcafbada86d","uniqueName":"CORP\\glopes","imageUrl":"https://devops.ageas.pt/Ageas-NETCORE-Fronts/_api/_common/identityImage?id=ce9638e0-daa9-4e7c-b447-6fcafbada86d","descriptor":"win.Uy0xLTUtMjEtMTA2NTY2NzU1NS01MTYzNTU2MzgtMTM1NjYwOTA4NS0zODQzMQ"},"modifiedOn":"2021-03-26T15:19:08.597Z","isDeleted":false,"variables":{"ApplicationName":{"value":"APIFiscalReportingPortal"},"InstallService":{"value":"False"},"Serilog.Destructure.ToMaximumCollectionCount":{"value":"10"},"Serilog.Destructure.ToMaximumDepth":{"value":"4"},"Serilog.Destructure.ToMaximumStringLength":{"value":"100"},"Serilog.MinimumLevel":{"value":"Debug"},"Serilog.RollingInterval":{"value":"Day"},"Serilog.RollingSize":{"value":"100000000"}},"variableGroups":[6,5],"environments":[{"id":2,"name":"DV","rank":1,"owner":{"displayName":"Vando Moreira (Externo)","url":"https://devops.ageas.pt/Ageas-NETCORE-Fronts/_apis/Identities/ee3f7413-6eb6-4209-8514-3cc7ebf5e1ae","_links":{"avatar":{"href":"https://devops.ageas.pt/Ageas-NETCORE-Fronts/_apis/GraphProfile/MemberAvatars/win.Uy0xLTUtMjEtMTA2NTY2NzU1NS01MTYzNTU2MzgtMTM1NjYwOTA4NS0zMzczMQ"}},"id":"ee3f7413-6eb6-4209-8514-3cc7ebf5e1ae","uniqueName":"CORP\\vmoreira","imageUrl":"https://devops.ageas.pt/Ageas-NETCORE-Fronts/_api/_common/identityImage?id=ee3f7413-6eb6-4209-8514-3cc7ebf5e1ae","descriptor":"win.Uy0xLTUtMjEtMTA2NTY2NzU1NS01MTYzNTU2MzgtMTM1NjYwOTA4NS0zMzczMQ"},"variables":{"AgeasCorrelationIDHeader":{"value":"AgeasIDHeader"},"DefaultConnectionString":{"value":""},"Environment":{"value":"DV"},"ExceptionsInResponse":{"value":""},"InstallService":{"value":"True","allowOverride":true},"Serilog.FilePath":{"value":"E:\\Logs\\IIS\\DV\\APIFiscalReportingPortal\\APIFiscalReportingPortal_"},"WebAPIBaseAddress":{"value":"add"},"WebAPIbsSolution":{"value":"solution"},"WebAPIbsUser":{"value":"user"},"WebAPIbsWebService":{"value":"webservice"},"WebAPIUseBroker":{"value":"false"},"XCorrelationIDHeader":{"value":"X-Correlation-ID"}},"variableGroups":[],"preDeployApprovals":{"approvals":[{"rank":1,"isAutomated":true,"isNotificationOn":false,"id":4}],"approvalOptions":{"requiredApproverCount":null,"releaseCreatorCanBeApprover":false,"autoTriggeredAndPreviousEnvironmentApprovedCanBeSkipped":false,"enforceIdentityRevalidation":false,"timeoutInMinutes":0,"executionOrder":1}},"deployStep":{"id":22},"postDeployApprovals":{"approvals":[{"rank":1,"isAutomated":true,"isNotificationOn":false,"id":23}],"approvalOptions":{"requiredApproverCount":null,"releaseCreatorCanBeApprover":false,"autoTriggeredAndPreviousEnvironmentApprovedCanBeSkipped":false,"enforceIdentityRevalidation":false,"timeoutInMinutes":0,"executionOrder":2}},"deployPhases":[{"deploymentInput":{"parallelExecution":{"parallelExecutionType":0},"skipArtifactsDownload":false,"artifactsDownloadInput":{"downloadInputs":[]},"queueId":112,"demands":[],"enableAccessToken":false,"timeoutInMinutes":0,"jobCancelTimeoutInMinutes":1,"condition":"succeeded()","overrideInputs":{}},"rank":1,"phaseType":1,"name":"Run on agent","refName":null,"workflowTasks":[{"environment":{},"taskId":"31f040e5-e040-4336-878a-59a493355534","version":"1.*","name":"Configure Application","refName":"","enabled":true,"alwaysRun":false,"continueOnError":false,"timeoutInMinutes":0,"definitionType":"task","overrideInputs":{},"condition":"and(succeeded(), eq(variables['InstallService'], 'True'))","inputs":{"Script":"E:\\Scripts\\Add-Application.ps1 -servers $(Server.RVC.DV) -user $(ServiceNP.TFS.User) -password $(ServiceNP.TFS.Password) -name $(ApplicationName) -environment $(Environment)","ScriptArguments":""}},{"environment":{},"taskId":"a8515ec8-7254-4ffd-912c-86772e2b5962","version":"3.*","name":"Replace tokens in  **/*.json","refName":"","enabled":true,"alwaysRun":false,"continueOnError":false,"timeoutInMinutes":0,"definitionType":"task","overrideInputs":{},"condition":"succeeded()","inputs":{"rootDirectory":"","targetFiles":" **/*.json","encoding":"utf-8","writeBOM":"true","escapeType":"json","escapeChar":"","charsToEscape":"","verbosity":"normal","actionOnMissing":"warn","keepToken":"false","tokenPrefix":"#{","tokenSuffix":"}#","useLegacyPattern":"false","emptyValue":"(empty)","defaultValue":"","enableTransforms":"false","transformPrefix":"(","transformSuffix":")","variableFiles":"","variableSeparator":".","enableTelemetry":"true"}},{"environment":{},"taskId":"a8515ec8-7254-4ffd-912c-86772e2b5962","version":"3.*","name":"Replace tokens in **/*.config","refName":"","enabled":true,"alwaysRun":false,"continueOnError":false,"timeoutInMinutes":0,"definitionType":"task","overrideInputs":{},"condition":"succeeded()","inputs":{"rootDirectory":"","targetFiles":"**/*.config","encoding":"utf-8","writeBOM":"true","escapeType":"xml","escapeChar":"","charsToEscape":"","verbosity":"normal","actionOnMissing":"warn","keepToken":"false","tokenPrefix":"#{","tokenSuffix":"}#","useLegacyPattern":"false","emptyValue":"(empty)","defaultValue":"","enableTransforms":"false","transformPrefix":"(","transformSuffix":")","variableFiles":"","variableSeparator":".","enableTelemetry":"true"}},{"environment":{},"taskId":"a707a3cf-e0bf-41e5-b2a6-d6945a031e5a","version":"1.*","name":"Application Pool Stop","refName":"","enabled":true,"alwaysRun":true,"continueOnError":true,"timeoutInMinutes":0,"definitionType":"metaTask","overrideInputs":{},"condition":"succeededOrFailed()","inputs":{"Application Pool":"$(Environment)-$(ApplicationName)","Operation Timeout":"","Option":"STOP","Remote Password":"$(ServiceNP.TFS.Password)","Remote Username":"$(ServiceNP.TFS.User)","Server":"$(Server.RVC.DV)"}},{"environment":{},"taskId":"57ee7959-ba10-47a7-8adb-19d032872030","version":"3.*","name":"FullDeployV3: Copy files to remote server","refName":"","enabled":true,"alwaysRun":false,"continueOnError":false,"timeoutInMinutes":0,"definitionType":"task","overrideInputs":{},"condition":"succeeded()","inputs":{"localPath":"$(System.DefaultWorkingDirectory)/_APIFiscalReportingPortal-CI/APIFiscalReportingPortal","user":"$(ServiceNP.TFS.User)","password":"$(ServiceNP.TFS.Password)","destinationServer":"$(Server.RVC.DV)","destinationServerPath":"E:\\IIS\\$(Environment)\\$(ApplicationName)","useAppOffline":"true","deleteFiles":"true","zipFiles":"true","ignoreDestinationServerPathValidation":"false","localDrive":"E:","remoteDrive":"E:","useBackup":"true","backupFilePath":"E:\\IIS\\$(Environment)\\_backups\\$(ApplicationName)_{0}.zip","useLog4Net":"false","log4NetFilePath":"","log4NetReplaceValue":"","appPoolReset":"false","appPoolName":""}},{"environment":{},"taskId":"a707a3cf-e0bf-41e5-b2a6-d6945a031e5a","version":"1.*","name":"Application Pool Start","refName":"","enabled":true,"alwaysRun":true,"continueOnError":true,"timeoutInMinutes":0,"definitionType":"metaTask","overrideInputs":{},"condition":"succeededOrFailed()","inputs":{"Application Pool":"$(Environment)-$(ApplicationName)","Operation Timeout":"0","Option":"START","Remote Password":"$(ServiceNP.TFS.Password)","Remote Username":"$(ServiceNP.TFS.User)","Server":"$(Server.RVC.DV)"}}]}],"environmentOptions":{"emailNotificationType":"OnlyOnFailure","emailRecipients":"release.environment.owner;release.creator","skipArtifactsDownload":false,"timeoutInMinutes":0,"enableAccessToken":false,"publishDeploymentStatus":true,"badgeEnabled":false,"autoLinkWorkItems":false,"pullRequestDeploymentEnabled":false},"demands":[],"conditions":[{"name":"ReleaseStarted","conditionType":1,"value":""},{"name":"_APIFiscalReportingPortal-CI","conditionType":4,"value":"{\"sourceBranch\":\"develop\",\"tags\":[],\"useBuildDefinitionBranch\":false,\"createReleaseOnBuildTagging\":false}"}],"executionPolicy":{"concurrencyCount":1,"queueDepthCount":1},"schedules":[],"currentRelease":{"id":7,"url":"https://devops.ageas.pt/Ageas-NETCORE-Fronts/ad176c17-53f7-4755-8b45-f8a823a228e8/_apis/Release/releases/7","_links":{}},"retentionPolicy":{"daysToKeep":30,"releasesToKeep":3,"retainBuild":true},"processParameters":{},"properties":{},"preDeploymentGates":{"id":0,"gatesOptions":null,"gates":[]},"postDeploymentGates":{"id":0,"gatesOptions":null,"gates":[]},"environmentTriggers":[],"badgeUrl":"https://devops.ageas.pt/Ageas-NETCORE-Fronts/_apis/public/Release/badge/ad176c17-53f7-4755-8b45-f8a823a228e8/2/2"},{"id":3,"name":"TS","rank":2,"owner":{"displayName":"Vando Moreira (Externo)","url":"https://devops.ageas.pt/Ageas-NETCORE-Fronts/_apis/Identities/ee3f7413-6eb6-4209-8514-3cc7ebf5e1ae","_links":{"avatar":{"href":"https://devops.ageas.pt/Ageas-NETCORE-Fronts/_apis/GraphProfile/MemberAvatars/win.Uy0xLTUtMjEtMTA2NTY2NzU1NS01MTYzNTU2MzgtMTM1NjYwOTA4NS0zMzczMQ"}},"id":"ee3f7413-6eb6-4209-8514-3cc7ebf5e1ae","uniqueName":"CORP\\vmoreira","imageUrl":"https://devops.ageas.pt/Ageas-NETCORE-Fronts/_api/_common/identityImage?id=ee3f7413-6eb6-4209-8514-3cc7ebf5e1ae","descriptor":"win.Uy0xLTUtMjEtMTA2NTY2NzU1NS01MTYzNTU2MzgtMTM1NjYwOTA4NS0zMzczMQ"},"variables":{"AgeasCorrelationIDHeader":{"value":""},"DefaultConnectionString":{"value":""},"Environment":{"value":"TS"},"ExceptionsInResponse":{"value":""},"InstallService":{"value":"False"},"Serilog.FilePath":{"value":"E:\\Logs\\IIS\\TS\\APIFiscalReportingPortal\\APIFiscalReportingPortal_"},"WebAPIBaseAddress":{"value":""},"WebAPIbsSolution":{"value":""},"WebAPIbsUser":{"value":""},"WebAPIbsWebService":{"value":""},"WebAPIUseBroker":{"value":""},"XCorrelationIDHeader":{"value":""}},"variableGroups":[],"preDeployApprovals":{"approvals":[{"rank":1,"isAutomated":false,"isNotificationOn":false,"approver":{"displayName":"[FiscalReporting]\\FiscalReporting Team","url":"https://devops.ageas.pt/Ageas-NETCORE-Fronts/_apis/Identities/a0ffd027-670c-47f7-9c9f-679650deb28f","_links":{"avatar":{"href":"https://devops.ageas.pt/Ageas-NETCORE-Fronts/_apis/GraphProfile/MemberAvatars/vssgp.Uy0xLTktMTU1MTM3NDI0NS0yMTY2NTk5Nzg0LTQyNDM3MzE1MjktMjMxMjgzNDY0MS0xMjQ5NTE1NTM4LTEtMTc3MDAzNDkxMS04MTY5MDA0MjktMjk5NDM1ODM1My0zMzMxNTE3MjEz"}},"id":"a0ffd027-670c-47f7-9c9f-679650deb28f","uniqueName":"vstfs:///Classification/TeamProject/ad176c17-53f7-4755-8b45-f8a823a228e8\\FiscalReporting Team","imageUrl":"https://devops.ageas.pt/Ageas-NETCORE-Fronts/_api/_common/identityImage?id=a0ffd027-670c-47f7-9c9f-679650deb28f","isContainer":true,"descriptor":"vssgp.Uy0xLTktMTU1MTM3NDI0NS0yMTY2NTk5Nzg0LTQyNDM3MzE1MjktMjMxMjgzNDY0MS0xMjQ5NTE1NTM4LTEtMTc3MDAzNDkxMS04MTY5MDA0MjktMjk5NDM1ODM1My0zMzMxNTE3MjEz"},"id":5}],"approvalOptions":{"requiredApproverCount":null,"releaseCreatorCanBeApprover":true,"autoTriggeredAndPreviousEnvironmentApprovedCanBeSkipped":false,"enforceIdentityRevalidation":false,"timeoutInMinutes":0,"executionOrder":1}},"deployStep":{"id":21},"postDeployApprovals":{"approvals":[{"rank":1,"isAutomated":true,"isNotificationOn":false,"id":24}],"approvalOptions":{"requiredApproverCount":null,"releaseCreatorCanBeApprover":false,"autoTriggeredAndPreviousEnvironmentApprovedCanBeSkipped":false,"enforceIdentityRevalidation":false,"timeoutInMinutes":0,"executionOrder":2}},"deployPhases":[{"deploymentInput":{"parallelExecution":{"parallelExecutionType":0},"skipArtifactsDownload":false,"artifactsDownloadInput":{"downloadInputs":[]},"queueId":112,"demands":[],"enableAccessToken":false,"timeoutInMinutes":0,"jobCancelTimeoutInMinutes":1,"condition":"succeeded()","overrideInputs":{}},"rank":1,"phaseType":1,"name":"Run on agent","refName":null,"workflowTasks":[{"environment":{},"taskId":"31f040e5-e040-4336-878a-59a493355534","version":"1.*","name":"Configure Application","refName":"","enabled":true,"alwaysRun":false,"continueOnError":false,"timeoutInMinutes":0,"definitionType":"task","overrideInputs":{},"condition":"and(succeeded(), eq(variables['InstallService'], 'True'))","inputs":{"Script":"E:\\Scripts\\Add-Application.ps1 -servers $(Server.RVC.TS) -user $(ServiceNP.TFS.User) -password $(ServiceNP.TFS.Password) -name $(ApplicationName) -environment $(Environment)","ScriptArguments":""}},{"environment":{},"taskId":"a8515ec8-7254-4ffd-912c-86772e2b5962","version":"3.*","name":"Replace tokens in **/*.json","refName":"","enabled":true,"alwaysRun":false,"continueOnError":false,"timeoutInMinutes":0,"definitionType":"task","overrideInputs":{},"condition":"succeeded()","inputs":{"rootDirectory":"","targetFiles":"**/*.json","encoding":"utf-8","writeBOM":"true","escapeType":"json","escapeChar":"","charsToEscape":"","verbosity":"normal","actionOnMissing":"warn","keepToken":"false","tokenPrefix":"#{","tokenSuffix":"}#","useLegacyPattern":"false","emptyValue":"(empty)","defaultValue":"","enableTransforms":"false","transformPrefix":"(","transformSuffix":")","variableFiles":"","variableSeparator":".","enableTelemetry":"true"}},{"environment":{},"taskId":"a8515ec8-7254-4ffd-912c-86772e2b5962","version":"3.*","name":"Replace tokens in  **/*.config","refName":"","enabled":true,"alwaysRun":false,"continueOnError":false,"timeoutInMinutes":0,"definitionType":"task","overrideInputs":{},"condition":"succeeded()","inputs":{"rootDirectory":"","targetFiles":"**/*.config","encoding":"utf-8","writeBOM":"true","escapeType":"xml","escapeChar":"","charsToEscape":"","verbosity":"normal","actionOnMissing":"warn","keepToken":"false","tokenPrefix":"#{","tokenSuffix":"}#","useLegacyPattern":"false","emptyValue":"(empty)","defaultValue":"","enableTransforms":"false","transformPrefix":"(","transformSuffix":")","variableFiles":"","variableSeparator":".","enableTelemetry":"true"}},{"environment":{},"taskId":"a707a3cf-e0bf-41e5-b2a6-d6945a031e5a","version":"1.*","name":"Application Pool Stop","refName":"","enabled":true,"alwaysRun":true,"continueOnError":true,"timeoutInMinutes":0,"definitionType":"metaTask","overrideInputs":{},"condition":"succeededOrFailed()","inputs":{"Application Pool":"$(Environment)-$(ApplicationName)","Operation Timeout":"","Option":"STOP","Remote Password":"$(ServiceNP.TFS.Password)","Remote Username":"$(ServiceNP.TFS.User)","Server":"$(Server.RVC.TS)"}},{"environment":{},"taskId":"57ee7959-ba10-47a7-8adb-19d032872030","version":"3.*","name":"FullDeployV3: Copy files to remote server","refName":"","enabled":true,"alwaysRun":false,"continueOnError":false,"timeoutInMinutes":0,"definitionType":"task","overrideInputs":{},"condition":"succeeded()","inputs":{"localPath":"$(System.DefaultWorkingDirectory)/_APIFiscalReportingPortal-CI/APIFiscalReportingPortal","user":"$(ServiceNP.TFS.User)","password":"$(ServiceNP.TFS.Password)","destinationServer":"$(Server.RVC.TS)","destinationServerPath":"E:\\IIS\\$(Environment)\\$(ApplicationName)","useAppOffline":"true","deleteFiles":"true","zipFiles":"true","ignoreDestinationServerPathValidation":"false","localDrive":"E:","remoteDrive":"E:","useBackup":"true","backupFilePath":"E:\\IIS\\$(Environment)\\_backups\\$(ApplicationName)_{0}.zip","useLog4Net":"false","log4NetFilePath":"","log4NetReplaceValue":"","appPoolReset":"false","appPoolName":""}},{"environment":{},"taskId":"a707a3cf-e0bf-41e5-b2a6-d6945a031e5a","version":"1.*","name":"Application Pool Start","refName":"","enabled":true,"alwaysRun":true,"continueOnError":true,"timeoutInMinutes":0,"definitionType":"metaTask","overrideInputs":{},"condition":"succeededOrFailed()","inputs":{"Application Pool":"$(Environment)-$(ApplicationName)","Operation Timeout":"0","Option":"START","Remote Password":"$(ServiceNP.TFS.Password)","Remote Username":"$(ServiceNP.TFS.User)","Server":"$(Server.RVC.TS)"}}]}],"environmentOptions":{"emailNotificationType":"OnlyOnFailure","emailRecipients":"release.environment.owner;release.creator","skipArtifactsDownload":false,"timeoutInMinutes":0,"enableAccessToken":false,"publishDeploymentStatus":true,"badgeEnabled":false,"autoLinkWorkItems":false,"pullRequestDeploymentEnabled":true},"demands":[],"conditions":[{"name":"ReleaseStarted","conditionType":1,"value":""},{"name":"_APIFiscalReportingPortal-CI","conditionType":4,"value":"{\"sourceBranch\":\"master\",\"tags\":[],\"useBuildDefinitionBranch\":false,\"createReleaseOnBuildTagging\":false}"}],"executionPolicy":{"concurrencyCount":1,"queueDepthCount":1},"schedules":[],"currentRelease":{"id":0,"url":"https://devops.ageas.pt/Ageas-NETCORE-Fronts/ad176c17-53f7-4755-8b45-f8a823a228e8/_apis/Release/releases/0","_links":{}},"retentionPolicy":{"daysToKeep":30,"releasesToKeep":3,"retainBuild":true},"processParameters":{},"properties":{},"preDeploymentGates":{"id":0,"gatesOptions":null,"gates":[]},"postDeploymentGates":{"id":0,"gatesOptions":null,"gates":[]},"environmentTriggers":[],"badgeUrl":"https://devops.ageas.pt/Ageas-NETCORE-Fronts/_apis/public/Release/badge/ad176c17-53f7-4755-8b45-f8a823a228e8/2/3"},{"id":4,"name":"PP","rank":3,"owner":{"displayName":"Vando Moreira (Externo)","url":"https://devops.ageas.pt/Ageas-NETCORE-Fronts/_apis/Identities/ee3f7413-6eb6-4209-8514-3cc7ebf5e1ae","_links":{"avatar":{"href":"https://devops.ageas.pt/Ageas-NETCORE-Fronts/_apis/GraphProfile/MemberAvatars/win.Uy0xLTUtMjEtMTA2NTY2NzU1NS01MTYzNTU2MzgtMTM1NjYwOTA4NS0zMzczMQ"}},"id":"ee3f7413-6eb6-4209-8514-3cc7ebf5e1ae","uniqueName":"CORP\\vmoreira","imageUrl":"https://devops.ageas.pt/Ageas-NETCORE-Fronts/_api/_common/identityImage?id=ee3f7413-6eb6-4209-8514-3cc7ebf5e1ae","descriptor":"win.Uy0xLTUtMjEtMTA2NTY2NzU1NS01MTYzNTU2MzgtMTM1NjYwOTA4NS0zMzczMQ"},"variables":{"AgeasCorrelationIDHeader":{"value":""},"BusinessAPIbsUser":{"value":""},"DefaultConnectionString":{"value":""},"Environment":{"value":"PP"},"ExceptionsInResponse":{"value":""},"InstallService":{"value":"False","allowOverride":true},"Serilog.FilePath":{"value":"E:\\Logs\\IIS\\PP\\APIFiscalReportingPortal\\APIFiscalReportingPortal_"},"WebAPIBaseAddress":{"value":""},"WebAPIbsSolution":{"value":""},"WebAPIbsWebService":{"value":""},"WebAPIUseBroker":{"value":""},"XCorrelationIDHeader":{"value":""}},"variableGroups":[],"preDeployApprovals":{"approvals":[{"rank":1,"isAutomated":false,"isNotificationOn":false,"approver":{"displayName":"[FiscalReporting]\\FiscalReporting Team","url":"https://devops.ageas.pt/Ageas-NETCORE-Fronts/_apis/Identities/a0ffd027-670c-47f7-9c9f-679650deb28f","_links":{"avatar":{"href":"https://devops.ageas.pt/Ageas-NETCORE-Fronts/_apis/GraphProfile/MemberAvatars/vssgp.Uy0xLTktMTU1MTM3NDI0NS0yMTY2NTk5Nzg0LTQyNDM3MzE1MjktMjMxMjgzNDY0MS0xMjQ5NTE1NTM4LTEtMTc3MDAzNDkxMS04MTY5MDA0MjktMjk5NDM1ODM1My0zMzMxNTE3MjEz"}},"id":"a0ffd027-670c-47f7-9c9f-679650deb28f","uniqueName":"vstfs:///Classification/TeamProject/ad176c17-53f7-4755-8b45-f8a823a228e8\\FiscalReporting Team","imageUrl":"https://devops.ageas.pt/Ageas-NETCORE-Fronts/_api/_common/identityImage?id=a0ffd027-670c-47f7-9c9f-679650deb28f","isContainer":true,"descriptor":"vssgp.Uy0xLTktMTU1MTM3NDI0NS0yMTY2NTk5Nzg0LTQyNDM3MzE1MjktMjMxMjgzNDY0MS0xMjQ5NTE1NTM4LTEtMTc3MDAzNDkxMS04MTY5MDA0MjktMjk5NDM1ODM1My0zMzMxNTE3MjEz"},"id":6}],"approvalOptions":{"requiredApproverCount":1,"releaseCreatorCanBeApprover":true,"autoTriggeredAndPreviousEnvironmentApprovedCanBeSkipped":false,"enforceIdentityRevalidation":false,"timeoutInMinutes":0,"executionOrder":1}},"deployStep":{"id":20},"postDeployApprovals":{"approvals":[{"rank":1,"isAutomated":true,"isNotificationOn":false,"id":25}],"approvalOptions":{"requiredApproverCount":null,"releaseCreatorCanBeApprover":false,"autoTriggeredAndPreviousEnvironmentApprovedCanBeSkipped":false,"enforceIdentityRevalidation":false,"timeoutInMinutes":0,"executionOrder":2}},"deployPhases":[{"deploymentInput":{"parallelExecution":{"parallelExecutionType":0},"skipArtifactsDownload":false,"artifactsDownloadInput":{"downloadInputs":[]},"queueId":112,"demands":[],"enableAccessToken":false,"timeoutInMinutes":0,"jobCancelTimeoutInMinutes":1,"condition":"succeeded()","overrideInputs":{}},"rank":1,"phaseType":1,"name":"Run on agent","refName":null,"workflowTasks":[{"environment":{},"taskId":"31f040e5-e040-4336-878a-59a493355534","version":"1.*","name":"Configure Application","refName":"","enabled":true,"alwaysRun":false,"continueOnError":false,"timeoutInMinutes":0,"definitionType":"task","overrideInputs":{},"condition":"and(succeeded(), eq(variables['InstallService'], 'True'))","inputs":{"Script":"E:\\Scripts\\Add-Application.ps1 -servers $(Server.RVC.PP) -user $(ServiceNP.TFS.User) -password $(ServiceNP.TFS.Password) -name $(ApplicationName) -environment $(Environment)","ScriptArguments":""}},{"environment":{},"taskId":"a8515ec8-7254-4ffd-912c-86772e2b5962","version":"3.*","name":"Replace tokens in **/*.json","refName":"","enabled":true,"alwaysRun":false,"continueOnError":false,"timeoutInMinutes":0,"definitionType":"task","overrideInputs":{},"condition":"succeeded()","inputs":{"rootDirectory":"","targetFiles":"**/*.json","encoding":"utf-8","writeBOM":"true","escapeType":"json","escapeChar":"","charsToEscape":"","verbosity":"normal","actionOnMissing":"warn","keepToken":"false","tokenPrefix":"#{","tokenSuffix":"}#","useLegacyPattern":"false","emptyValue":"(empty)","defaultValue":"","enableTransforms":"false","transformPrefix":"(","transformSuffix":")","variableFiles":"","variableSeparator":".","enableTelemetry":"true"}},{"environment":{},"taskId":"a8515ec8-7254-4ffd-912c-86772e2b5962","version":"3.*","name":"Replace tokens in  **/*.config","refName":"","enabled":true,"alwaysRun":false,"continueOnError":false,"timeoutInMinutes":0,"definitionType":"task","overrideInputs":{},"condition":"succeeded()","inputs":{"rootDirectory":"","targetFiles":"**/*.config","encoding":"utf-8","writeBOM":"true","escapeType":"xml","escapeChar":"","charsToEscape":"","verbosity":"normal","actionOnMissing":"warn","keepToken":"false","tokenPrefix":"#{","tokenSuffix":"}#","useLegacyPattern":"false","emptyValue":"(empty)","defaultValue":"","enableTransforms":"false","transformPrefix":"(","transformSuffix":")","variableFiles":"","variableSeparator":".","enableTelemetry":"true"}},{"environment":{},"taskId":"a707a3cf-e0bf-41e5-b2a6-d6945a031e5a","version":"1.*","name":"Application Pool Stop","refName":"","enabled":true,"alwaysRun":true,"continueOnError":true,"timeoutInMinutes":0,"definitionType":"metaTask","overrideInputs":{},"condition":"succeededOrFailed()","inputs":{"Application Pool":"$(Environment)-$(ApplicationName)","Operation Timeout":"","Option":"STOP","Remote Password":"$(ServiceNP.TFS.Password)","Remote Username":" $(ServiceNP.TFS.User)","Server":"$(Server.RVC.PP)"}},{"environment":{},"taskId":"57ee7959-ba10-47a7-8adb-19d032872030","version":"3.*","name":"FullDeployV3: Copy files to remote server","refName":"","enabled":true,"alwaysRun":false,"continueOnError":false,"timeoutInMinutes":0,"definitionType":"task","overrideInputs":{},"condition":"succeeded()","inputs":{"localPath":"$(System.DefaultWorkingDirectory)/_APIFiscalReportingPortal-CI/APIFiscalReportingPortal","user":"$(ServiceNP.TFS.User)","password":"$(ServiceNP.TFS.Password)","destinationServer":"$(Server.RVC.PP)","destinationServerPath":"E:\\IIS\\$(Environment)\\$(ApplicationName)","useAppOffline":"true","deleteFiles":"true","zipFiles":"true","ignoreDestinationServerPathValidation":"false","localDrive":"E:","remoteDrive":"E:","useBackup":"true","backupFilePath":"E:\\IIS\\$(Environment)\\_backups\\$(ApplicationName)_{0}.zip","useLog4Net":"false","log4NetFilePath":"","log4NetReplaceValue":"","appPoolReset":"false","appPoolName":""}},{"environment":{},"taskId":"a707a3cf-e0bf-41e5-b2a6-d6945a031e5a","version":"1.*","name":"Application Pool Start","refName":"","enabled":true,"alwaysRun":true,"continueOnError":true,"timeoutInMinutes":0,"definitionType":"metaTask","overrideInputs":{},"condition":"succeededOrFailed()","inputs":{"Application Pool":"$(Environment)-$(ApplicationName) ","Operation Timeout":"","Option":"START","Remote Password":"$(ServiceNP.TFS.Password)","Remote Username":"$(ServiceNP.TFS.User)","Server":"$(Server.RVC.PP)"}}]}],"environmentOptions":{"emailNotificationType":"OnlyOnFailure","emailRecipients":"release.environment.owner;release.creator","skipArtifactsDownload":false,"timeoutInMinutes":0,"enableAccessToken":false,"publishDeploymentStatus":true,"badgeEnabled":false,"autoLinkWorkItems":false,"pullRequestDeploymentEnabled":false},"demands":[],"conditions":[{"name":"TS","conditionType":2,"value":"132"}],"executionPolicy":{"concurrencyCount":1,"queueDepthCount":1},"schedules":[],"currentRelease":{"id":0,"url":"https://devops.ageas.pt/Ageas-NETCORE-Fronts/ad176c17-53f7-4755-8b45-f8a823a228e8/_apis/Release/releases/0","_links":{}},"retentionPolicy":{"daysToKeep":30,"releasesToKeep":3,"retainBuild":true},"processParameters":{},"properties":{},"preDeploymentGates":{"id":0,"gatesOptions":null,"gates":[]},"postDeploymentGates":{"id":0,"gatesOptions":null,"gates":[]},"environmentTriggers":[],"badgeUrl":"https://devops.ageas.pt/Ageas-NETCORE-Fronts/_apis/public/Release/badge/ad176c17-53f7-4755-8b45-f8a823a228e8/2/4"},{"id":5,"name":"PR07","rank":4,"owner":{"displayName":"Vando Moreira (Externo)","url":"https://devops.ageas.pt/Ageas-NETCORE-Fronts/_apis/Identities/ee3f7413-6eb6-4209-8514-3cc7ebf5e1ae","_links":{"avatar":{"href":"https://devops.ageas.pt/Ageas-NETCORE-Fronts/_apis/GraphProfile/MemberAvatars/win.Uy0xLTUtMjEtMTA2NTY2NzU1NS01MTYzNTU2MzgtMTM1NjYwOTA4NS0zMzczMQ"}},"id":"ee3f7413-6eb6-4209-8514-3cc7ebf5e1ae","uniqueName":"CORP\\vmoreira","imageUrl":"https://devops.ageas.pt/Ageas-NETCORE-Fronts/_api/_common/identityImage?id=ee3f7413-6eb6-4209-8514-3cc7ebf5e1ae","descriptor":"win.Uy0xLTUtMjEtMTA2NTY2NzU1NS01MTYzNTU2MzgtMTM1NjYwOTA4NS0zMzczMQ"},"variables":{"AgeasCorrelationIDHeader":{"value":""},"DefaultConnectionString":{"value":""},"Environment":{"value":"PR"},"ExceptionsInResponse":{"value":""},"InstallService":{"value":"False","allowOverride":true},"Serilog.FilePath":{"value":"E:\\Logs\\IIS\\PR\\APIFiscalReportingPortal\\APIFiscalReportingPortal_"},"WebAPIBaseAddress":{"value":""},"WebAPIbsSolution":{"value":""},"WebAPIbsUser":{"value":""},"WebAPIbsWebService":{"value":""},"WebAPIUseBroker":{"value":""},"XCorrelationIDHeader":{"value":""}},"variableGroups":[],"preDeployApprovals":{"approvals":[{"rank":1,"isAutomated":false,"isNotificationOn":false,"approver":{"displayName":"[FiscalReporting]\\FiscalReporting Team","url":"https://devops.ageas.pt/Ageas-NETCORE-Fronts/_apis/Identities/a0ffd027-670c-47f7-9c9f-679650deb28f","_links":{"avatar":{"href":"https://devops.ageas.pt/Ageas-NETCORE-Fronts/_apis/GraphProfile/MemberAvatars/vssgp.Uy0xLTktMTU1MTM3NDI0NS0yMTY2NTk5Nzg0LTQyNDM3MzE1MjktMjMxMjgzNDY0MS0xMjQ5NTE1NTM4LTEtMTc3MDAzNDkxMS04MTY5MDA0MjktMjk5NDM1ODM1My0zMzMxNTE3MjEz"}},"id":"a0ffd027-670c-47f7-9c9f-679650deb28f","uniqueName":"vstfs:///Classification/TeamProject/ad176c17-53f7-4755-8b45-f8a823a228e8\\FiscalReporting Team","imageUrl":"https://devops.ageas.pt/Ageas-NETCORE-Fronts/_api/_common/identityImage?id=a0ffd027-670c-47f7-9c9f-679650deb28f","isContainer":true,"descriptor":"vssgp.Uy0xLTktMTU1MTM3NDI0NS0yMTY2NTk5Nzg0LTQyNDM3MzE1MjktMjMxMjgzNDY0MS0xMjQ5NTE1NTM4LTEtMTc3MDAzNDkxMS04MTY5MDA0MjktMjk5NDM1ODM1My0zMzMxNTE3MjEz"},"id":7}],"approvalOptions":{"requiredApproverCount":1,"releaseCreatorCanBeApprover":true,"autoTriggeredAndPreviousEnvironmentApprovedCanBeSkipped":false,"enforceIdentityRevalidation":false,"timeoutInMinutes":0,"executionOrder":1}},"deployStep":{"id":19},"postDeployApprovals":{"approvals":[{"rank":1,"isAutomated":true,"isNotificationOn":false,"id":26}],"approvalOptions":{"requiredApproverCount":null,"releaseCreatorCanBeApprover":false,"autoTriggeredAndPreviousEnvironmentApprovedCanBeSkipped":false,"enforceIdentityRevalidation":false,"timeoutInMinutes":0,"executionOrder":2}},"deployPhases":[{"deploymentInput":{"parallelExecution":{"parallelExecutionType":0},"skipArtifactsDownload":false,"artifactsDownloadInput":{"downloadInputs":[]},"queueId":112,"demands":[],"enableAccessToken":false,"timeoutInMinutes":0,"jobCancelTimeoutInMinutes":1,"condition":"succeeded()","overrideInputs":{}},"rank":1,"phaseType":1,"name":"Run on agent","refName":null,"workflowTasks":[{"environment":{},"taskId":"31f040e5-e040-4336-878a-59a493355534","version":"1.*","name":"Configure Application","refName":"","enabled":true,"alwaysRun":false,"continueOnError":false,"timeoutInMinutes":0,"definitionType":"task","overrideInputs":{},"condition":"and(succeeded(), eq(variables['InstallService'], 'True'))","inputs":{"Script":"E:\\Scripts\\Add-Application.ps1 -servers $(Server.RVC07.PR) -user $(Service.TFS.User) -password $(Service.TFS.Password) -name $(ApplicationName) -environment $(Environment)","ScriptArguments":""}},{"environment":{},"taskId":"a8515ec8-7254-4ffd-912c-86772e2b5962","version":"3.*","name":"Replace tokens in **/*.json","refName":"","enabled":true,"alwaysRun":false,"continueOnError":false,"timeoutInMinutes":0,"definitionType":"task","overrideInputs":{},"condition":"succeeded()","inputs":{"rootDirectory":"","targetFiles":"**/*.json","encoding":"utf-8","writeBOM":"true","escapeType":"json","escapeChar":"","charsToEscape":"","verbosity":"normal","actionOnMissing":"warn","keepToken":"false","tokenPrefix":"#{","tokenSuffix":"}#","useLegacyPattern":"false","emptyValue":"(empty)","defaultValue":"","enableTransforms":"false","transformPrefix":"(","transformSuffix":")","variableFiles":"","variableSeparator":".","enableTelemetry":"true"}},{"environment":{},"taskId":"a8515ec8-7254-4ffd-912c-86772e2b5962","version":"3.*","name":"Replace tokens in **/*.config","refName":"","enabled":true,"alwaysRun":false,"continueOnError":false,"timeoutInMinutes":0,"definitionType":"task","overrideInputs":{},"condition":"succeeded()","inputs":{"rootDirectory":"","targetFiles":"**/*.config","encoding":"utf-8","writeBOM":"true","escapeType":"xml","escapeChar":"","charsToEscape":"","verbosity":"normal","actionOnMissing":"warn","keepToken":"false","tokenPrefix":"#{","tokenSuffix":"}#","useLegacyPattern":"false","emptyValue":"(empty)","defaultValue":"","enableTransforms":"false","transformPrefix":"(","transformSuffix":")","variableFiles":"","variableSeparator":".","enableTelemetry":"true"}},{"environment":{},"taskId":"a707a3cf-e0bf-41e5-b2a6-d6945a031e5a","version":"1.*","name":"Application Pool Stop","refName":"","enabled":true,"alwaysRun":true,"continueOnError":true,"timeoutInMinutes":0,"definitionType":"metaTask","overrideInputs":{},"condition":"succeededOrFailed()","inputs":{"Application Pool":"$(Environment)-$(ApplicationName)","Operation Timeout":"","Option":"STOP","Remote Password":"$(Service.TFS.Password)","Remote Username":"$(Service.TFS.User)","Server":"$(Server.RVC.PR07)"}},{"environment":{},"taskId":"57ee7959-ba10-47a7-8adb-19d032872030","version":"3.*","name":"FullDeployV3: Copy files to remote server","refName":"","enabled":true,"alwaysRun":false,"continueOnError":false,"timeoutInMinutes":0,"definitionType":"task","overrideInputs":{},"condition":"succeeded()","inputs":{"localPath":"$(System.DefaultWorkingDirectory)/_APIFiscalReportingPortal-CI/APIFiscalReportingPortal","user":"$(Service.TFS.User)","password":"$(Service.TFS.Password)","destinationServer":"$(Server.RVC07.PR)","destinationServerPath":"E:\\IIS\\$(Environment)\\$(ApplicationName)","useAppOffline":"true","deleteFiles":"true","zipFiles":"true","ignoreDestinationServerPathValidation":"false","localDrive":"E:","remoteDrive":"E:","useBackup":"true","backupFilePath":"E:\\IIS\\$(Environment)\\_backups\\$(ApplicationName)_{0}.zip","useLog4Net":"false","log4NetFilePath":"","log4NetReplaceValue":"","appPoolReset":"false","appPoolName":""}},{"environment":{},"taskId":"a707a3cf-e0bf-41e5-b2a6-d6945a031e5a","version":"1.*","name":"Application Pool Start","refName":"","enabled":true,"alwaysRun":true,"continueOnError":true,"timeoutInMinutes":0,"definitionType":"metaTask","overrideInputs":{},"condition":"succeededOrFailed()","inputs":{"Application Pool":"$(Environment)-$(ApplicationName)","Operation Timeout":"0","Option":"START","Remote Password":"$(Service.TFS.Password)","Remote Username":"$(Service.TFS.User)","Server":"$(Server.RVC.PR07)"}}]}],"environmentOptions":{"emailNotificationType":"OnlyOnFailure","emailRecipients":"release.environment.owner;release.creator","skipArtifactsDownload":false,"timeoutInMinutes":0,"enableAccessToken":false,"publishDeploymentStatus":true,"badgeEnabled":false,"autoLinkWorkItems":false,"pullRequestDeploymentEnabled":false},"demands":[],"conditions":[{"name":"PP","conditionType":2,"value":"132"}],"executionPolicy":{"concurrencyCount":5,"queueDepthCount":1},"schedules":[],"currentRelease":{"id":0,"url":"https://devops.ageas.pt/Ageas-NETCORE-Fronts/ad176c17-53f7-4755-8b45-f8a823a228e8/_apis/Release/releases/0","_links":{}},"retentionPolicy":{"daysToKeep":30,"releasesToKeep":3,"retainBuild":true},"processParameters":{},"properties":{},"preDeploymentGates":{"id":0,"gatesOptions":null,"gates":[]},"postDeploymentGates":{"id":0,"gatesOptions":null,"gates":[]},"environmentTriggers":[],"badgeUrl":"https://devops.ageas.pt/Ageas-NETCORE-Fronts/_apis/public/Release/badge/ad176c17-53f7-4755-8b45-f8a823a228e8/2/5"},{"id":6,"name":"PR08","rank":5,"owner":{"displayName":"Vando Moreira (Externo)","url":"https://devops.ageas.pt/Ageas-NETCORE-Fronts/_apis/Identities/ee3f7413-6eb6-4209-8514-3cc7ebf5e1ae","_links":{"avatar":{"href":"https://devops.ageas.pt/Ageas-NETCORE-Fronts/_apis/GraphProfile/MemberAvatars/win.Uy0xLTUtMjEtMTA2NTY2NzU1NS01MTYzNTU2MzgtMTM1NjYwOTA4NS0zMzczMQ"}},"id":"ee3f7413-6eb6-4209-8514-3cc7ebf5e1ae","uniqueName":"CORP\\vmoreira","imageUrl":"https://devops.ageas.pt/Ageas-NETCORE-Fronts/_api/_common/identityImage?id=ee3f7413-6eb6-4209-8514-3cc7ebf5e1ae","descriptor":"win.Uy0xLTUtMjEtMTA2NTY2NzU1NS01MTYzNTU2MzgtMTM1NjYwOTA4NS0zMzczMQ"},"variables":{"AgeasCorrelationIDHeader":{"value":""},"DefaultConnectionString":{"value":""},"Environment":{"value":"PR"},"ExceptionsInResponse":{"value":""},"InstallService":{"value":"False"},"Serilog.FilePath":{"value":"E:\\Logs\\IIS\\PR\\APIFiscalReportingPortal\\APIFiscalReportingPortal_"},"WebAPIBaseAddress":{"value":""},"WebAPIbsSolution":{"value":""},"WebAPIbsUser":{"value":""},"WebAPIbsWebService":{"value":""},"WebAPIUseBroker":{"value":""},"XCorrelationIDHeader":{"value":""}},"variableGroups":[],"preDeployApprovals":{"approvals":[{"rank":1,"isAutomated":false,"isNotificationOn":false,"approver":{"displayName":"[FiscalReporting]\\FiscalReporting Team","url":"https://devops.ageas.pt/Ageas-NETCORE-Fronts/_apis/Identities/a0ffd027-670c-47f7-9c9f-679650deb28f","_links":{"avatar":{"href":"https://devops.ageas.pt/Ageas-NETCORE-Fronts/_apis/GraphProfile/MemberAvatars/vssgp.Uy0xLTktMTU1MTM3NDI0NS0yMTY2NTk5Nzg0LTQyNDM3MzE1MjktMjMxMjgzNDY0MS0xMjQ5NTE1NTM4LTEtMTc3MDAzNDkxMS04MTY5MDA0MjktMjk5NDM1ODM1My0zMzMxNTE3MjEz"}},"id":"a0ffd027-670c-47f7-9c9f-679650deb28f","uniqueName":"vstfs:///Classification/TeamProject/ad176c17-53f7-4755-8b45-f8a823a228e8\\FiscalReporting Team","imageUrl":"https://devops.ageas.pt/Ageas-NETCORE-Fronts/_api/_common/identityImage?id=a0ffd027-670c-47f7-9c9f-679650deb28f","isContainer":true,"descriptor":"vssgp.Uy0xLTktMTU1MTM3NDI0NS0yMTY2NTk5Nzg0LTQyNDM3MzE1MjktMjMxMjgzNDY0MS0xMjQ5NTE1NTM4LTEtMTc3MDAzNDkxMS04MTY5MDA0MjktMjk5NDM1ODM1My0zMzMxNTE3MjEz"},"id":8},{"rank":1,"isAutomated":false,"isNotificationOn":false,"approver":{"displayName":"[FiscalReporting]\\Release Administrators","url":"https://devops.ageas.pt/Ageas-NETCORE-Fronts/_apis/Identities/42d4b9eb-92cd-40c2-b2d1-13140727fb96","_links":{"avatar":{"href":"https://devops.ageas.pt/Ageas-NETCORE-Fronts/_apis/GraphProfile/MemberAvatars/vssgp.Uy0xLTktMTU1MTM3NDI0NS0yMTY2NTk5Nzg0LTQyNDM3MzE1MjktMjMxMjgzNDY0MS0xMjQ5NTE1NTM4LTEtMjUyMTA0MjU4My03NjIzMjMzLTMwMTE1MDM0NTItMjY4ODQ2Nzc5Mw"}},"id":"42d4b9eb-92cd-40c2-b2d1-13140727fb96","uniqueName":"vstfs:///Classification/TeamProject/ad176c17-53f7-4755-8b45-f8a823a228e8\\Release Administrators","imageUrl":"https://devops.ageas.pt/Ageas-NETCORE-Fronts/_api/_common/identityImage?id=42d4b9eb-92cd-40c2-b2d1-13140727fb96","isContainer":true,"descriptor":"vssgp.Uy0xLTktMTU1MTM3NDI0NS0yMTY2NTk5Nzg0LTQyNDM3MzE1MjktMjMxMjgzNDY0MS0xMjQ5NTE1NTM4LTEtMjUyMTA0MjU4My03NjIzMjMzLTMwMTE1MDM0NTItMjY4ODQ2Nzc5Mw"},"id":9}],"approvalOptions":{"requiredApproverCount":1,"releaseCreatorCanBeApprover":true,"autoTriggeredAndPreviousEnvironmentApprovedCanBeSkipped":false,"enforceIdentityRevalidation":false,"timeoutInMinutes":0,"executionOrder":1}},"deployStep":{"id":18},"postDeployApprovals":{"approvals":[{"rank":1,"isAutomated":true,"isNotificationOn":false,"id":27}],"approvalOptions":{"requiredApproverCount":null,"releaseCreatorCanBeApprover":false,"autoTriggeredAndPreviousEnvironmentApprovedCanBeSkipped":false,"enforceIdentityRevalidation":false,"timeoutInMinutes":0,"executionOrder":2}},"deployPhases":[{"deploymentInput":{"parallelExecution":{"parallelExecutionType":0},"skipArtifactsDownload":false,"artifactsDownloadInput":{"downloadInputs":[]},"queueId":112,"demands":[],"enableAccessToken":false,"timeoutInMinutes":0,"jobCancelTimeoutInMinutes":1,"condition":"succeeded()","overrideInputs":{}},"rank":1,"phaseType":1,"name":"Run on agent","refName":null,"workflowTasks":[{"environment":{},"taskId":"31f040e5-e040-4336-878a-59a493355534","version":"1.*","name":"Configure Application","refName":"","enabled":true,"alwaysRun":false,"continueOnError":false,"timeoutInMinutes":0,"definitionType":"task","overrideInputs":{},"condition":"and(succeeded(), eq(variables['InstallService'], 'True'))","inputs":{"Script":"E:\\Scripts\\Add-Application.ps1 -servers $(Server.RVC08.PR) -user $(Service.TFS.User) -password $(Service.TFS.Password) -name $(ApplicationName) -environment $(Environment)","ScriptArguments":""}},{"environment":{},"taskId":"a8515ec8-7254-4ffd-912c-86772e2b5962","version":"3.*","name":"Replace tokens in **/*.json","refName":"","enabled":true,"alwaysRun":false,"continueOnError":false,"timeoutInMinutes":0,"definitionType":"task","overrideInputs":{},"condition":"succeeded()","inputs":{"rootDirectory":"","targetFiles":"**/*.json","encoding":"utf-8","writeBOM":"true","escapeType":"json","escapeChar":"","charsToEscape":"","verbosity":"normal","actionOnMissing":"warn","keepToken":"false","tokenPrefix":"#{","tokenSuffix":"}#","useLegacyPattern":"false","emptyValue":"(empty)","defaultValue":"","enableTransforms":"false","transformPrefix":"(","transformSuffix":")","variableFiles":"","variableSeparator":".","enableTelemetry":"true"}},{"environment":{},"taskId":"a8515ec8-7254-4ffd-912c-86772e2b5962","version":"3.*","name":"Replace tokens in **/*.config","refName":"","enabled":true,"alwaysRun":false,"continueOnError":false,"timeoutInMinutes":0,"definitionType":"task","overrideInputs":{},"condition":"succeeded()","inputs":{"rootDirectory":"","targetFiles":"**/*.config","encoding":"utf-8","writeBOM":"true","escapeType":"xml","escapeChar":"","charsToEscape":"","verbosity":"normal","actionOnMissing":"warn","keepToken":"false","tokenPrefix":"#{","tokenSuffix":"}#","useLegacyPattern":"false","emptyValue":"(empty)","defaultValue":"","enableTransforms":"false","transformPrefix":"(","transformSuffix":")","variableFiles":"","variableSeparator":".","enableTelemetry":"true"}},{"environment":{},"taskId":"a707a3cf-e0bf-41e5-b2a6-d6945a031e5a","version":"1.*","name":"Application Pool Stop","refName":"","enabled":true,"alwaysRun":true,"continueOnError":true,"timeoutInMinutes":0,"definitionType":"metaTask","overrideInputs":{},"condition":"succeededOrFailed()","inputs":{"Application Pool":"$(Environment)-$(ApplicationName)","Operation Timeout":"","Option":"STOP","Remote Password":"$(Service.TFS.Password)","Remote Username":"$(Service.TFS.User)","Server":"$(Server.RVC.PR08)"}},{"environment":{},"taskId":"57ee7959-ba10-47a7-8adb-19d032872030","version":"3.*","name":"FullDeployV3: Copy files to remote server","refName":"","enabled":true,"alwaysRun":false,"continueOnError":false,"timeoutInMinutes":0,"definitionType":"task","overrideInputs":{},"condition":"succeeded()","inputs":{"localPath":"$(System.DefaultWorkingDirectory)/_APIFiscalReportingPortal-CI/APIFiscalReportingPortal","user":"$(Service.TFS.User)","password":"$(Service.TFS.Password)","destinationServer":"$(Server.RVC08.PR)","destinationServerPath":"E:\\IIS\\$(Environment)\\$(ApplicationName)","useAppOffline":"true","deleteFiles":"true","zipFiles":"true","ignoreDestinationServerPathValidation":"false","localDrive":"E:","remoteDrive":"E:","useBackup":"true","backupFilePath":"E:\\IIS\\$(Environment)\\_backups\\$(ApplicationName)_{0}.zip","useLog4Net":"false","log4NetFilePath":"","log4NetReplaceValue":"","appPoolReset":"false","appPoolName":""}},{"environment":{},"taskId":"a707a3cf-e0bf-41e5-b2a6-d6945a031e5a","version":"1.*","name":"Application Pool Start","refName":"","enabled":true,"alwaysRun":true,"continueOnError":true,"timeoutInMinutes":0,"definitionType":"metaTask","overrideInputs":{},"condition":"succeededOrFailed()","inputs":{"Application Pool":"$(Environment)-$(ApplicationName) ","Operation Timeout":"0","Option":"START","Remote Password":"$(Service.TFS.Password)","Remote Username":"$(Service.TFS.User)","Server":"$(Server.RVC.PR08)"}}]}],"environmentOptions":{"emailNotificationType":"OnlyOnFailure","emailRecipients":"release.environment.owner;release.creator","skipArtifactsDownload":false,"timeoutInMinutes":0,"enableAccessToken":false,"publishDeploymentStatus":true,"badgeEnabled":false,"autoLinkWorkItems":false,"pullRequestDeploymentEnabled":false},"demands":[],"conditions":[{"name":"PR07","conditionType":2,"value":"132"}],"executionPolicy":{"concurrencyCount":5,"queueDepthCount":1},"schedules":[],"currentRelease":{"id":0,"url":"https://devops.ageas.pt/Ageas-NETCORE-Fronts/ad176c17-53f7-4755-8b45-f8a823a228e8/_apis/Release/releases/0","_links":{}},"retentionPolicy":{"daysToKeep":30,"releasesToKeep":3,"retainBuild":true},"processParameters":{},"properties":{},"preDeploymentGates":{"id":0,"gatesOptions":null,"gates":[]},"postDeploymentGates":{"id":0,"gatesOptions":null,"gates":[]},"environmentTriggers":[],"badgeUrl":"https://devops.ageas.pt/Ageas-NETCORE-Fronts/_apis/public/Release/badge/ad176c17-53f7-4755-8b45-f8a823a228e8/2/6"},{"id":7,"name":"MT","rank":6,"owner":{"displayName":"Vando Moreira (Externo)","url":"https://devops.ageas.pt/Ageas-NETCORE-Fronts/_apis/Identities/ee3f7413-6eb6-4209-8514-3cc7ebf5e1ae","_links":{"avatar":{"href":"https://devops.ageas.pt/Ageas-NETCORE-Fronts/_apis/GraphProfile/MemberAvatars/win.Uy0xLTUtMjEtMTA2NTY2NzU1NS01MTYzNTU2MzgtMTM1NjYwOTA4NS0zMzczMQ"}},"id":"ee3f7413-6eb6-4209-8514-3cc7ebf5e1ae","uniqueName":"CORP\\vmoreira","imageUrl":"https://devops.ageas.pt/Ageas-NETCORE-Fronts/_api/_common/identityImage?id=ee3f7413-6eb6-4209-8514-3cc7ebf5e1ae","descriptor":"win.Uy0xLTUtMjEtMTA2NTY2NzU1NS01MTYzNTU2MzgtMTM1NjYwOTA4NS0zMzczMQ"},"variables":{"AgeasCorrelationIDHeader":{"value":""},"DefaultConnectionString":{"value":""},"Environment":{"value":"MT"},"ExceptionsInResponse":{"value":""},"InstallService":{"value":"False"},"Serilog.FilePath":{"value":"E:\\Logs\\IIS\\MT\\APIFiscalReportingPortal\\APIFiscalReportingPortal_"},"WebAPIBaseAddress":{"value":""},"WebAPIbsSolution":{"value":""},"WebAPIbsUser":{"value":""},"WebAPIbsWebService":{"value":""},"WebAPIUseBroker":{"value":""},"XCorrelationIDHeader":{"value":""}},"variableGroups":[],"preDeployApprovals":{"approvals":[{"rank":1,"isAutomated":false,"isNotificationOn":false,"approver":{"displayName":"[FiscalReporting]\\FiscalReporting Team","url":"https://devops.ageas.pt/Ageas-NETCORE-Fronts/_apis/Identities/a0ffd027-670c-47f7-9c9f-679650deb28f","_links":{"avatar":{"href":"https://devops.ageas.pt/Ageas-NETCORE-Fronts/_apis/GraphProfile/MemberAvatars/vssgp.Uy0xLTktMTU1MTM3NDI0NS0yMTY2NTk5Nzg0LTQyNDM3MzE1MjktMjMxMjgzNDY0MS0xMjQ5NTE1NTM4LTEtMTc3MDAzNDkxMS04MTY5MDA0MjktMjk5NDM1ODM1My0zMzMxNTE3MjEz"}},"id":"a0ffd027-670c-47f7-9c9f-679650deb28f","uniqueName":"vstfs:///Classification/TeamProject/ad176c17-53f7-4755-8b45-f8a823a228e8\\FiscalReporting Team","imageUrl":"https://devops.ageas.pt/Ageas-NETCORE-Fronts/_api/_common/identityImage?id=a0ffd027-670c-47f7-9c9f-679650deb28f","isContainer":true,"descriptor":"vssgp.Uy0xLTktMTU1MTM3NDI0NS0yMTY2NTk5Nzg0LTQyNDM3MzE1MjktMjMxMjgzNDY0MS0xMjQ5NTE1NTM4LTEtMTc3MDAzNDkxMS04MTY5MDA0MjktMjk5NDM1ODM1My0zMzMxNTE3MjEz"},"id":14}],"approvalOptions":{"requiredApproverCount":null,"releaseCreatorCanBeApprover":true,"autoTriggeredAndPreviousEnvironmentApprovedCanBeSkipped":false,"enforceIdentityRevalidation":false,"timeoutInMinutes":0,"executionOrder":1}},"deployStep":{"id":15},"postDeployApprovals":{"approvals":[{"rank":1,"isAutomated":true,"isNotificationOn":false,"id":30}],"approvalOptions":{"requiredApproverCount":null,"releaseCreatorCanBeApprover":false,"autoTriggeredAndPreviousEnvironmentApprovedCanBeSkipped":false,"enforceIdentityRevalidation":false,"timeoutInMinutes":0,"executionOrder":2}},"deployPhases":[{"deploymentInput":{"parallelExecution":{"parallelExecutionType":0},"skipArtifactsDownload":false,"artifactsDownloadInput":{"downloadInputs":[]},"queueId":112,"demands":[],"enableAccessToken":false,"timeoutInMinutes":0,"jobCancelTimeoutInMinutes":1,"condition":"succeeded()","overrideInputs":{}},"rank":1,"phaseType":1,"name":"Run on agent","refName":null,"workflowTasks":[{"environment":{},"taskId":"31f040e5-e040-4336-878a-59a493355534","version":"1.*","name":"Configure Application","refName":"","enabled":true,"alwaysRun":false,"continueOnError":false,"timeoutInMinutes":0,"definitionType":"task","overrideInputs":{},"condition":"and(succeeded(), eq(variables['InstallService'], 'True'))","inputs":{"Script":"E:\\Scripts\\Add-Application.ps1 -servers $(Server.RVC.MT) -user $(ServiceNP.TFS.User) -password $(ServiceNP.TFS.Password) -name $(ApplicationName) -environment $(Environment)","ScriptArguments":""}},{"environment":{},"taskId":"a8515ec8-7254-4ffd-912c-86772e2b5962","version":"3.*","name":"Replace tokens in **/*.json","refName":"","enabled":true,"alwaysRun":false,"continueOnError":false,"timeoutInMinutes":0,"definitionType":"task","overrideInputs":{},"condition":"succeeded()","inputs":{"rootDirectory":"","targetFiles":"**/*.json","encoding":"utf-8","writeBOM":"true","escapeType":"json","escapeChar":"","charsToEscape":"","verbosity":"normal","actionOnMissing":"warn","keepToken":"false","tokenPrefix":"#{","tokenSuffix":"}#","useLegacyPattern":"false","emptyValue":"(empty)","defaultValue":"","enableTransforms":"false","transformPrefix":"(","transformSuffix":")","variableFiles":"","variableSeparator":".","enableTelemetry":"true"}},{"environment":{},"taskId":"a8515ec8-7254-4ffd-912c-86772e2b5962","version":"3.*","name":"Replace tokens in **/*.config","refName":"","enabled":true,"alwaysRun":false,"continueOnError":false,"timeoutInMinutes":0,"definitionType":"task","overrideInputs":{},"condition":"succeeded()","inputs":{"rootDirectory":"","targetFiles":"**/*.config","encoding":"utf-8","writeBOM":"true","escapeType":"xml","escapeChar":"","charsToEscape":"","verbosity":"normal","actionOnMissing":"warn","keepToken":"false","tokenPrefix":"#{","tokenSuffix":"}#","useLegacyPattern":"false","emptyValue":"(empty)","defaultValue":"","enableTransforms":"false","transformPrefix":"(","transformSuffix":")","variableFiles":"","variableSeparator":".","enableTelemetry":"true"}},{"environment":{},"taskId":"a707a3cf-e0bf-41e5-b2a6-d6945a031e5a","version":"1.*","name":"Application Pool Stop","refName":"","enabled":true,"alwaysRun":true,"continueOnError":true,"timeoutInMinutes":0,"definitionType":"metaTask","overrideInputs":{},"condition":"succeededOrFailed()","inputs":{"Application Pool":"$(Environment)-$(ApplicationName)","Operation Timeout":"","Option":"STOP","Remote Password":"$(ServiceNP.TFS.Password)","Remote Username":"$(ServiceNP.TFS.User)","Server":"$(Server.RVC.MT)"}},{"environment":{},"taskId":"57ee7959-ba10-47a7-8adb-19d032872030","version":"3.*","name":"FullDeployV3: Copy files to remote server","refName":"","enabled":true,"alwaysRun":false,"continueOnError":false,"timeoutInMinutes":0,"definitionType":"task","overrideInputs":{},"condition":"succeeded()","inputs":{"localPath":"$(System.DefaultWorkingDirectory)/_APIFiscalReportingPortal-CI/APIFiscalReportingPortal","user":"$(ServiceNP.TFS.User)","password":"$(ServiceNP.TFS.Password)","destinationServer":"$(Server.RVC.MT)","destinationServerPath":"E:\\IIS\\$(Environment)\\$(ApplicationName)","useAppOffline":"true","deleteFiles":"true","zipFiles":"true","ignoreDestinationServerPathValidation":"false","localDrive":"E:","remoteDrive":"E:","useBackup":"true","backupFilePath":"E:\\IIS\\$(Environment)\\_backups\\$(ApplicationName)_{0}.zip","useLog4Net":"false","log4NetFilePath":"","log4NetReplaceValue":"","appPoolReset":"false","appPoolName":""}},{"environment":{},"taskId":"a707a3cf-e0bf-41e5-b2a6-d6945a031e5a","version":"1.*","name":"Application Pool Start","refName":"","enabled":true,"alwaysRun":true,"continueOnError":true,"timeoutInMinutes":0,"definitionType":"metaTask","overrideInputs":{},"condition":"succeededOrFailed()","inputs":{"Application Pool":"$(Environment)-$(ApplicationName) | IIS","Operation Timeout":"0","Option":"START","Remote Password":"$(ServiceNP.TFS.Password)","Remote Username":"$(ServiceNP.TFS.User)","Server":"$(Server.RVC.MT)"}}]}],"environmentOptions":{"emailNotificationType":"OnlyOnFailure","emailRecipients":"release.environment.owner;release.creator","skipArtifactsDownload":false,"timeoutInMinutes":0,"enableAccessToken":false,"publishDeploymentStatus":true,"badgeEnabled":false,"autoLinkWorkItems":false,"pullRequestDeploymentEnabled":true},"demands":[],"conditions":[{"name":"ReleaseStarted","conditionType":1,"value":""},{"name":"_APIFiscalReportingPortal-CI","conditionType":4,"value":"{\"sourceBranch\":\"support\",\"tags\":[],\"useBuildDefinitionBranch\":false,\"createReleaseOnBuildTagging\":false}"}],"executionPolicy":{"concurrencyCount":1,"queueDepthCount":1},"schedules":[],"currentRelease":{"id":0,"url":"https://devops.ageas.pt/Ageas-NETCORE-Fronts/ad176c17-53f7-4755-8b45-f8a823a228e8/_apis/Release/releases/0","_links":{}},"retentionPolicy":{"daysToKeep":30,"releasesToKeep":3,"retainBuild":true},"processParameters":{},"properties":{},"preDeploymentGates":{"id":0,"gatesOptions":null,"gates":[]},"postDeploymentGates":{"id":0,"gatesOptions":null,"gates":[]},"environmentTriggers":[],"badgeUrl":"https://devops.ageas.pt/Ageas-NETCORE-Fronts/_apis/public/Release/badge/ad176c17-53f7-4755-8b45-f8a823a228e8/2/7"},{"id":8,"name":"PR07 (Hotfix)","rank":7,"owner":{"displayName":"Vando Moreira (Externo)","url":"https://devops.ageas.pt/Ageas-NETCORE-Fronts/_apis/Identities/ee3f7413-6eb6-4209-8514-3cc7ebf5e1ae","_links":{"avatar":{"href":"https://devops.ageas.pt/Ageas-NETCORE-Fronts/_apis/GraphProfile/MemberAvatars/win.Uy0xLTUtMjEtMTA2NTY2NzU1NS01MTYzNTU2MzgtMTM1NjYwOTA4NS0zMzczMQ"}},"id":"ee3f7413-6eb6-4209-8514-3cc7ebf5e1ae","uniqueName":"CORP\\vmoreira","imageUrl":"https://devops.ageas.pt/Ageas-NETCORE-Fronts/_api/_common/identityImage?id=ee3f7413-6eb6-4209-8514-3cc7ebf5e1ae","descriptor":"win.Uy0xLTUtMjEtMTA2NTY2NzU1NS01MTYzNTU2MzgtMTM1NjYwOTA4NS0zMzczMQ"},"variables":{"AgeasCorrelationIDHeader":{"value":""},"DefaultConnectionString":{"value":""},"Environment":{"value":"PR"},"ExceptionsInResponse":{"value":""},"InstallService":{"value":"False"},"Serilog.FilePath":{"value":"E:\\Logs\\IIS\\PR\\APIFiscalReportingPortal\\APIFiscalReportingPortal_"},"WebAPIBaseAddress":{"value":""},"WebAPIbsSolution":{"value":""},"WebAPIbsUser":{"value":""},"WebAPIbsWebService":{"value":""},"WebAPIUseBroker":{"value":""},"XCorrelationIDHeader":{"value":""}},"variableGroups":[],"preDeployApprovals":{"approvals":[{"rank":1,"isAutomated":false,"isNotificationOn":false,"approver":{"displayName":"[FiscalReporting]\\FiscalReporting Team","url":"https://devops.ageas.pt/Ageas-NETCORE-Fronts/_apis/Identities/a0ffd027-670c-47f7-9c9f-679650deb28f","_links":{"avatar":{"href":"https://devops.ageas.pt/Ageas-NETCORE-Fronts/_apis/GraphProfile/MemberAvatars/vssgp.Uy0xLTktMTU1MTM3NDI0NS0yMTY2NTk5Nzg0LTQyNDM3MzE1MjktMjMxMjgzNDY0MS0xMjQ5NTE1NTM4LTEtMTc3MDAzNDkxMS04MTY5MDA0MjktMjk5NDM1ODM1My0zMzMxNTE3MjEz"}},"id":"a0ffd027-670c-47f7-9c9f-679650deb28f","uniqueName":"vstfs:///Classification/TeamProject/ad176c17-53f7-4755-8b45-f8a823a228e8\\FiscalReporting Team","imageUrl":"https://devops.ageas.pt/Ageas-NETCORE-Fronts/_api/_common/identityImage?id=a0ffd027-670c-47f7-9c9f-679650deb28f","isContainer":true,"descriptor":"vssgp.Uy0xLTktMTU1MTM3NDI0NS0yMTY2NTk5Nzg0LTQyNDM3MzE1MjktMjMxMjgzNDY0MS0xMjQ5NTE1NTM4LTEtMTc3MDAzNDkxMS04MTY5MDA0MjktMjk5NDM1ODM1My0zMzMxNTE3MjEz"},"id":10},{"rank":1,"isAutomated":false,"isNotificationOn":false,"approver":{"displayName":"[FiscalReporting]\\Release Administrators","url":"https://devops.ageas.pt/Ageas-NETCORE-Fronts/_apis/Identities/42d4b9eb-92cd-40c2-b2d1-13140727fb96","_links":{"avatar":{"href":"https://devops.ageas.pt/Ageas-NETCORE-Fronts/_apis/GraphProfile/MemberAvatars/vssgp.Uy0xLTktMTU1MTM3NDI0NS0yMTY2NTk5Nzg0LTQyNDM3MzE1MjktMjMxMjgzNDY0MS0xMjQ5NTE1NTM4LTEtMjUyMTA0MjU4My03NjIzMjMzLTMwMTE1MDM0NTItMjY4ODQ2Nzc5Mw"}},"id":"42d4b9eb-92cd-40c2-b2d1-13140727fb96","uniqueName":"vstfs:///Classification/TeamProject/ad176c17-53f7-4755-8b45-f8a823a228e8\\Release Administrators","imageUrl":"https://devops.ageas.pt/Ageas-NETCORE-Fronts/_api/_common/identityImage?id=42d4b9eb-92cd-40c2-b2d1-13140727fb96","isContainer":true,"descriptor":"vssgp.Uy0xLTktMTU1MTM3NDI0NS0yMTY2NTk5Nzg0LTQyNDM3MzE1MjktMjMxMjgzNDY0MS0xMjQ5NTE1NTM4LTEtMjUyMTA0MjU4My03NjIzMjMzLTMwMTE1MDM0NTItMjY4ODQ2Nzc5Mw"},"id":11}],"approvalOptions":{"requiredApproverCount":1,"releaseCreatorCanBeApprover":true,"autoTriggeredAndPreviousEnvironmentApprovedCanBeSkipped":false,"enforceIdentityRevalidation":false,"timeoutInMinutes":0,"executionOrder":1}},"deployStep":{"id":17},"postDeployApprovals":{"approvals":[{"rank":1,"isAutomated":true,"isNotificationOn":false,"id":28}],"approvalOptions":{"requiredApproverCount":null,"releaseCreatorCanBeApprover":false,"autoTriggeredAndPreviousEnvironmentApprovedCanBeSkipped":false,"enforceIdentityRevalidation":false,"timeoutInMinutes":0,"executionOrder":2}},"deployPhases":[{"deploymentInput":{"parallelExecution":{"parallelExecutionType":0},"skipArtifactsDownload":false,"artifactsDownloadInput":{"downloadInputs":[]},"queueId":112,"demands":[],"enableAccessToken":false,"timeoutInMinutes":0,"jobCancelTimeoutInMinutes":1,"condition":"succeeded()","overrideInputs":{}},"rank":1,"phaseType":1,"name":"Run on agent","refName":null,"workflowTasks":[{"environment":{},"taskId":"31f040e5-e040-4336-878a-59a493355534","version":"1.*","name":"Configure Application","refName":"","enabled":true,"alwaysRun":false,"continueOnError":false,"timeoutInMinutes":0,"definitionType":"task","overrideInputs":{},"condition":"and(succeeded(), eq(variables['InstallService'], 'True'))","inputs":{"Script":"E:\\Scripts\\Add-Application.ps1 -servers $(Server.RVC07.PR) -user $(Service.TFS.User) -password $(Service.TFS.Password) -name $(ApplicationName) -environment $(Environment)","ScriptArguments":""}},{"environment":{},"taskId":"a8515ec8-7254-4ffd-912c-86772e2b5962","version":"3.*","name":"Replace tokens in **/*.json","refName":"","enabled":true,"alwaysRun":false,"continueOnError":false,"timeoutInMinutes":0,"definitionType":"task","overrideInputs":{},"condition":"succeeded()","inputs":{"rootDirectory":"","targetFiles":"**/*.json","encoding":"utf-8","writeBOM":"true","escapeType":"json","escapeChar":"","charsToEscape":"","verbosity":"normal","actionOnMissing":"warn","keepToken":"false","tokenPrefix":"#{","tokenSuffix":"}#","useLegacyPattern":"false","emptyValue":"(empty)","defaultValue":"","enableTransforms":"false","transformPrefix":"(","transformSuffix":")","variableFiles":"","variableSeparator":".","enableTelemetry":"true"}},{"environment":{},"taskId":"a8515ec8-7254-4ffd-912c-86772e2b5962","version":"3.*","name":"Replace tokens in **/*.config","refName":"","enabled":true,"alwaysRun":false,"continueOnError":false,"timeoutInMinutes":0,"definitionType":"task","overrideInputs":{},"condition":"succeeded()","inputs":{"rootDirectory":"","targetFiles":"**/*.config","encoding":"utf-8","writeBOM":"true","escapeType":"xml","escapeChar":"","charsToEscape":"","verbosity":"normal","actionOnMissing":"warn","keepToken":"false","tokenPrefix":"#{","tokenSuffix":"}#","useLegacyPattern":"false","emptyValue":"(empty)","defaultValue":"","enableTransforms":"false","transformPrefix":"(","transformSuffix":")","variableFiles":"","variableSeparator":".","enableTelemetry":"true"}},{"environment":{},"taskId":"a707a3cf-e0bf-41e5-b2a6-d6945a031e5a","version":"1.*","name":"Application Pool Stop","refName":"","enabled":true,"alwaysRun":true,"continueOnError":true,"timeoutInMinutes":0,"definitionType":"metaTask","overrideInputs":{},"condition":"succeededOrFailed()","inputs":{"Application Pool":"$(Environment)-$(ApplicationName)","Operation Timeout":"","Option":"STOP","Remote Password":"$(Service.TFS.Password)","Remote Username":"$(Service.TFS.User)","Server":"$(Server.RVC.PR07)"}},{"environment":{},"taskId":"57ee7959-ba10-47a7-8adb-19d032872030","version":"3.*","name":"FullDeployV3: Copy files to remote server","refName":"","enabled":true,"alwaysRun":false,"continueOnError":false,"timeoutInMinutes":0,"definitionType":"task","overrideInputs":{},"condition":"succeeded()","inputs":{"localPath":"$(System.DefaultWorkingDirectory)/_APIFiscalReportingPortal-CI/APIFiscalReportingPortal","user":"$(Service.TFS.User)","password":"$(Service.TFS.Password)","destinationServer":"$(Server.RVC07.PR)","destinationServerPath":"E:\\IIS\\$(Environment)\\$(ApplicationName)","useAppOffline":"true","deleteFiles":"true","zipFiles":"true","ignoreDestinationServerPathValidation":"false","localDrive":"E:","remoteDrive":"E:","useBackup":"true","backupFilePath":"E:\\IIS\\$(Environment)\\_backups\\$(ApplicationName)_{0}.zip","useLog4Net":"false","log4NetFilePath":"","log4NetReplaceValue":"","appPoolReset":"false","appPoolName":""}},{"environment":{},"taskId":"a707a3cf-e0bf-41e5-b2a6-d6945a031e5a","version":"1.*","name":"Application Pool Start","refName":"","enabled":true,"alwaysRun":true,"continueOnError":true,"timeoutInMinutes":0,"definitionType":"metaTask","overrideInputs":{},"condition":"succeededOrFailed()","inputs":{"Application Pool":"$(Environment)-$(ApplicationName) | IIS","Operation Timeout":"0","Option":"START","Remote Password":"$(Service.TFS.Password)","Remote Username":"$(Service.TFS.Password)","Server":"$(Server.RVC.PR07)"}}]}],"environmentOptions":{"emailNotificationType":"OnlyOnFailure","emailRecipients":"release.environment.owner;release.creator","skipArtifactsDownload":false,"timeoutInMinutes":0,"enableAccessToken":false,"publishDeploymentStatus":true,"badgeEnabled":false,"autoLinkWorkItems":false,"pullRequestDeploymentEnabled":false},"demands":[],"conditions":[{"name":"MT","conditionType":2,"value":"132"}],"executionPolicy":{"concurrencyCount":5,"queueDepthCount":1},"schedules":[],"currentRelease":{"id":0,"url":"https://devops.ageas.pt/Ageas-NETCORE-Fronts/ad176c17-53f7-4755-8b45-f8a823a228e8/_apis/Release/releases/0","_links":{}},"retentionPolicy":{"daysToKeep":30,"releasesToKeep":3,"retainBuild":true},"processParameters":{},"properties":{},"preDeploymentGates":{"id":0,"gatesOptions":null,"gates":[]},"postDeploymentGates":{"id":0,"gatesOptions":null,"gates":[]},"environmentTriggers":[],"badgeUrl":"https://devops.ageas.pt/Ageas-NETCORE-Fronts/_apis/public/Release/badge/ad176c17-53f7-4755-8b45-f8a823a228e8/2/8"},{"id":9,"name":"PR08 (Hotfix)","rank":8,"owner":{"displayName":"Vando Moreira (Externo)","url":"https://devops.ageas.pt/Ageas-NETCORE-Fronts/_apis/Identities/ee3f7413-6eb6-4209-8514-3cc7ebf5e1ae","_links":{"avatar":{"href":"https://devops.ageas.pt/Ageas-NETCORE-Fronts/_apis/GraphProfile/MemberAvatars/win.Uy0xLTUtMjEtMTA2NTY2NzU1NS01MTYzNTU2MzgtMTM1NjYwOTA4NS0zMzczMQ"}},"id":"ee3f7413-6eb6-4209-8514-3cc7ebf5e1ae","uniqueName":"CORP\\vmoreira","imageUrl":"https://devops.ageas.pt/Ageas-NETCORE-Fronts/_api/_common/identityImage?id=ee3f7413-6eb6-4209-8514-3cc7ebf5e1ae","descriptor":"win.Uy0xLTUtMjEtMTA2NTY2NzU1NS01MTYzNTU2MzgtMTM1NjYwOTA4NS0zMzczMQ"},"variables":{"Environment":{"value":"PR"},"ExceptionsInResponse":{"value":""},"InstallService":{"value":"False"},"Serilog.FilePath":{"value":"E:\\Logs\\IIS\\PR\\APIFiscalReportingPortal\\APIFiscalReportingPortal_"},"WebAPIBaseAddress":{"value":""},"WebAPIbsSolution":{"value":""},"WebAPIbsUser":{"value":""},"WebAPIbsWebService":{"value":""},"WebAPIUseBroker":{"value":""},"XCorrelationIDHeader":{"value":""}},"variableGroups":[],"preDeployApprovals":{"approvals":[{"rank":1,"isAutomated":false,"isNotificationOn":false,"approver":{"displayName":"[FiscalReporting]\\FiscalReporting Team","url":"https://devops.ageas.pt/Ageas-NETCORE-Fronts/_apis/Identities/a0ffd027-670c-47f7-9c9f-679650deb28f","_links":{"avatar":{"href":"https://devops.ageas.pt/Ageas-NETCORE-Fronts/_apis/GraphProfile/MemberAvatars/vssgp.Uy0xLTktMTU1MTM3NDI0NS0yMTY2NTk5Nzg0LTQyNDM3MzE1MjktMjMxMjgzNDY0MS0xMjQ5NTE1NTM4LTEtMTc3MDAzNDkxMS04MTY5MDA0MjktMjk5NDM1ODM1My0zMzMxNTE3MjEz"}},"id":"a0ffd027-670c-47f7-9c9f-679650deb28f","uniqueName":"vstfs:///Classification/TeamProject/ad176c17-53f7-4755-8b45-f8a823a228e8\\FiscalReporting Team","imageUrl":"https://devops.ageas.pt/Ageas-NETCORE-Fronts/_api/_common/identityImage?id=a0ffd027-670c-47f7-9c9f-679650deb28f","isContainer":true,"descriptor":"vssgp.Uy0xLTktMTU1MTM3NDI0NS0yMTY2NTk5Nzg0LTQyNDM3MzE1MjktMjMxMjgzNDY0MS0xMjQ5NTE1NTM4LTEtMTc3MDAzNDkxMS04MTY5MDA0MjktMjk5NDM1ODM1My0zMzMxNTE3MjEz"},"id":12},{"rank":1,"isAutomated":false,"isNotificationOn":false,"approver":{"displayName":"[FiscalReporting]\\Release Administrators","url":"https://devops.ageas.pt/Ageas-NETCORE-Fronts/_apis/Identities/42d4b9eb-92cd-40c2-b2d1-13140727fb96","_links":{"avatar":{"href":"https://devops.ageas.pt/Ageas-NETCORE-Fronts/_apis/GraphProfile/MemberAvatars/vssgp.Uy0xLTktMTU1MTM3NDI0NS0yMTY2NTk5Nzg0LTQyNDM3MzE1MjktMjMxMjgzNDY0MS0xMjQ5NTE1NTM4LTEtMjUyMTA0MjU4My03NjIzMjMzLTMwMTE1MDM0NTItMjY4ODQ2Nzc5Mw"}},"id":"42d4b9eb-92cd-40c2-b2d1-13140727fb96","uniqueName":"vstfs:///Classification/TeamProject/ad176c17-53f7-4755-8b45-f8a823a228e8\\Release Administrators","imageUrl":"https://devops.ageas.pt/Ageas-NETCORE-Fronts/_api/_common/identityImage?id=42d4b9eb-92cd-40c2-b2d1-13140727fb96","isContainer":true,"descriptor":"vssgp.Uy0xLTktMTU1MTM3NDI0NS0yMTY2NTk5Nzg0LTQyNDM3MzE1MjktMjMxMjgzNDY0MS0xMjQ5NTE1NTM4LTEtMjUyMTA0MjU4My03NjIzMjMzLTMwMTE1MDM0NTItMjY4ODQ2Nzc5Mw"},"id":13}],"approvalOptions":{"requiredApproverCount":1,"releaseCreatorCanBeApprover":true,"autoTriggeredAndPreviousEnvironmentApprovedCanBeSkipped":false,"enforceIdentityRevalidation":false,"timeoutInMinutes":0,"executionOrder":1}},"deployStep":{"id":16},"postDeployApprovals":{"approvals":[{"rank":1,"isAutomated":true,"isNotificationOn":false,"id":29}],"approvalOptions":{"requiredApproverCount":null,"releaseCreatorCanBeApprover":false,"autoTriggeredAndPreviousEnvironmentApprovedCanBeSkipped":false,"enforceIdentityRevalidation":false,"timeoutInMinutes":0,"executionOrder":2}},"deployPhases":[{"deploymentInput":{"parallelExecution":{"parallelExecutionType":0},"skipArtifactsDownload":false,"artifactsDownloadInput":{"downloadInputs":[]},"queueId":112,"demands":[],"enableAccessToken":false,"timeoutInMinutes":0,"jobCancelTimeoutInMinutes":1,"condition":"succeeded()","overrideInputs":{}},"rank":1,"phaseType":1,"name":"Run on agent","refName":null,"workflowTasks":[{"environment":{},"taskId":"31f040e5-e040-4336-878a-59a493355534","version":"1.*","name":"Configure Application","refName":"","enabled":true,"alwaysRun":false,"continueOnError":false,"timeoutInMinutes":0,"definitionType":"task","overrideInputs":{},"condition":"and(succeeded(), eq(variables['InstallService'], 'True'))","inputs":{"Script":"E:\\Scripts\\Add-Application.ps1 -servers $(Server.RVC08.PR) -user $(Service.TFS.User) -password $(Service.TFS.Password) -name $(ApplicationName) -environment $(Environment)","ScriptArguments":""}},{"environment":{},"taskId":"a8515ec8-7254-4ffd-912c-86772e2b5962","version":"3.*","name":"Replace tokens in **/*.json","refName":"","enabled":true,"alwaysRun":false,"continueOnError":false,"timeoutInMinutes":0,"definitionType":"task","overrideInputs":{},"condition":"succeeded()","inputs":{"rootDirectory":"","targetFiles":"**/*.json","encoding":"utf-8","writeBOM":"true","escapeType":"json","escapeChar":"","charsToEscape":"","verbosity":"normal","actionOnMissing":"warn","keepToken":"false","tokenPrefix":"#{","tokenSuffix":"}#","useLegacyPattern":"false","emptyValue":"(empty)","defaultValue":"","enableTransforms":"false","transformPrefix":"(","transformSuffix":")","variableFiles":"","variableSeparator":".","enableTelemetry":"true"}},{"environment":{},"taskId":"a8515ec8-7254-4ffd-912c-86772e2b5962","version":"3.*","name":"Replace tokens in **/*.config","refName":"","enabled":true,"alwaysRun":false,"continueOnError":false,"timeoutInMinutes":0,"definitionType":"task","overrideInputs":{},"condition":"succeeded()","inputs":{"rootDirectory":"","targetFiles":"**/*.config","encoding":"utf-8","writeBOM":"true","escapeType":"xml","escapeChar":"","charsToEscape":"","verbosity":"normal","actionOnMissing":"warn","keepToken":"false","tokenPrefix":"#{","tokenSuffix":"}#","useLegacyPattern":"false","emptyValue":"(empty)","defaultValue":"","enableTransforms":"false","transformPrefix":"(","transformSuffix":")","variableFiles":"","variableSeparator":".","enableTelemetry":"true"}},{"environment":{},"taskId":"a707a3cf-e0bf-41e5-b2a6-d6945a031e5a","version":"1.*","name":"Application Pool Stop","refName":"","enabled":true,"alwaysRun":true,"continueOnError":true,"timeoutInMinutes":0,"definitionType":"metaTask","overrideInputs":{},"condition":"succeededOrFailed()","inputs":{"Application Pool":"$(Environment)-$(ApplicationName)","Operation Timeout":"","Option":"STOP","Remote Password":"$(Service.TFS.Password)","Remote Username":"$(Service.TFS.User)","Server":"$(Server.RVC.PR08)"}},{"environment":{},"taskId":"57ee7959-ba10-47a7-8adb-19d032872030","version":"3.*","name":"FullDeployV3: Copy files to remote server","refName":"","enabled":true,"alwaysRun":false,"continueOnError":false,"timeoutInMinutes":0,"definitionType":"task","overrideInputs":{},"condition":"succeeded()","inputs":{"localPath":"$(System.DefaultWorkingDirectory)/_APIFiscalReportingPortal-CI/APIFiscalReportingPortal","user":"$(Service.TFS.User)","password":"$(Service.TFS.Password)","destinationServer":"$(Server.RVC08.PR)","destinationServerPath":"E:\\IIS\\$(Environment)\\$(ApplicationName)","useAppOffline":"true","deleteFiles":"true","zipFiles":"true","ignoreDestinationServerPathValidation":"false","localDrive":"E:","remoteDrive":"E:","useBackup":"true","backupFilePath":"E:\\IIS\\$(Environment)\\_backups\\$(ApplicationName)_{0}.zip","useLog4Net":"false","log4NetFilePath":"","log4NetReplaceValue":"","appPoolReset":"false","appPoolName":""}},{"environment":{},"taskId":"a707a3cf-e0bf-41e5-b2a6-d6945a031e5a","version":"1.*","name":"Application Pool Start","refName":"","enabled":true,"alwaysRun":true,"continueOnError":true,"timeoutInMinutes":0,"definitionType":"metaTask","overrideInputs":{},"condition":"succeededOrFailed()","inputs":{"Application Pool":"$(Environment)-$(ApplicationName) | IIS","Operation Timeout":"0","Option":"START","Remote Password":"$(Service.TFS.Password)","Remote Username":"$(Service.TFS.User)","Server":"$(Server.RVC.PR08)"}}]}],"environmentOptions":{"emailNotificationType":"OnlyOnFailure","emailRecipients":"release.environment.owner;release.creator","skipArtifactsDownload":false,"timeoutInMinutes":0,"enableAccessToken":false,"publishDeploymentStatus":true,"badgeEnabled":false,"autoLinkWorkItems":false,"pullRequestDeploymentEnabled":false},"demands":[],"conditions":[{"name":"PR07 (Hotfix)","conditionType":2,"value":"132"}],"executionPolicy":{"concurrencyCount":5,"queueDepthCount":1},"schedules":[],"currentRelease":{"id":0,"url":"https://devops.ageas.pt/Ageas-NETCORE-Fronts/ad176c17-53f7-4755-8b45-f8a823a228e8/_apis/Release/releases/0","_links":{}},"retentionPolicy":{"daysToKeep":30,"releasesToKeep":3,"retainBuild":true},"processParameters":{},"properties":{},"preDeploymentGates":{"id":0,"gatesOptions":null,"gates":[]},"postDeploymentGates":{"id":0,"gatesOptions":null,"gates":[]},"environmentTriggers":[],"badgeUrl":"https://devops.ageas.pt/Ageas-NETCORE-Fronts/_apis/public/Release/badge/ad176c17-53f7-4755-8b45-f8a823a228e8/2/9"}],"artifacts":[{"sourceId":"ad176c17-53f7-4755-8b45-f8a823a228e8:6","type":"Build","alias":"_APIFiscalReportingPortal-CI","definitionReference":{"artifactSourceDefinitionUrl":{"id":"https://devops.ageas.pt/_permalink/_build/index?collectionId=90f10834-d801-4a61-b27e-086ebb5e2f49&projectId=ad176c17-53f7-4755-8b45-f8a823a228e8&definitionId=6","name":""},"defaultVersionBranch":{"id":"","name":""},"defaultVersionSpecific":{"id":"","name":""},"defaultVersionTags":{"id":"","name":""},"defaultVersionType":{"id":"latestType","name":"Latest"},"definition":{"id":"6","name":"APIFiscalReportingPortal-CI"},"definitions":{"id":"","name":""},"IsMultiDefinitionType":{"id":"False","name":"False"},"project":{"id":"ad176c17-53f7-4755-8b45-f8a823a228e8","name":"FiscalReporting"},"repository":{"id":"35437fd9-564d-4f11-8003-7982738c299e","name":"FiscalReporting"}},"isPrimary":true,"isRetained":false}],"triggers":[{"artifactAlias":"_APIFiscalReportingPortal-CI","triggerConditions":[{"sourceBranch":"develop","tags":[],"useBuildDefinitionBranch":false,"createReleaseOnBuildTagging":false},{"sourceBranch":"master","tags":[],"useBuildDefinitionBranch":false,"createReleaseOnBuildTagging":false},{"sourceBranch":"support","tags":[],"useBuildDefinitionBranch":false,"createReleaseOnBuildTagging":false}],"triggerType":1}],"releaseNameFormat":"Release-APIFiscalReportingPortal-$(rev:r)","tags":[],"pipelineProcess":{"type":1},"properties":{"DefinitionCreationSource":{"$type":"System.String","$value":"Other"}},"id":2,"name":"APIFiscalReportingPortal-CD","path":"\\APIFiscalReportingPortal","projectReference":null,"url":"https://devops.ageas.pt/Ageas-NETCORE-Fronts/ad176c17-53f7-4755-8b45-f8a823a228e8/_apis/Release/definitions/2","_links":{"self":{"href":"https://devops.ageas.pt/Ageas-NETCORE-Fronts/ad176c17-53f7-4755-8b45-f8a823a228e8/_apis/Release/definitions/2"},"web":{"href":"https://devops.ageas.pt/Ageas-NETCORE-Fronts/ad176c17-53f7-4755-8b45-f8a823a228e8/_release?definitionId=2"}}}