{"tasks":[{"environment":{},"displayName":"$(Option) \"$(Application Pool)\" Application Pool ","alwaysRun":false,"continueOnError":false,"condition":"succeeded()","enabled":true,"timeoutInMinutes":0,"inputs":{"Machines":"$(Server)","UserName":"$(Remote Username)","UserPassword":"$(Remote Password)","ScriptType":"Inline","ScriptPath":"$(Servers.BaseDrive)/software/IISManagerQueue/IISManagerQueue.ps1","InlineScript":"[string] $applicationPool = \"$(Application Pool)\"\n[string] $option = \"$(Option)\"\n[int32] $timeout = $(Operation Timeout)\nfunction IISManagerStop {\n    if ($applicationPool -eq 'IIS') {\n        Write-Host  \"##[command]iisreset /stop\"\n        iisreset /stop\n        Start-Sleep -Seconds $timeout\n    }\n    else {\n        [bool] $alreadyStopped = \"Stopped\" -eq (get-WebAppPoolState -name $applicationPool).Value\n        if ($alreadyStopped) {\n            Write-Warning \"'$applicationPool' already stopped.\"\n            Write-Host  \"##vso[task.LogIssue type=warning;]Pool '$applicationPool' already stopped.\"\n        }\n        else {\n            # Stop AppPool\n            Write-Host \"Stopping '$applicationPool' pool ...\"\n            Write-Host  \"##[command]Stop-WebAppPool -Name $applicationPool\"\n            Stop-WebAppPool -Name $applicationPool\n    \n            # Wait until appPool has stopped or execeeded timeout.\n            [int32] $i = 0\n            do {\n                Start-Sleep -Seconds 1\n            } until ((Get-WebAppPoolState -Name $applicationPool).Value -eq \"Stopped\" -or ($timeout -gt 0 -and ++$i -eq $timeout))\n            Write-Host \"Pool '$applicationPool' has stopped.\"\n        }\n    }\n}\n\nfunction IISManagerStart {\n    if ($applicationPool -eq 'IIS') {\n        iisreset /start\n        Start-Sleep -Seconds $timeout\n    }\n    else {\n        [bool] $alreadyStarted = \"Started\" -eq (get-WebAppPoolState -name $applicationPool).Value\n\n        if ($alreadyStarted) {\n            Write-Warning \"Pool '$applicationPool' already started.\"\n            Write-Host  \"##vso[task.LogIssue type=warning;]Pool '$applicationPool' already started.\"\n        }\n        else {\n            # Start AppPool\n            Write-Host \"Queue cleared. Starting '$applicationPool' pool...\"\n            Write-Host  \"##[command]Start-WebAppPool -Name $applicationPool\"\n            Start-WebAppPool -Name $applicationPool\n    \n            # wait until appPool has stopped\n            [int32] $i = 0\n            do {\n                Start-Sleep -Seconds 1\n            } until ((Get-WebAppPoolState -Name $applicationPool).Value -eq \"Started\" -or ++$i -eq $timeout)\n            Write-Host \"Pool '$applicationPool' has started.\"\n        }\n    }\n}\n\n    switch ($option) {\n    \"STOP\" {\n        IISManagerStop\n        break\n    }\n    \"START\" {\n        IISManagerStart\n        break\n    }\n    \"RESTART\" {\n        IISManagerStop\n        IISManagerStart\n        break\n    }\n}","ScriptArguments":"-applicationPool \"$(AppPool)\" -releaseName \"$(Release.DeploymentID)\" $(flags)","InitializationScript":"","SessionVariables":"","CommunicationProtocol":"Https","AuthenticationMechanism":"Default","NewPsSessionOptionArguments":"-SkipCACheck -IdleTimeout 7200000 -OperationTimeout 0 -OutputBufferingMode Block","ErrorActionPreference":"stop","failOnStderr":"true","ignoreLASTEXITCODE":"false","WorkingDirectory":"","RunPowershellInParallel":"true"},"task":{"id":"3b5693d4-5777-4fee-862a-bd2b7a374c68","versionSpec":"3.*","definitionType":"task"}}],"runsOn":["Agent","DeploymentGroup"],"revision":1,"createdBy":{"displayName":"Miguel Rodrigues (Externo)","id":"13da612a-18a1-4b93-8044-799de209acb7","uniqueName":"CORP\\c020271"},"createdOn":"2020-08-18T18:55:40.323Z","modifiedBy":{"displayName":"Miguel Rodrigues (Externo)","id":"13da612a-18a1-4b93-8044-799de209acb7","uniqueName":"CORP\\c020271"},"modifiedOn":"2020-08-18T18:55:40.323Z","id":"ebd284eb-91eb-450c-a66e-59c963d136c9","name":"Application Pool Stop and Start","version":{"major":1,"minor":0,"patch":0,"isTest":false},"iconUrl":"/_static/tfs/Dev17.M143.4/_content/icon-meta-task.png","friendlyName":"Application Pool Stop and Start","description":"Starts, restarts and stops an application pool on a remote server.","category":"Deploy","definitionType":"metaTask","author":"Miguel Rodrigues (Externo)","demands":[],"groups":[],"inputs":[{"aliases":[],"options":{},"properties":{},"name":"Application Pool","label":"Application Pool","defaultValue":"$(Environment)-$(ApplicationName) | IIS","required":true,"type":"string","helpMarkDown":"The application pool to manage or 'IIS' to manage the Internet Information Service itself","groupName":""},{"aliases":[],"options":{},"properties":{},"name":"Operation Timeout","label":"Operation Timeout","defaultValue":"10","required":true,"type":"string","helpMarkDown":"The time in seconds after stopping the application pool.","groupName":""},{"aliases":[],"options":{},"properties":{},"name":"Option","label":"Option","defaultValue":"STOP | START | RESTART","required":true,"type":"string","helpMarkDown":"One of the options : \"STOP\", \"START\", \"RESTART\"","groupName":""},{"aliases":[],"options":{},"properties":{},"name":"Remote Password","label":"Remote Password","defaultValue":"$(Password)","required":true,"type":"string","helpMarkDown":"password for the target machines. <br>It can accept variable defined in build or release pipelines as '$(passwordVariable)'. <br>You may mark variable type as 'secret' to secure it.","groupName":""},{"aliases":[],"options":{},"properties":{},"name":"Remote Username","label":"Remote Username","defaultValue":"$(Username)","required":true,"type":"string","helpMarkDown":"Username for the target machines. The user should be a part of Administrators group or WinRM remote management users group. <br> Eg: Format: Domain\\Admin User, Admin User@Domain, .\\Admin User","groupName":""},{"aliases":[],"options":{},"properties":{},"name":"Server","label":"Server","defaultValue":"$(Server)","required":true,"type":"multiLine","helpMarkDown":"Provide a comma separated list of machine IP addresses or FQDNs along with ports. Port is defaulted based on the selected protocol. <br>Eg: dbserver.fabrikam.com,dbserver_int.fabrikam.com:5986,192.168.12.34:5986 <br>Or provide build or release variables. Eg: $(variableName) <br>If you are using HTTPS, name/IP of machine should match the CN in the certificate.","groupName":""}],"satisfies":[],"sourceDefinitions":[],"dataSourceBindings":[],"instanceNameFormat":"Task group: Application Pool Stop and Start $(Application Pool)","preJobExecution":{},"execution":{},"postJobExecution":{}}