{"source":2,"revision":42,"description":null,"createdBy":{"displayName":"Vando Moreira (Externo)","url":"https://devops.ageas.pt/Ageas-RPA/_apis/Identities/77b4099a-00eb-4a87-b1ab-9a5b720eb40e","_links":{"avatar":{"href":"https://devops.ageas.pt/Ageas-RPA/_apis/GraphProfile/MemberAvatars/win.Uy0xLTUtMjEtMTA2NTY2NzU1NS01MTYzNTU2MzgtMTM1NjYwOTA4NS0zMzczMQ"}},"id":"77b4099a-00eb-4a87-b1ab-9a5b720eb40e","uniqueName":"CORP\\vmoreira","imageUrl":"https://devops.ageas.pt/Ageas-RPA/_api/_common/identityImage?id=77b4099a-00eb-4a87-b1ab-9a5b720eb40e","descriptor":"win.Uy0xLTUtMjEtMTA2NTY2NzU1NS01MTYzNTU2MzgtMTM1NjYwOTA4NS0zMzczMQ"},"createdOn":"2021-02-22T16:54:25.337Z","modifiedBy":{"displayName":"Vando Moreira (Externo)","url":"https://devops.ageas.pt/Ageas-RPA/_apis/Identities/77b4099a-00eb-4a87-b1ab-9a5b720eb40e","_links":{"avatar":{"href":"https://devops.ageas.pt/Ageas-RPA/_apis/GraphProfile/MemberAvatars/win.Uy0xLTUtMjEtMTA2NTY2NzU1NS01MTYzNTU2MzgtMTM1NjYwOTA4NS0zMzczMQ"}},"id":"77b4099a-00eb-4a87-b1ab-9a5b720eb40e","uniqueName":"CORP\\vmoreira","imageUrl":"https://devops.ageas.pt/Ageas-RPA/_api/_common/identityImage?id=77b4099a-00eb-4a87-b1ab-9a5b720eb40e","descriptor":"win.Uy0xLTUtMjEtMTA2NTY2NzU1NS01MTYzNTU2MzgtMTM1NjYwOTA4NS0zMzczMQ"},"modifiedOn":"2021-03-11T10:58:36.123Z","isDeleted":false,"variables":{},"variableGroups":[],"environments":[{"id":1,"name":"NP","rank":1,"owner":{"displayName":"Vando Moreira (Externo)","url":"https://devops.ageas.pt/Ageas-RPA/_apis/Identities/77b4099a-00eb-4a87-b1ab-9a5b720eb40e","_links":{"avatar":{"href":"https://devops.ageas.pt/Ageas-RPA/_apis/GraphProfile/MemberAvatars/win.Uy0xLTUtMjEtMTA2NTY2NzU1NS01MTYzNTU2MzgtMTM1NjYwOTA4NS0zMzczMQ"}},"id":"77b4099a-00eb-4a87-b1ab-9a5b720eb40e","uniqueName":"CORP\\vmoreira","imageUrl":"https://devops.ageas.pt/Ageas-RPA/_api/_common/identityImage?id=77b4099a-00eb-4a87-b1ab-9a5b720eb40e","descriptor":"win.Uy0xLTUtMjEtMTA2NTY2NzU1NS01MTYzNTU2MzgtMTM1NjYwOTA4NS0zMzczMQ"},"variables":{"Password":{"value":"gzgh5wxT67wAVYtc0dP2vC2l3wiYmi"},"RemoteApplicationPath":{"value":"/opt/arpa"},"RemoteApplicationTempPath":{"value":"/var/tmp"},"ServerName":{"value":"NPAPTAPRPAM01.servicenp.ageas.intra"},"User":{"value":"svc_rpanp"}},"variableGroups":[],"preDeployApprovals":{"approvals":[{"rank":1,"isAutomated":false,"isNotificationOn":false,"approver":{"displayName":"[iMaestro]\\iMaestro Team","url":"https://devops.ageas.pt/Ageas-RPA/_apis/Identities/cb40f1a1-d0a4-4614-8f44-7b7f7469026e","_links":{"avatar":{"href":"https://devops.ageas.pt/Ageas-RPA/_apis/GraphProfile/MemberAvatars/vssgp.Uy0xLTktMTU1MTM3NDI0NS01MTc3MjU3NDktMzEwNDc3NzAyNS0yNDc3MzcyMTc1LTgzNjMxMTc2Ni0xLTI5MTEwMTcxOC0zNjAxODY0MDEyLTMwNTY5NzQzNjQtMzczNTY2ODg2MQ"}},"id":"cb40f1a1-d0a4-4614-8f44-7b7f7469026e","uniqueName":"vstfs:///Classification/TeamProject/8fa33a49-d0ff-433a-b9ca-8e19f8535c28\\iMaestro Team","imageUrl":"https://devops.ageas.pt/Ageas-RPA/_api/_common/identityImage?id=cb40f1a1-d0a4-4614-8f44-7b7f7469026e","isContainer":true,"descriptor":"vssgp.Uy0xLTktMTU1MTM3NDI0NS01MTc3MjU3NDktMzEwNDc3NzAyNS0yNDc3MzcyMTc1LTgzNjMxMTc2Ni0xLTI5MTEwMTcxOC0zNjAxODY0MDEyLTMwNTY5NzQzNjQtMzczNTY2ODg2MQ"},"id":10},{"rank":2,"isAutomated":false,"isNotificationOn":false,"approver":{"displayName":"[iMaestro]\\Release Administrators","url":"https://devops.ageas.pt/Ageas-RPA/_apis/Identities/2adf9663-e4a2-4873-b18a-58a518718a6b","_links":{"avatar":{"href":"https://devops.ageas.pt/Ageas-RPA/_apis/GraphProfile/MemberAvatars/vssgp.Uy0xLTktMTU1MTM3NDI0NS01MTc3MjU3NDktMzEwNDc3NzAyNS0yNDc3MzcyMTc1LTgzNjMxMTc2Ni0xLTQxODE0NTE3MjUtMjg3MzI1NjAwNi0yNzIzODYzODI0LTExOTQwMDU4Mw"}},"id":"2adf9663-e4a2-4873-b18a-58a518718a6b","uniqueName":"vstfs:///Classification/TeamProject/8fa33a49-d0ff-433a-b9ca-8e19f8535c28\\Release Administrators","imageUrl":"https://devops.ageas.pt/Ageas-RPA/_api/_common/identityImage?id=2adf9663-e4a2-4873-b18a-58a518718a6b","isContainer":true,"descriptor":"vssgp.Uy0xLTktMTU1MTM3NDI0NS01MTc3MjU3NDktMzEwNDc3NzAyNS0yNDc3MzcyMTc1LTgzNjMxMTc2Ni0xLTQxODE0NTE3MjUtMjg3MzI1NjAwNi0yNzIzODYzODI0LTExOTQwMDU4Mw"},"id":12}],"approvalOptions":{"requiredApproverCount":null,"releaseCreatorCanBeApprover":true,"autoTriggeredAndPreviousEnvironmentApprovedCanBeSkipped":false,"enforceIdentityRevalidation":false,"timeoutInMinutes":0,"executionOrder":1}},"deployStep":{"id":2},"postDeployApprovals":{"approvals":[{"rank":1,"isAutomated":true,"isNotificationOn":false,"id":3}],"approvalOptions":{"requiredApproverCount":null,"releaseCreatorCanBeApprover":false,"autoTriggeredAndPreviousEnvironmentApprovedCanBeSkipped":false,"enforceIdentityRevalidation":false,"timeoutInMinutes":0,"executionOrder":2}},"deployPhases":[{"deploymentInput":{"parallelExecution":{"parallelExecutionType":0},"skipArtifactsDownload":false,"artifactsDownloadInput":{"downloadInputs":[]},"queueId":352,"demands":[],"enableAccessToken":false,"timeoutInMinutes":0,"jobCancelTimeoutInMinutes":1,"condition":"succeeded()","overrideInputs":{}},"rank":1,"phaseType":1,"name":"Agent job","refName":null,"workflowTasks":[{"environment":{},"taskId":"d8b84976-e99a-4b86-b885-4849694435b0","version":"1.*","name":"Archive $(System.DefaultWorkingDirectory)/_iMaestro-CI","refName":"","enabled":true,"alwaysRun":false,"continueOnError":false,"timeoutInMinutes":0,"definitionType":"task","overrideInputs":{},"condition":"succeeded()","inputs":{"rootFolder":"$(System.DefaultWorkingDirectory)/_iMaestro-CI/Imaestro","includeRootFolder":"false","archiveType":"tar","tarCompression":"gz","archiveFile":"ReleaseImaestro.tar.gz","replaceExistingArchive":"true"}},{"environment":{},"taskId":"57ee7959-ba10-47a7-8adb-19d032872008","version":"0.*","name":"CopyFilesWithSCP: Copy Files with SCP","refName":"","enabled":true,"alwaysRun":false,"continueOnError":false,"timeoutInMinutes":0,"definitionType":"task","overrideInputs":{},"condition":"succeeded()","inputs":{"localFolder":"$(System.DefaultWorkingDirectory)/ReleaseImaestro.tar.gz","remotePath":"$(RemoteApplicationTempPath)","computerName":"$(ServerName)","user":"$(User)","password":"$(Password)","createDirectories":"false"}},{"environment":{},"taskId":"57ee7959-ba10-47a7-8adb-19d032872009","version":"0.*","name":"Invoke-SSHCommand: Copy Files with SCP","refName":"","enabled":true,"alwaysRun":false,"continueOnError":false,"timeoutInMinutes":0,"definitionType":"task","overrideInputs":{},"condition":"succeeded()","inputs":{"sshCommand":"$(RemoteApplicationPath)/update-tfs.sh","sshCommandParameters":"dummy","computerName":"$(ServerName)","user":"$(User)","password":"$(Password)"}}]}],"environmentOptions":{"emailNotificationType":"OnlyOnFailure","emailRecipients":"release.environment.owner;release.creator","skipArtifactsDownload":false,"timeoutInMinutes":0,"enableAccessToken":false,"publishDeploymentStatus":true,"badgeEnabled":false,"autoLinkWorkItems":false,"pullRequestDeploymentEnabled":false},"demands":[],"conditions":[{"name":"ReleaseStarted","conditionType":1,"value":""}],"executionPolicy":{"concurrencyCount":1,"queueDepthCount":0},"schedules":[],"currentRelease":{"id":25,"url":"https://devops.ageas.pt/Ageas-RPA/8fa33a49-d0ff-433a-b9ca-8e19f8535c28/_apis/Release/releases/25","_links":{}},"retentionPolicy":{"daysToKeep":30,"releasesToKeep":3,"retainBuild":true},"processParameters":{},"properties":{},"preDeploymentGates":{"id":0,"gatesOptions":null,"gates":[]},"postDeploymentGates":{"id":0,"gatesOptions":null,"gates":[]},"environmentTriggers":[],"badgeUrl":"https://devops.ageas.pt/Ageas-RPA/_apis/public/Release/badge/8fa33a49-d0ff-433a-b9ca-8e19f8535c28/1/1"},{"id":2,"name":"PR","rank":2,"owner":{"displayName":"Vando Moreira (Externo)","url":"https://devops.ageas.pt/Ageas-RPA/_apis/Identities/77b4099a-00eb-4a87-b1ab-9a5b720eb40e","_links":{"avatar":{"href":"https://devops.ageas.pt/Ageas-RPA/_apis/GraphProfile/MemberAvatars/win.Uy0xLTUtMjEtMTA2NTY2NzU1NS01MTYzNTU2MzgtMTM1NjYwOTA4NS0zMzczMQ"}},"id":"77b4099a-00eb-4a87-b1ab-9a5b720eb40e","uniqueName":"CORP\\vmoreira","imageUrl":"https://devops.ageas.pt/Ageas-RPA/_api/_common/identityImage?id=77b4099a-00eb-4a87-b1ab-9a5b720eb40e","descriptor":"win.Uy0xLTUtMjEtMTA2NTY2NzU1NS01MTYzNTU2MzgtMTM1NjYwOTA4NS0zMzczMQ"},"variables":{"Password":{"value":"nY2AXE3yO6rvr0KOQcWDIe5RiViWqn"},"RemoteApplicationPath":{"value":"/opt/arpa"},"RemoteApplicationTempPath":{"value":"/var/tmp"},"ServerName":{"value":"praptaprpam01.service.ageas.intra"},"User":{"value":"svc_rpa"}},"variableGroups":[],"preDeployApprovals":{"approvals":[{"rank":1,"isAutomated":false,"isNotificationOn":false,"approver":{"displayName":"[iMaestro]\\iMaestro Team","url":"https://devops.ageas.pt/Ageas-RPA/_apis/Identities/cb40f1a1-d0a4-4614-8f44-7b7f7469026e","_links":{"avatar":{"href":"https://devops.ageas.pt/Ageas-RPA/_apis/GraphProfile/MemberAvatars/vssgp.Uy0xLTktMTU1MTM3NDI0NS01MTc3MjU3NDktMzEwNDc3NzAyNS0yNDc3MzcyMTc1LTgzNjMxMTc2Ni0xLTI5MTEwMTcxOC0zNjAxODY0MDEyLTMwNTY5NzQzNjQtMzczNTY2ODg2MQ"}},"id":"cb40f1a1-d0a4-4614-8f44-7b7f7469026e","uniqueName":"vstfs:///Classification/TeamProject/8fa33a49-d0ff-433a-b9ca-8e19f8535c28\\iMaestro Team","imageUrl":"https://devops.ageas.pt/Ageas-RPA/_api/_common/identityImage?id=cb40f1a1-d0a4-4614-8f44-7b7f7469026e","isContainer":true,"descriptor":"vssgp.Uy0xLTktMTU1MTM3NDI0NS01MTc3MjU3NDktMzEwNDc3NzAyNS0yNDc3MzcyMTc1LTgzNjMxMTc2Ni0xLTI5MTEwMTcxOC0zNjAxODY0MDEyLTMwNTY5NzQzNjQtMzczNTY2ODg2MQ"},"id":9},{"rank":2,"isAutomated":false,"isNotificationOn":false,"approver":{"displayName":"[iMaestro]\\Release Administrators","url":"https://devops.ageas.pt/Ageas-RPA/_apis/Identities/2adf9663-e4a2-4873-b18a-58a518718a6b","_links":{"avatar":{"href":"https://devops.ageas.pt/Ageas-RPA/_apis/GraphProfile/MemberAvatars/vssgp.Uy0xLTktMTU1MTM3NDI0NS01MTc3MjU3NDktMzEwNDc3NzAyNS0yNDc3MzcyMTc1LTgzNjMxMTc2Ni0xLTQxODE0NTE3MjUtMjg3MzI1NjAwNi0yNzIzODYzODI0LTExOTQwMDU4Mw"}},"id":"2adf9663-e4a2-4873-b18a-58a518718a6b","uniqueName":"vstfs:///Classification/TeamProject/8fa33a49-d0ff-433a-b9ca-8e19f8535c28\\Release Administrators","imageUrl":"https://devops.ageas.pt/Ageas-RPA/_api/_common/identityImage?id=2adf9663-e4a2-4873-b18a-58a518718a6b","isContainer":true,"descriptor":"vssgp.Uy0xLTktMTU1MTM3NDI0NS01MTc3MjU3NDktMzEwNDc3NzAyNS0yNDc3MzcyMTc1LTgzNjMxMTc2Ni0xLTQxODE0NTE3MjUtMjg3MzI1NjAwNi0yNzIzODYzODI0LTExOTQwMDU4Mw"},"id":11}],"approvalOptions":{"requiredApproverCount":null,"releaseCreatorCanBeApprover":true,"autoTriggeredAndPreviousEnvironmentApprovedCanBeSkipped":false,"enforceIdentityRevalidation":false,"timeoutInMinutes":0,"executionOrder":1}},"deployStep":{"id":7},"postDeployApprovals":{"approvals":[{"rank":1,"isAutomated":true,"isNotificationOn":false,"id":8}],"approvalOptions":{"requiredApproverCount":null,"releaseCreatorCanBeApprover":false,"autoTriggeredAndPreviousEnvironmentApprovedCanBeSkipped":false,"enforceIdentityRevalidation":false,"timeoutInMinutes":0,"executionOrder":2}},"deployPhases":[{"deploymentInput":{"parallelExecution":{"parallelExecutionType":0},"skipArtifactsDownload":false,"artifactsDownloadInput":{"downloadInputs":[]},"queueId":352,"demands":[],"enableAccessToken":false,"timeoutInMinutes":0,"jobCancelTimeoutInMinutes":1,"condition":"succeeded()","overrideInputs":{}},"rank":1,"phaseType":1,"name":"Agent job","refName":null,"workflowTasks":[{"environment":{},"taskId":"d8b84976-e99a-4b86-b885-4849694435b0","version":"1.*","name":"Archive $(System.DefaultWorkingDirectory)/_iMaestro-CI","refName":"","enabled":true,"alwaysRun":false,"continueOnError":false,"timeoutInMinutes":0,"definitionType":"task","overrideInputs":{},"condition":"succeeded()","inputs":{"rootFolder":"$(System.DefaultWorkingDirectory)/_iMaestro-CI/Imaestro","includeRootFolder":"false","archiveType":"tar","tarCompression":"gz","archiveFile":"ReleaseImaestro.tar.gz","replaceExistingArchive":"true"}},{"environment":{},"taskId":"57ee7959-ba10-47a7-8adb-19d032872008","version":"0.*","name":"CopyFilesWithSCP: Copy Files with SCP","refName":"","enabled":true,"alwaysRun":false,"continueOnError":false,"timeoutInMinutes":0,"definitionType":"task","overrideInputs":{},"condition":"succeeded()","inputs":{"localFolder":"$(System.DefaultWorkingDirectory)/ReleaseImaestro.tar.gz","remotePath":"$(RemoteApplicationTempPath)","computerName":"$(ServerName)","user":"$(User)","password":"$(Password)","createDirectories":"false"}},{"environment":{},"taskId":"57ee7959-ba10-47a7-8adb-19d032872009","version":"0.*","name":"Invoke-SSHCommand: Copy Files with SCP","refName":"","enabled":true,"alwaysRun":false,"continueOnError":false,"timeoutInMinutes":0,"definitionType":"task","overrideInputs":{},"condition":"succeeded()","inputs":{"sshCommand":"$(RemoteApplicationPath)/update-tfs.sh","sshCommandParameters":"dummy","computerName":"$(ServerName)","user":"$(User)","password":"$(Password)"}}]}],"environmentOptions":{"emailNotificationType":"OnlyOnFailure","emailRecipients":"release.environment.owner;release.creator","skipArtifactsDownload":false,"timeoutInMinutes":0,"enableAccessToken":false,"publishDeploymentStatus":true,"badgeEnabled":false,"autoLinkWorkItems":false,"pullRequestDeploymentEnabled":false},"demands":[],"conditions":[{"name":"NP","conditionType":2,"value":"4"}],"executionPolicy":{"concurrencyCount":1,"queueDepthCount":0},"schedules":[],"currentRelease":{"id":25,"url":"https://devops.ageas.pt/Ageas-RPA/8fa33a49-d0ff-433a-b9ca-8e19f8535c28/_apis/Release/releases/25","_links":{}},"retentionPolicy":{"daysToKeep":30,"releasesToKeep":3,"retainBuild":true},"processParameters":{},"properties":{},"preDeploymentGates":{"id":0,"gatesOptions":null,"gates":[]},"postDeploymentGates":{"id":0,"gatesOptions":null,"gates":[]},"environmentTriggers":[],"badgeUrl":"https://devops.ageas.pt/Ageas-RPA/_apis/public/Release/badge/8fa33a49-d0ff-433a-b9ca-8e19f8535c28/1/2"}],"artifacts":[{"sourceId":"8fa33a49-d0ff-433a-b9ca-8e19f8535c28:20","type":"Build","alias":"_iMaestro-CI","definitionReference":{"artifactSourceDefinitionUrl":{"id":"https://devops.ageas.pt/_permalink/_build/index?collectionId=fbf11b8a-6f6b-453b-9a49-405948d713b4&projectId=8fa33a49-d0ff-433a-b9ca-8e19f8535c28&definitionId=20","name":""},"defaultVersionBranch":{"id":"","name":""},"defaultVersionSpecific":{"id":"","name":""},"defaultVersionTags":{"id":"","name":""},"defaultVersionType":{"id":"latestType","name":"Latest"},"definition":{"id":"20","name":"iMaestro-CI"},"definitions":{"id":"","name":""},"IsMultiDefinitionType":{"id":"False","name":"False"},"project":{"id":"8fa33a49-d0ff-433a-b9ca-8e19f8535c28","name":"iMaestro"},"repository":{"id":"f505b453-ee29-4348-bd3a-57c20cc22b40","name":"iMaestro"}},"isPrimary":true,"isRetained":false}],"triggers":[{"artifactAlias":"_iMaestro-CI","triggerConditions":[{"sourceBranch":"dev","tags":[],"useBuildDefinitionBranch":false,"createReleaseOnBuildTagging":false},{"sourceBranch":"master","tags":[],"useBuildDefinitionBranch":false,"createReleaseOnBuildTagging":false}],"triggerType":1}],"releaseNameFormat":"Release-$(rev:r)","tags":[],"pipelineProcess":{"type":1},"properties":{"DefinitionCreationSource":{"$type":"System.String","$value":"Other"},"System.EnvironmentRankLogicVersion":{"$type":"System.String","$value":"2"}},"id":1,"name":"iMaestro-CD","path":"\\","projectReference":null,"url":"https://devops.ageas.pt/Ageas-RPA/8fa33a49-d0ff-433a-b9ca-8e19f8535c28/_apis/Release/definitions/1","_links":{"self":{"href":"https://devops.ageas.pt/Ageas-RPA/8fa33a49-d0ff-433a-b9ca-8e19f8535c28/_apis/Release/definitions/1"},"web":{"href":"https://devops.ageas.pt/Ageas-RPA/8fa33a49-d0ff-433a-b9ca-8e19f8535c28/_release?definitionId=1"}}}