{"source":2,"revision":10,"description":null,"createdBy":{"displayName":"Miguel Rodrigues (Externo)","url":"https://devops.ageas.pt/Ageas-NETCORE-Fronts/_apis/Identities/542e8e5a-87ae-4a54-84d7-fb5b8b49a47f","_links":{"avatar":{"href":"https://devops.ageas.pt/Ageas-NETCORE-Fronts/_apis/GraphProfile/MemberAvatars/win.Uy0xLTUtMjEtMTA2NTY2NzU1NS01MTYzNTU2MzgtMTM1NjYwOTA4NS0zMzczMg"}},"id":"542e8e5a-87ae-4a54-84d7-fb5b8b49a47f","uniqueName":"CORP\\c020271","imageUrl":"https://devops.ageas.pt/Ageas-NETCORE-Fronts/_api/_common/identityImage?id=542e8e5a-87ae-4a54-84d7-fb5b8b49a47f","descriptor":"win.Uy0xLTUtMjEtMTA2NTY2NzU1NS01MTYzNTU2MzgtMTM1NjYwOTA4NS0zMzczMg"},"createdOn":"2020-12-14T09:33:13.397Z","modifiedBy":{"displayName":"Miguel Rodrigues (Externo)","url":"https://devops.ageas.pt/Ageas-NETCORE-Fronts/_apis/Identities/542e8e5a-87ae-4a54-84d7-fb5b8b49a47f","_links":{"avatar":{"href":"https://devops.ageas.pt/Ageas-NETCORE-Fronts/_apis/GraphProfile/MemberAvatars/win.Uy0xLTUtMjEtMTA2NTY2NzU1NS01MTYzNTU2MzgtMTM1NjYwOTA4NS0zMzczMg"}},"id":"542e8e5a-87ae-4a54-84d7-fb5b8b49a47f","uniqueName":"CORP\\c020271","imageUrl":"https://devops.ageas.pt/Ageas-NETCORE-Fronts/_api/_common/identityImage?id=542e8e5a-87ae-4a54-84d7-fb5b8b49a47f","descriptor":"win.Uy0xLTUtMjEtMTA2NTY2NzU1NS01MTYzNTU2MzgtMTM1NjYwOTA4NS0zMzczMg"},"modifiedOn":"2020-12-21T18:19:01.607Z","isDeleted":false,"variables":{"ApplicationName":{"value":"Signature"}},"variableGroups":[1,2],"environments":[{"id":2,"name":"DV","rank":1,"owner":{"displayName":"Miguel Rodrigues (Externo)","url":"https://devops.ageas.pt/Ageas-NETCORE-Fronts/_apis/Identities/542e8e5a-87ae-4a54-84d7-fb5b8b49a47f","_links":{"avatar":{"href":"https://devops.ageas.pt/Ageas-NETCORE-Fronts/_apis/GraphProfile/MemberAvatars/win.Uy0xLTUtMjEtMTA2NTY2NzU1NS01MTYzNTU2MzgtMTM1NjYwOTA4NS0zMzczMg"}},"id":"542e8e5a-87ae-4a54-84d7-fb5b8b49a47f","uniqueName":"CORP\\c020271","imageUrl":"https://devops.ageas.pt/Ageas-NETCORE-Fronts/_api/_common/identityImage?id=542e8e5a-87ae-4a54-84d7-fb5b8b49a47f","descriptor":"win.Uy0xLTUtMjEtMTA2NTY2NzU1NS01MTYzNTU2MzgtMTM1NjYwOTA4NS0zMzczMg"},"variables":{"BrokerUrl":{"value":"http://bs-dv.servicenp.ageas.intra/N1/TS.ashx"},"BsSolution":{"value":"ApiSignaturePortal"},"Environment":{"value":"DV"},"InstallService":{"value":"False","allowOverride":true}},"variableGroups":[],"preDeployApprovals":{"approvals":[{"rank":1,"isAutomated":true,"isNotificationOn":false,"id":4}],"approvalOptions":{"requiredApproverCount":null,"releaseCreatorCanBeApprover":false,"autoTriggeredAndPreviousEnvironmentApprovedCanBeSkipped":false,"enforceIdentityRevalidation":false,"timeoutInMinutes":0,"executionOrder":1}},"deployStep":{"id":19},"postDeployApprovals":{"approvals":[{"rank":1,"isAutomated":true,"isNotificationOn":false,"id":20}],"approvalOptions":{"requiredApproverCount":null,"releaseCreatorCanBeApprover":false,"autoTriggeredAndPreviousEnvironmentApprovedCanBeSkipped":false,"enforceIdentityRevalidation":false,"timeoutInMinutes":0,"executionOrder":2}},"deployPhases":[{"deploymentInput":{"parallelExecution":{"parallelExecutionType":0},"skipArtifactsDownload":false,"artifactsDownloadInput":{"downloadInputs":[]},"queueId":69,"demands":[],"enableAccessToken":false,"timeoutInMinutes":0,"jobCancelTimeoutInMinutes":1,"condition":"succeeded()","overrideInputs":{}},"rank":1,"phaseType":1,"name":"Agent job","refName":null,"workflowTasks":[{"environment":{},"taskId":"31f040e5-e040-4336-878a-59a493355534","version":"1.*","name":"Configure Website","refName":"","enabled":true,"alwaysRun":false,"continueOnError":false,"timeoutInMinutes":0,"definitionType":"task","overrideInputs":{},"condition":"and(succeeded(), eq(variables['InstallService'], True))","inputs":{"Script":"E:\\Scripts\\Add-WebSite.ps1 -servers $(Server.DMZ.DV) -user $(DMZNP.TFS.User) -password $(DMZNP.TFS.Password) -name $(ApplicationName) -environment $(Environment)","ScriptArguments":""}},{"environment":{},"taskId":"a8515ec8-7254-4ffd-912c-86772e2b5962","version":"3.*","name":"Replace tokens in **/*.config","refName":"","enabled":true,"alwaysRun":false,"continueOnError":false,"timeoutInMinutes":0,"definitionType":"task","overrideInputs":{},"condition":"succeeded()","inputs":{"rootDirectory":"$(System.DefaultWorkingDirectory)/_Signature-CI/Signature","targetFiles":"**/*.config","encoding":"auto","writeBOM":"true","verbosity":"normal","actionOnMissing":"warn","keepToken":"false","tokenPrefix":"#{","tokenSuffix":"}#","emptyValue":"(empty)","escapeType":"none","escapeChar":"","charsToEscape":""}},{"environment":{},"taskId":"a8515ec8-7254-4ffd-912c-86772e2b5962","version":"3.*","name":"Replace tokens in **/*.json","refName":"","enabled":true,"alwaysRun":false,"continueOnError":false,"timeoutInMinutes":0,"definitionType":"task","overrideInputs":{},"condition":"succeeded()","inputs":{"rootDirectory":"$(System.DefaultWorkingDirectory)/_Signature-CI/Signature","targetFiles":"**/*.json","encoding":"auto","writeBOM":"true","verbosity":"normal","actionOnMissing":"warn","keepToken":"false","tokenPrefix":"#{","tokenSuffix":"}#","emptyValue":"(empty)","escapeType":"none","escapeChar":"","charsToEscape":""}},{"environment":{},"taskId":"f0fd01a4-5d54-4c89-b57d-d2e285591623","version":"1.*","name":"Application Pool Stop","refName":"","enabled":true,"alwaysRun":true,"continueOnError":true,"timeoutInMinutes":0,"definitionType":"metaTask","overrideInputs":{},"condition":"succeededOrFailed()","inputs":{"Application Pool":"$(ApplicationName)-$(Environment)","Operation Timeout":"","Option":"STOP","Remote Password":"$(DMZNP.TFS.Password)","Remote Username":"$(DMZNP.TFS.User)","Server":"$(Server.DMZ.DV)"}},{"environment":{},"taskId":"57ee7959-ba10-47a7-8adb-19d032872030","version":"3.*","name":"FullDeployV3: Copy files to remote server","refName":"","enabled":true,"alwaysRun":false,"continueOnError":false,"timeoutInMinutes":0,"definitionType":"task","overrideInputs":{},"condition":"succeeded()","inputs":{"localPath":"$(System.DefaultWorkingDirectory)/_Signature-CI/Signature-CI","user":"$(DMZNP.TFS.User)","password":"$(DMZNP.TFS.Password)","destinationServer":"$(Server.DMZ.DV)","destinationServerPath":"E:\\IIS\\$(Environment)\\$(ApplicationName)","useAppOffline":"true","deleteFiles":"true","zipFiles":"true","ignoreDestinationServerPathValidation":"false","localDrive":"E:","remoteDrive":"E:","useBackup":"true","backupFilePath":"E:\\IIS\\$(Environment)\\_backups\\$(ApplicationName)_{0}.zip","useLog4Net":"false","log4NetFilePath":"","log4NetReplaceValue":"","appPoolReset":"false","appPoolName":"$(ApplicationName)-$(Environment)"}},{"environment":{},"taskId":"f0fd01a4-5d54-4c89-b57d-d2e285591623","version":"1.*","name":"Application Pool Start","refName":"","enabled":true,"alwaysRun":true,"continueOnError":true,"timeoutInMinutes":0,"definitionType":"metaTask","overrideInputs":{},"condition":"succeededOrFailed()","inputs":{"Application Pool":"$(ApplicationName)-$(Environment)","Operation Timeout":"0","Option":"START","Remote Password":"$(DMZNP.TFS.Password)","Remote Username":"$(DMZNP.TFS.User)","Server":"$(Server.DMZ.DV)"}}]}],"environmentOptions":{"emailNotificationType":"OnlyOnFailure","emailRecipients":"release.environment.owner;release.creator","skipArtifactsDownload":false,"timeoutInMinutes":0,"enableAccessToken":false,"publishDeploymentStatus":true,"badgeEnabled":false,"autoLinkWorkItems":false,"pullRequestDeploymentEnabled":false},"demands":[],"conditions":[{"name":"ReleaseStarted","conditionType":1,"value":""},{"name":"_Signature-CI","conditionType":4,"value":"{\"sourceBranch\":\"dev\",\"tags\":[],\"useBuildDefinitionBranch\":false,\"createReleaseOnBuildTagging\":false}"}],"executionPolicy":{"concurrencyCount":1,"queueDepthCount":1},"schedules":[],"currentRelease":{"id":14,"url":"https://devops.ageas.pt/Ageas-NETCORE-Fronts/4696b0d4-8d1f-4c08-b3d8-3c9c8e5c43b1/_apis/Release/releases/14","_links":{}},"retentionPolicy":{"daysToKeep":30,"releasesToKeep":3,"retainBuild":true},"processParameters":{},"properties":{},"preDeploymentGates":{"id":0,"gatesOptions":null,"gates":[]},"postDeploymentGates":{"id":0,"gatesOptions":null,"gates":[]},"environmentTriggers":[],"badgeUrl":"https://devops.ageas.pt/Ageas-NETCORE-Fronts/_apis/public/Release/badge/4696b0d4-8d1f-4c08-b3d8-3c9c8e5c43b1/2/2"},{"id":3,"name":"TS","rank":2,"owner":{"displayName":"Miguel Rodrigues (Externo)","url":"https://devops.ageas.pt/Ageas-NETCORE-Fronts/_apis/Identities/542e8e5a-87ae-4a54-84d7-fb5b8b49a47f","_links":{"avatar":{"href":"https://devops.ageas.pt/Ageas-NETCORE-Fronts/_apis/GraphProfile/MemberAvatars/win.Uy0xLTUtMjEtMTA2NTY2NzU1NS01MTYzNTU2MzgtMTM1NjYwOTA4NS0zMzczMg"}},"id":"542e8e5a-87ae-4a54-84d7-fb5b8b49a47f","uniqueName":"CORP\\c020271","imageUrl":"https://devops.ageas.pt/Ageas-NETCORE-Fronts/_api/_common/identityImage?id=542e8e5a-87ae-4a54-84d7-fb5b8b49a47f","descriptor":"win.Uy0xLTUtMjEtMTA2NTY2NzU1NS01MTYzNTU2MzgtMTM1NjYwOTA4NS0zMzczMg"},"variables":{"BrokerUrl":{"value":"http://bs-ts.servicenp.ageas.intra/N1/TS.ashx"},"BsSolution":{"value":"ApiSignaturePortal"},"Environment":{"value":"TS"},"InstallService":{"value":"False","allowOverride":true}},"variableGroups":[],"preDeployApprovals":{"approvals":[{"rank":1,"isAutomated":true,"isNotificationOn":false,"id":5}],"approvalOptions":{"requiredApproverCount":null,"releaseCreatorCanBeApprover":false,"autoTriggeredAndPreviousEnvironmentApprovedCanBeSkipped":false,"enforceIdentityRevalidation":false,"timeoutInMinutes":0,"executionOrder":1}},"deployStep":{"id":18},"postDeployApprovals":{"approvals":[{"rank":1,"isAutomated":true,"isNotificationOn":false,"id":21}],"approvalOptions":{"requiredApproverCount":null,"releaseCreatorCanBeApprover":false,"autoTriggeredAndPreviousEnvironmentApprovedCanBeSkipped":false,"enforceIdentityRevalidation":false,"timeoutInMinutes":0,"executionOrder":2}},"deployPhases":[{"deploymentInput":{"parallelExecution":{"parallelExecutionType":0},"skipArtifactsDownload":false,"artifactsDownloadInput":{"downloadInputs":[]},"queueId":69,"demands":[],"enableAccessToken":false,"timeoutInMinutes":0,"jobCancelTimeoutInMinutes":1,"condition":"succeeded()","overrideInputs":{}},"rank":1,"phaseType":1,"name":"Agent job","refName":null,"workflowTasks":[{"environment":{},"taskId":"31f040e5-e040-4336-878a-59a493355534","version":"1.*","name":"Configure Website","refName":"","enabled":true,"alwaysRun":false,"continueOnError":false,"timeoutInMinutes":0,"definitionType":"task","overrideInputs":{},"condition":"and(succeeded(), eq(variables['InstallService'], True))","inputs":{"Script":"E:\\Scripts\\Add-WebSite.ps1 -servers $(Server.DMZ.TS) -user $(DMZNP.TFS.User) -password $(DMZNP.TFS.Password) -name $(ApplicationName) -environment $(Environment)","ScriptArguments":""}},{"environment":{},"taskId":"a8515ec8-7254-4ffd-912c-86772e2b5962","version":"3.*","name":"Replace tokens in **/*.config","refName":"","enabled":true,"alwaysRun":false,"continueOnError":false,"timeoutInMinutes":0,"definitionType":"task","overrideInputs":{},"condition":"succeeded()","inputs":{"rootDirectory":"$(System.DefaultWorkingDirectory)/_Signature-CI/Signature","targetFiles":"**/*.config","encoding":"auto","writeBOM":"true","verbosity":"normal","actionOnMissing":"warn","keepToken":"false","tokenPrefix":"#{","tokenSuffix":"}#","emptyValue":"(empty)","escapeType":"none","escapeChar":"","charsToEscape":""}},{"environment":{},"taskId":"a8515ec8-7254-4ffd-912c-86772e2b5962","version":"3.*","name":"Replace tokens in **/*.json","refName":"","enabled":true,"alwaysRun":false,"continueOnError":false,"timeoutInMinutes":0,"definitionType":"task","overrideInputs":{},"condition":"succeeded()","inputs":{"rootDirectory":"$(System.DefaultWorkingDirectory)/_Signature-CI/Signature","targetFiles":"**/*.json","encoding":"auto","writeBOM":"true","verbosity":"normal","actionOnMissing":"warn","keepToken":"false","tokenPrefix":"#{","tokenSuffix":"}#","emptyValue":"(empty)","escapeType":"none","escapeChar":"","charsToEscape":""}},{"environment":{},"taskId":"f0fd01a4-5d54-4c89-b57d-d2e285591623","version":"1.*","name":"Application Pool Stop","refName":"","enabled":true,"alwaysRun":true,"continueOnError":true,"timeoutInMinutes":0,"definitionType":"metaTask","overrideInputs":{},"condition":"succeededOrFailed()","inputs":{"Application Pool":"$(ApplicationName)-$(Environment)","Operation Timeout":"","Option":"STOP","Remote Password":"$(DMZNP.TFS.Password)","Remote Username":"$(DMZNP.TFS.User)","Server":"$(Server.DMZ.TS)"}},{"environment":{},"taskId":"57ee7959-ba10-47a7-8adb-19d032872030","version":"3.*","name":"FullDeployV3: Copy files to remote server","refName":"","enabled":true,"alwaysRun":false,"continueOnError":false,"timeoutInMinutes":0,"definitionType":"task","overrideInputs":{},"condition":"succeeded()","inputs":{"localPath":"$(System.DefaultWorkingDirectory)/_Signature-CI/Signature-CI","user":"$(DMZNP.TFS.User)","password":"$(DMZNP.TFS.Password)","destinationServer":"$(Server.DMZ.TS)","destinationServerPath":"E:\\IIS\\$(Environment)\\$(ApplicationName)","useAppOffline":"true","deleteFiles":"true","zipFiles":"true","ignoreDestinationServerPathValidation":"false","localDrive":"E:","remoteDrive":"E:","useBackup":"true","backupFilePath":"E:\\IIS\\$(Environment)\\_backups\\$(ApplicationName)_{0}.zip","useLog4Net":"false","log4NetFilePath":"","log4NetReplaceValue":"","appPoolReset":"false","appPoolName":"$(ApplicationName)-$(Environment)"}},{"environment":{},"taskId":"f0fd01a4-5d54-4c89-b57d-d2e285591623","version":"1.*","name":"Application Pool Start","refName":"","enabled":true,"alwaysRun":true,"continueOnError":true,"timeoutInMinutes":0,"definitionType":"metaTask","overrideInputs":{},"condition":"succeededOrFailed()","inputs":{"Application Pool":"$(ApplicationName)-$(Environment)","Operation Timeout":"0","Option":"START","Remote Password":"$(DMZNP.TFS.Password)","Remote Username":"$(DMZNP.TFS.User)","Server":"$(Server.DMZ.TS)"}}]}],"environmentOptions":{"emailNotificationType":"OnlyOnFailure","emailRecipients":"release.environment.owner;release.creator","skipArtifactsDownload":false,"timeoutInMinutes":0,"enableAccessToken":false,"publishDeploymentStatus":true,"badgeEnabled":false,"autoLinkWorkItems":false,"pullRequestDeploymentEnabled":false},"demands":[],"conditions":[{"name":"ReleaseStarted","conditionType":1,"value":""},{"name":"_Signature-CI","conditionType":4,"value":"{\"sourceBranch\":\"master\",\"tags\":[],\"useBuildDefinitionBranch\":false,\"createReleaseOnBuildTagging\":false}"}],"executionPolicy":{"concurrencyCount":1,"queueDepthCount":1},"schedules":[],"currentRelease":{"id":0,"url":"https://devops.ageas.pt/Ageas-NETCORE-Fronts/4696b0d4-8d1f-4c08-b3d8-3c9c8e5c43b1/_apis/Release/releases/0","_links":{}},"retentionPolicy":{"daysToKeep":30,"releasesToKeep":3,"retainBuild":true},"processParameters":{},"properties":{},"preDeploymentGates":{"id":0,"gatesOptions":null,"gates":[]},"postDeploymentGates":{"id":0,"gatesOptions":null,"gates":[]},"environmentTriggers":[],"badgeUrl":"https://devops.ageas.pt/Ageas-NETCORE-Fronts/_apis/public/Release/badge/4696b0d4-8d1f-4c08-b3d8-3c9c8e5c43b1/2/3"},{"id":4,"name":"PP","rank":3,"owner":{"displayName":"Miguel Rodrigues (Externo)","url":"https://devops.ageas.pt/Ageas-NETCORE-Fronts/_apis/Identities/542e8e5a-87ae-4a54-84d7-fb5b8b49a47f","_links":{"avatar":{"href":"https://devops.ageas.pt/Ageas-NETCORE-Fronts/_apis/GraphProfile/MemberAvatars/win.Uy0xLTUtMjEtMTA2NTY2NzU1NS01MTYzNTU2MzgtMTM1NjYwOTA4NS0zMzczMg"}},"id":"542e8e5a-87ae-4a54-84d7-fb5b8b49a47f","uniqueName":"CORP\\c020271","imageUrl":"https://devops.ageas.pt/Ageas-NETCORE-Fronts/_api/_common/identityImage?id=542e8e5a-87ae-4a54-84d7-fb5b8b49a47f","descriptor":"win.Uy0xLTUtMjEtMTA2NTY2NzU1NS01MTYzNTU2MzgtMTM1NjYwOTA4NS0zMzczMg"},"variables":{"BrokerUrl":{"value":"http://bs-pp.servicenp.ageas.intra/N1/TS.ashx"},"BsSolution":{"value":"ApiSignaturePortal"},"Environment":{"value":"PP"},"InstallService":{"value":"False","allowOverride":true}},"variableGroups":[],"preDeployApprovals":{"approvals":[{"rank":1,"isAutomated":false,"isNotificationOn":false,"approver":{"displayName":"[Signature]\\Release Administrators","url":"https://devops.ageas.pt/Ageas-NETCORE-Fronts/_apis/Identities/41ceb9c0-06d5-42ad-bea8-7e72c0e98f36","_links":{"avatar":{"href":"https://devops.ageas.pt/Ageas-NETCORE-Fronts/_apis/GraphProfile/MemberAvatars/vssgp.Uy0xLTktMTU1MTM3NDI0NS0yMjgyMTI1NS00MjkyNDg1NDUzLTI5MzMxMTM1MTItMzE5MjY0NzA1LTEtMTc4NzIxOTAzNS0yMDcxMzM0NDY4LTIzMzkxMjM4MDQtMTUwMjExMzA5Ng"}},"id":"41ceb9c0-06d5-42ad-bea8-7e72c0e98f36","uniqueName":"vstfs:///Classification/TeamProject/4696b0d4-8d1f-4c08-b3d8-3c9c8e5c43b1\\Release Administrators","imageUrl":"https://devops.ageas.pt/Ageas-NETCORE-Fronts/_api/_common/identityImage?id=41ceb9c0-06d5-42ad-bea8-7e72c0e98f36","isContainer":true,"descriptor":"vssgp.Uy0xLTktMTU1MTM3NDI0NS0yMjgyMTI1NS00MjkyNDg1NDUzLTI5MzMxMTM1MTItMzE5MjY0NzA1LTEtMTc4NzIxOTAzNS0yMDcxMzM0NDY4LTIzMzkxMjM4MDQtMTUwMjExMzA5Ng"},"id":6}],"approvalOptions":{"requiredApproverCount":null,"releaseCreatorCanBeApprover":true,"autoTriggeredAndPreviousEnvironmentApprovedCanBeSkipped":false,"enforceIdentityRevalidation":false,"timeoutInMinutes":0,"executionOrder":1}},"deployStep":{"id":17},"postDeployApprovals":{"approvals":[{"rank":1,"isAutomated":true,"isNotificationOn":false,"id":22}],"approvalOptions":{"requiredApproverCount":null,"releaseCreatorCanBeApprover":false,"autoTriggeredAndPreviousEnvironmentApprovedCanBeSkipped":false,"enforceIdentityRevalidation":false,"timeoutInMinutes":0,"executionOrder":2}},"deployPhases":[{"deploymentInput":{"parallelExecution":{"parallelExecutionType":0},"skipArtifactsDownload":false,"artifactsDownloadInput":{"downloadInputs":[]},"queueId":69,"demands":[],"enableAccessToken":false,"timeoutInMinutes":0,"jobCancelTimeoutInMinutes":1,"condition":"succeeded()","overrideInputs":{}},"rank":1,"phaseType":1,"name":"Agent job","refName":null,"workflowTasks":[{"environment":{},"taskId":"31f040e5-e040-4336-878a-59a493355534","version":"1.*","name":"Configure Website","refName":"","enabled":true,"alwaysRun":false,"continueOnError":false,"timeoutInMinutes":0,"definitionType":"task","overrideInputs":{},"condition":"and(succeeded(), eq(variables['InstallService'], True))","inputs":{"Script":"E:\\Scripts\\Add-WebSite.ps1 -servers $(Server.DMZ.PP) -user $(DMZNP.TFS.User) -password $(DMZNP.TFS.Password) -name $(ApplicationName) -environment $(Environment)","ScriptArguments":""}},{"environment":{},"taskId":"a8515ec8-7254-4ffd-912c-86772e2b5962","version":"3.*","name":"Replace tokens in **/*.config","refName":"","enabled":true,"alwaysRun":false,"continueOnError":false,"timeoutInMinutes":0,"definitionType":"task","overrideInputs":{},"condition":"succeeded()","inputs":{"rootDirectory":"$(System.DefaultWorkingDirectory)/_Signature-CI/Signature","targetFiles":"**/*.config","encoding":"auto","writeBOM":"true","verbosity":"normal","actionOnMissing":"warn","keepToken":"false","tokenPrefix":"#{","tokenSuffix":"}#","emptyValue":"(empty)","escapeType":"none","escapeChar":"","charsToEscape":""}},{"environment":{},"taskId":"a8515ec8-7254-4ffd-912c-86772e2b5962","version":"3.*","name":"Replace tokens in **/*.json","refName":"","enabled":true,"alwaysRun":false,"continueOnError":false,"timeoutInMinutes":0,"definitionType":"task","overrideInputs":{},"condition":"succeeded()","inputs":{"rootDirectory":"$(System.DefaultWorkingDirectory)/_Signature-CI/Signature","targetFiles":"**/*.json","encoding":"auto","writeBOM":"true","verbosity":"normal","actionOnMissing":"warn","keepToken":"false","tokenPrefix":"#{","tokenSuffix":"}#","emptyValue":"(empty)","escapeType":"none","escapeChar":"","charsToEscape":""}},{"environment":{},"taskId":"f0fd01a4-5d54-4c89-b57d-d2e285591623","version":"1.*","name":"Application Pool Stop","refName":"","enabled":true,"alwaysRun":true,"continueOnError":true,"timeoutInMinutes":0,"definitionType":"metaTask","overrideInputs":{},"condition":"succeededOrFailed()","inputs":{"Application Pool":"$(ApplicationName)-$(Environment)","Operation Timeout":"","Option":"STOP","Remote Password":"$(DMZNP.TFS.Password)","Remote Username":"$(DMZNP.TFS.User)","Server":"$(Server.DMZ.PP)"}},{"environment":{},"taskId":"57ee7959-ba10-47a7-8adb-19d032872030","version":"3.*","name":"FullDeployV3: Copy files to remote server","refName":"","enabled":true,"alwaysRun":false,"continueOnError":false,"timeoutInMinutes":0,"definitionType":"task","overrideInputs":{},"condition":"succeeded()","inputs":{"localPath":"$(System.DefaultWorkingDirectory)/_Signature-CI/Signature-CI","user":"$(DMZNP.TFS.User)","password":"$(DMZNP.TFS.Password)","destinationServer":"$(Server.DMZ.PP)","destinationServerPath":"E:\\IIS\\$(Environment)\\$(ApplicationName)","useAppOffline":"true","deleteFiles":"true","zipFiles":"true","ignoreDestinationServerPathValidation":"false","localDrive":"E:","remoteDrive":"E:","useBackup":"true","backupFilePath":"E:\\IIS\\$(Environment)\\_backups\\$(ApplicationName)_{0}.zip","useLog4Net":"false","log4NetFilePath":"","log4NetReplaceValue":"","appPoolReset":"false","appPoolName":"$(ApplicationName)-$(Environment)"}},{"environment":{},"taskId":"f0fd01a4-5d54-4c89-b57d-d2e285591623","version":"1.*","name":"Application Pool Start","refName":"","enabled":true,"alwaysRun":true,"continueOnError":true,"timeoutInMinutes":0,"definitionType":"metaTask","overrideInputs":{},"condition":"succeededOrFailed()","inputs":{"Application Pool":"$(ApplicationName)-$(Environment)","Operation Timeout":"0","Option":"START","Remote Password":"$(DMZNP.TFS.Password)","Remote Username":"$(DMZNP.TFS.User)","Server":"$(Server.DMZ.PP)"}}]}],"environmentOptions":{"emailNotificationType":"OnlyOnFailure","emailRecipients":"release.environment.owner;release.creator","skipArtifactsDownload":false,"timeoutInMinutes":0,"enableAccessToken":false,"publishDeploymentStatus":true,"badgeEnabled":false,"autoLinkWorkItems":false,"pullRequestDeploymentEnabled":true},"demands":[],"conditions":[{"name":"TS","conditionType":2,"value":"132"}],"executionPolicy":{"concurrencyCount":1,"queueDepthCount":0},"schedules":[],"currentRelease":{"id":0,"url":"https://devops.ageas.pt/Ageas-NETCORE-Fronts/4696b0d4-8d1f-4c08-b3d8-3c9c8e5c43b1/_apis/Release/releases/0","_links":{}},"retentionPolicy":{"daysToKeep":30,"releasesToKeep":3,"retainBuild":true},"processParameters":{},"properties":{},"preDeploymentGates":{"id":0,"gatesOptions":null,"gates":[]},"postDeploymentGates":{"id":0,"gatesOptions":null,"gates":[]},"environmentTriggers":[],"badgeUrl":"https://devops.ageas.pt/Ageas-NETCORE-Fronts/_apis/public/Release/badge/4696b0d4-8d1f-4c08-b3d8-3c9c8e5c43b1/2/4"},{"id":5,"name":"PR01","rank":4,"owner":{"displayName":"Miguel Rodrigues (Externo)","url":"https://devops.ageas.pt/Ageas-NETCORE-Fronts/_apis/Identities/542e8e5a-87ae-4a54-84d7-fb5b8b49a47f","_links":{"avatar":{"href":"https://devops.ageas.pt/Ageas-NETCORE-Fronts/_apis/GraphProfile/MemberAvatars/win.Uy0xLTUtMjEtMTA2NTY2NzU1NS01MTYzNTU2MzgtMTM1NjYwOTA4NS0zMzczMg"}},"id":"542e8e5a-87ae-4a54-84d7-fb5b8b49a47f","uniqueName":"CORP\\c020271","imageUrl":"https://devops.ageas.pt/Ageas-NETCORE-Fronts/_api/_common/identityImage?id=542e8e5a-87ae-4a54-84d7-fb5b8b49a47f","descriptor":"win.Uy0xLTUtMjEtMTA2NTY2NzU1NS01MTYzNTU2MzgtMTM1NjYwOTA4NS0zMzczMg"},"variables":{"BrokerUrl":{"value":"http://bs/n1/ts.ashx"},"BsSolution":{"value":"ApiSignaturePortal"},"Environment":{"value":"PR"},"InstallService":{"value":"False","allowOverride":true}},"variableGroups":[],"preDeployApprovals":{"approvals":[{"rank":1,"isAutomated":false,"isNotificationOn":false,"approver":{"displayName":"[Signature]\\Release Administrators","url":"https://devops.ageas.pt/Ageas-NETCORE-Fronts/_apis/Identities/41ceb9c0-06d5-42ad-bea8-7e72c0e98f36","_links":{"avatar":{"href":"https://devops.ageas.pt/Ageas-NETCORE-Fronts/_apis/GraphProfile/MemberAvatars/vssgp.Uy0xLTktMTU1MTM3NDI0NS0yMjgyMTI1NS00MjkyNDg1NDUzLTI5MzMxMTM1MTItMzE5MjY0NzA1LTEtMTc4NzIxOTAzNS0yMDcxMzM0NDY4LTIzMzkxMjM4MDQtMTUwMjExMzA5Ng"}},"id":"41ceb9c0-06d5-42ad-bea8-7e72c0e98f36","uniqueName":"vstfs:///Classification/TeamProject/4696b0d4-8d1f-4c08-b3d8-3c9c8e5c43b1\\Release Administrators","imageUrl":"https://devops.ageas.pt/Ageas-NETCORE-Fronts/_api/_common/identityImage?id=41ceb9c0-06d5-42ad-bea8-7e72c0e98f36","isContainer":true,"descriptor":"vssgp.Uy0xLTktMTU1MTM3NDI0NS0yMjgyMTI1NS00MjkyNDg1NDUzLTI5MzMxMTM1MTItMzE5MjY0NzA1LTEtMTc4NzIxOTAzNS0yMDcxMzM0NDY4LTIzMzkxMjM4MDQtMTUwMjExMzA5Ng"},"id":7}],"approvalOptions":{"requiredApproverCount":null,"releaseCreatorCanBeApprover":true,"autoTriggeredAndPreviousEnvironmentApprovedCanBeSkipped":false,"enforceIdentityRevalidation":false,"timeoutInMinutes":0,"executionOrder":1}},"deployStep":{"id":16},"postDeployApprovals":{"approvals":[{"rank":1,"isAutomated":true,"isNotificationOn":false,"id":23}],"approvalOptions":{"requiredApproverCount":null,"releaseCreatorCanBeApprover":false,"autoTriggeredAndPreviousEnvironmentApprovedCanBeSkipped":false,"enforceIdentityRevalidation":false,"timeoutInMinutes":0,"executionOrder":2}},"deployPhases":[{"deploymentInput":{"parallelExecution":{"parallelExecutionType":0},"skipArtifactsDownload":false,"artifactsDownloadInput":{"downloadInputs":[]},"queueId":69,"demands":[],"enableAccessToken":false,"timeoutInMinutes":0,"jobCancelTimeoutInMinutes":1,"condition":"succeeded()","overrideInputs":{}},"rank":1,"phaseType":1,"name":"Agent job","refName":null,"workflowTasks":[{"environment":{},"taskId":"31f040e5-e040-4336-878a-59a493355534","version":"1.*","name":"Configure Website","refName":"","enabled":true,"alwaysRun":false,"continueOnError":false,"timeoutInMinutes":0,"definitionType":"task","overrideInputs":{},"condition":"and(succeeded(), eq(variables['InstallService'], True))","inputs":{"Script":"E:\\Scripts\\Add-WebSite.ps1 -servers $(Server.DMZ.PR01) -user $(DMZ.TFS.User) -password $(DMZ.TFS.Password) -name $(ApplicationName) -environment $(Environment)","ScriptArguments":""}},{"environment":{},"taskId":"a8515ec8-7254-4ffd-912c-86772e2b5962","version":"3.*","name":"Replace tokens in **/*.config","refName":"","enabled":true,"alwaysRun":false,"continueOnError":false,"timeoutInMinutes":0,"definitionType":"task","overrideInputs":{},"condition":"succeeded()","inputs":{"rootDirectory":"$(System.DefaultWorkingDirectory)/_Signature-CI/Signature","targetFiles":"**/*.config","encoding":"auto","writeBOM":"true","verbosity":"normal","actionOnMissing":"warn","keepToken":"false","tokenPrefix":"#{","tokenSuffix":"}#","emptyValue":"(empty)","escapeType":"none","escapeChar":"","charsToEscape":""}},{"environment":{},"taskId":"a8515ec8-7254-4ffd-912c-86772e2b5962","version":"3.*","name":"Replace tokens in **/*.json","refName":"","enabled":true,"alwaysRun":false,"continueOnError":false,"timeoutInMinutes":0,"definitionType":"task","overrideInputs":{},"condition":"succeeded()","inputs":{"rootDirectory":"$(System.DefaultWorkingDirectory)/_Signature-CI/Signature","targetFiles":"**/*.json","encoding":"auto","writeBOM":"true","verbosity":"normal","actionOnMissing":"warn","keepToken":"false","tokenPrefix":"#{","tokenSuffix":"}#","emptyValue":"(empty)","escapeType":"none","escapeChar":"","charsToEscape":""}},{"environment":{},"taskId":"f0fd01a4-5d54-4c89-b57d-d2e285591623","version":"1.*","name":"Application Pool Stop","refName":"","enabled":true,"alwaysRun":true,"continueOnError":true,"timeoutInMinutes":0,"definitionType":"metaTask","overrideInputs":{},"condition":"succeededOrFailed()","inputs":{"Application Pool":"$(ApplicationName)-$(Environment)","Operation Timeout":"","Option":"STOP","Remote Password":"$(DMZ.TFS.Password)","Remote Username":"$(DMZ.TFS.User)","Server":"$(Server.DMZ.PR01)"}},{"environment":{},"taskId":"57ee7959-ba10-47a7-8adb-19d032872030","version":"3.*","name":"FullDeployV3: Copy files to remote server","refName":"","enabled":true,"alwaysRun":false,"continueOnError":false,"timeoutInMinutes":0,"definitionType":"task","overrideInputs":{},"condition":"succeeded()","inputs":{"localPath":"$(System.DefaultWorkingDirectory)/_Signature-CI/Signature-CI","user":"$(DMZ.TFS.User)","password":"$(DMZ.TFS.Password)","destinationServer":"$(Server.DMZ.PR01)","destinationServerPath":"E:\\IIS\\$(Environment)\\$(ApplicationName)","useAppOffline":"true","deleteFiles":"true","zipFiles":"true","ignoreDestinationServerPathValidation":"false","localDrive":"E:","remoteDrive":"E:","useBackup":"true","backupFilePath":"E:\\IIS\\$(Environment)\\_backups\\$(ApplicationName)_{0}.zip","useLog4Net":"false","log4NetFilePath":"","log4NetReplaceValue":"","appPoolReset":"false","appPoolName":"$(ApplicationName)-$(Environment)"}},{"environment":{},"taskId":"f0fd01a4-5d54-4c89-b57d-d2e285591623","version":"1.*","name":"Application Pool Start","refName":"","enabled":true,"alwaysRun":true,"continueOnError":true,"timeoutInMinutes":0,"definitionType":"metaTask","overrideInputs":{},"condition":"succeededOrFailed()","inputs":{"Application Pool":"$(ApplicationName)-$(Environment)","Operation Timeout":"0","Option":"START","Remote Password":"$(DMZ.TFS.Password)","Remote Username":"$(DMZ.TFS.User)","Server":"$(Server.DMZ.PR01)"}}]}],"environmentOptions":{"emailNotificationType":"OnlyOnFailure","emailRecipients":"release.environment.owner;release.creator","skipArtifactsDownload":false,"timeoutInMinutes":0,"enableAccessToken":false,"publishDeploymentStatus":true,"badgeEnabled":false,"autoLinkWorkItems":false,"pullRequestDeploymentEnabled":false},"demands":[],"conditions":[{"name":"PP","conditionType":2,"value":"132"}],"executionPolicy":{"concurrencyCount":5,"queueDepthCount":1},"schedules":[],"currentRelease":{"id":0,"url":"https://devops.ageas.pt/Ageas-NETCORE-Fronts/4696b0d4-8d1f-4c08-b3d8-3c9c8e5c43b1/_apis/Release/releases/0","_links":{}},"retentionPolicy":{"daysToKeep":30,"releasesToKeep":3,"retainBuild":true},"processParameters":{},"properties":{},"preDeploymentGates":{"id":0,"gatesOptions":null,"gates":[]},"postDeploymentGates":{"id":0,"gatesOptions":null,"gates":[]},"environmentTriggers":[],"badgeUrl":"https://devops.ageas.pt/Ageas-NETCORE-Fronts/_apis/public/Release/badge/4696b0d4-8d1f-4c08-b3d8-3c9c8e5c43b1/2/5"},{"id":6,"name":"PR02","rank":5,"owner":{"displayName":"Miguel Rodrigues (Externo)","url":"https://devops.ageas.pt/Ageas-NETCORE-Fronts/_apis/Identities/542e8e5a-87ae-4a54-84d7-fb5b8b49a47f","_links":{"avatar":{"href":"https://devops.ageas.pt/Ageas-NETCORE-Fronts/_apis/GraphProfile/MemberAvatars/win.Uy0xLTUtMjEtMTA2NTY2NzU1NS01MTYzNTU2MzgtMTM1NjYwOTA4NS0zMzczMg"}},"id":"542e8e5a-87ae-4a54-84d7-fb5b8b49a47f","uniqueName":"CORP\\c020271","imageUrl":"https://devops.ageas.pt/Ageas-NETCORE-Fronts/_api/_common/identityImage?id=542e8e5a-87ae-4a54-84d7-fb5b8b49a47f","descriptor":"win.Uy0xLTUtMjEtMTA2NTY2NzU1NS01MTYzNTU2MzgtMTM1NjYwOTA4NS0zMzczMg"},"variables":{"BrokerUrl":{"value":"http://bs/n1/ts.ashx"},"BsSolution":{"value":"ApiSignaturePortal"},"Environment":{"value":"PR"},"InstallService":{"value":"False","allowOverride":true}},"variableGroups":[],"preDeployApprovals":{"approvals":[{"rank":1,"isAutomated":false,"isNotificationOn":false,"approver":{"displayName":"[Signature]\\Release Administrators","url":"https://devops.ageas.pt/Ageas-NETCORE-Fronts/_apis/Identities/41ceb9c0-06d5-42ad-bea8-7e72c0e98f36","_links":{"avatar":{"href":"https://devops.ageas.pt/Ageas-NETCORE-Fronts/_apis/GraphProfile/MemberAvatars/vssgp.Uy0xLTktMTU1MTM3NDI0NS0yMjgyMTI1NS00MjkyNDg1NDUzLTI5MzMxMTM1MTItMzE5MjY0NzA1LTEtMTc4NzIxOTAzNS0yMDcxMzM0NDY4LTIzMzkxMjM4MDQtMTUwMjExMzA5Ng"}},"id":"41ceb9c0-06d5-42ad-bea8-7e72c0e98f36","uniqueName":"vstfs:///Classification/TeamProject/4696b0d4-8d1f-4c08-b3d8-3c9c8e5c43b1\\Release Administrators","imageUrl":"https://devops.ageas.pt/Ageas-NETCORE-Fronts/_api/_common/identityImage?id=41ceb9c0-06d5-42ad-bea8-7e72c0e98f36","isContainer":true,"descriptor":"vssgp.Uy0xLTktMTU1MTM3NDI0NS0yMjgyMTI1NS00MjkyNDg1NDUzLTI5MzMxMTM1MTItMzE5MjY0NzA1LTEtMTc4NzIxOTAzNS0yMDcxMzM0NDY4LTIzMzkxMjM4MDQtMTUwMjExMzA5Ng"},"id":8}],"approvalOptions":{"requiredApproverCount":null,"releaseCreatorCanBeApprover":true,"autoTriggeredAndPreviousEnvironmentApprovedCanBeSkipped":true,"enforceIdentityRevalidation":false,"timeoutInMinutes":0,"executionOrder":1}},"deployStep":{"id":15},"postDeployApprovals":{"approvals":[{"rank":1,"isAutomated":true,"isNotificationOn":false,"id":24}],"approvalOptions":{"requiredApproverCount":null,"releaseCreatorCanBeApprover":false,"autoTriggeredAndPreviousEnvironmentApprovedCanBeSkipped":false,"enforceIdentityRevalidation":false,"timeoutInMinutes":0,"executionOrder":2}},"deployPhases":[{"deploymentInput":{"parallelExecution":{"parallelExecutionType":0},"skipArtifactsDownload":false,"artifactsDownloadInput":{"downloadInputs":[]},"queueId":69,"demands":[],"enableAccessToken":false,"timeoutInMinutes":0,"jobCancelTimeoutInMinutes":1,"condition":"succeeded()","overrideInputs":{}},"rank":1,"phaseType":1,"name":"Agent job","refName":null,"workflowTasks":[{"environment":{},"taskId":"31f040e5-e040-4336-878a-59a493355534","version":"1.*","name":"Configure Website","refName":"","enabled":true,"alwaysRun":false,"continueOnError":false,"timeoutInMinutes":0,"definitionType":"task","overrideInputs":{},"condition":"and(succeeded(), eq(variables['InstallService'], True))","inputs":{"Script":"E:\\Scripts\\Add-WebSite.ps1 -servers $(Server.DMZ.PR02) -user $(DMZ.TFS.User) -password $(DMZ.TFS.Password) -name $(ApplicationName) -environment $(Environment)","ScriptArguments":""}},{"environment":{},"taskId":"a8515ec8-7254-4ffd-912c-86772e2b5962","version":"3.*","name":"Replace tokens in **/*.config","refName":"","enabled":true,"alwaysRun":false,"continueOnError":false,"timeoutInMinutes":0,"definitionType":"task","overrideInputs":{},"condition":"succeeded()","inputs":{"rootDirectory":"$(System.DefaultWorkingDirectory)/_Signature-CI/Signature","targetFiles":"**/*.config","encoding":"auto","writeBOM":"true","verbosity":"normal","actionOnMissing":"warn","keepToken":"false","tokenPrefix":"#{","tokenSuffix":"}#","emptyValue":"(empty)","escapeType":"none","escapeChar":"","charsToEscape":""}},{"environment":{},"taskId":"a8515ec8-7254-4ffd-912c-86772e2b5962","version":"3.*","name":"Replace tokens in **/*.json","refName":"","enabled":true,"alwaysRun":false,"continueOnError":false,"timeoutInMinutes":0,"definitionType":"task","overrideInputs":{},"condition":"succeeded()","inputs":{"rootDirectory":"$(System.DefaultWorkingDirectory)/_Signature-CI/Signature","targetFiles":"**/*.json","encoding":"auto","writeBOM":"true","verbosity":"normal","actionOnMissing":"warn","keepToken":"false","tokenPrefix":"#{","tokenSuffix":"}#","emptyValue":"(empty)","escapeType":"none","escapeChar":"","charsToEscape":""}},{"environment":{},"taskId":"f0fd01a4-5d54-4c89-b57d-d2e285591623","version":"1.*","name":"Application Pool Stop","refName":"","enabled":true,"alwaysRun":true,"continueOnError":true,"timeoutInMinutes":0,"definitionType":"metaTask","overrideInputs":{},"condition":"succeededOrFailed()","inputs":{"Application Pool":"$(ApplicationName)-$(Environment)","Operation Timeout":"","Option":"STOP","Remote Password":"$(DMZ.TFS.Password)","Remote Username":"$(DMZ.TFS.User)","Server":"$(Server.DMZ.PR02)"}},{"environment":{},"taskId":"57ee7959-ba10-47a7-8adb-19d032872030","version":"3.*","name":"FullDeployV3: Copy files to remote server","refName":"","enabled":true,"alwaysRun":false,"continueOnError":false,"timeoutInMinutes":0,"definitionType":"task","overrideInputs":{},"condition":"succeeded()","inputs":{"localPath":"$(System.DefaultWorkingDirectory)/_Signature-CI/Signature-CI","user":"$(DMZ.TFS.User)","password":"$(DMZ.TFS.Password)","destinationServer":"$(Server.DMZ.PR02)","destinationServerPath":"E:\\IIS\\$(Environment)\\$(ApplicationName)","useAppOffline":"true","deleteFiles":"true","zipFiles":"true","ignoreDestinationServerPathValidation":"false","localDrive":"E:","remoteDrive":"E:","useBackup":"true","backupFilePath":"E:\\IIS\\$(Environment)\\_backups\\$(ApplicationName)_{0}.zip","useLog4Net":"false","log4NetFilePath":"","log4NetReplaceValue":"","appPoolReset":"false","appPoolName":"$(ApplicationName)-$(Environment)"}},{"environment":{},"taskId":"f0fd01a4-5d54-4c89-b57d-d2e285591623","version":"1.*","name":"Application Pool Start","refName":"","enabled":true,"alwaysRun":true,"continueOnError":true,"timeoutInMinutes":0,"definitionType":"metaTask","overrideInputs":{},"condition":"succeededOrFailed()","inputs":{"Application Pool":"$(ApplicationName)-$(Environment)","Operation Timeout":"0","Option":"START","Remote Password":"$(DMZ.TFS.Password)","Remote Username":"$(DMZ.TFS.User)","Server":"$(Server.DMZ.PR02)"}}]}],"environmentOptions":{"emailNotificationType":"OnlyOnFailure","emailRecipients":"release.environment.owner;release.creator","skipArtifactsDownload":false,"timeoutInMinutes":0,"enableAccessToken":false,"publishDeploymentStatus":true,"badgeEnabled":false,"autoLinkWorkItems":false,"pullRequestDeploymentEnabled":false},"demands":[],"conditions":[{"name":"PR01","conditionType":2,"value":"132"}],"executionPolicy":{"concurrencyCount":5,"queueDepthCount":1},"schedules":[],"currentRelease":{"id":0,"url":"https://devops.ageas.pt/Ageas-NETCORE-Fronts/4696b0d4-8d1f-4c08-b3d8-3c9c8e5c43b1/_apis/Release/releases/0","_links":{}},"retentionPolicy":{"daysToKeep":30,"releasesToKeep":3,"retainBuild":true},"processParameters":{},"properties":{},"preDeploymentGates":{"id":0,"gatesOptions":null,"gates":[]},"postDeploymentGates":{"id":0,"gatesOptions":null,"gates":[]},"environmentTriggers":[],"badgeUrl":"https://devops.ageas.pt/Ageas-NETCORE-Fronts/_apis/public/Release/badge/4696b0d4-8d1f-4c08-b3d8-3c9c8e5c43b1/2/6"},{"id":7,"name":"MT","rank":6,"owner":{"displayName":"Miguel Rodrigues (Externo)","url":"https://devops.ageas.pt/Ageas-NETCORE-Fronts/_apis/Identities/542e8e5a-87ae-4a54-84d7-fb5b8b49a47f","_links":{"avatar":{"href":"https://devops.ageas.pt/Ageas-NETCORE-Fronts/_apis/GraphProfile/MemberAvatars/win.Uy0xLTUtMjEtMTA2NTY2NzU1NS01MTYzNTU2MzgtMTM1NjYwOTA4NS0zMzczMg"}},"id":"542e8e5a-87ae-4a54-84d7-fb5b8b49a47f","uniqueName":"CORP\\c020271","imageUrl":"https://devops.ageas.pt/Ageas-NETCORE-Fronts/_api/_common/identityImage?id=542e8e5a-87ae-4a54-84d7-fb5b8b49a47f","descriptor":"win.Uy0xLTUtMjEtMTA2NTY2NzU1NS01MTYzNTU2MzgtMTM1NjYwOTA4NS0zMzczMg"},"variables":{"BrokerUrl":{"value":"http://bs-mt.servicenp.ageas.intra/N1/TS.ashx"},"BsSolution":{"value":"ApiSignaturePortal"},"Environment":{"value":"MT"},"InstallService":{"value":"False","allowOverride":true}},"variableGroups":[],"preDeployApprovals":{"approvals":[{"rank":1,"isAutomated":true,"isNotificationOn":false,"id":9}],"approvalOptions":{"requiredApproverCount":null,"releaseCreatorCanBeApprover":false,"autoTriggeredAndPreviousEnvironmentApprovedCanBeSkipped":false,"enforceIdentityRevalidation":false,"timeoutInMinutes":0,"executionOrder":1}},"deployStep":{"id":14},"postDeployApprovals":{"approvals":[{"rank":1,"isAutomated":true,"isNotificationOn":false,"id":25}],"approvalOptions":{"requiredApproverCount":null,"releaseCreatorCanBeApprover":false,"autoTriggeredAndPreviousEnvironmentApprovedCanBeSkipped":false,"enforceIdentityRevalidation":false,"timeoutInMinutes":0,"executionOrder":2}},"deployPhases":[{"deploymentInput":{"parallelExecution":{"parallelExecutionType":0},"skipArtifactsDownload":false,"artifactsDownloadInput":{"downloadInputs":[]},"queueId":69,"demands":[],"enableAccessToken":false,"timeoutInMinutes":0,"jobCancelTimeoutInMinutes":1,"condition":"succeeded()","overrideInputs":{}},"rank":1,"phaseType":1,"name":"Agent job","refName":null,"workflowTasks":[{"environment":{},"taskId":"31f040e5-e040-4336-878a-59a493355534","version":"1.*","name":"Configure Website","refName":"","enabled":true,"alwaysRun":false,"continueOnError":false,"timeoutInMinutes":0,"definitionType":"task","overrideInputs":{},"condition":"and(succeeded(), eq(variables['InstallService'], True))","inputs":{"Script":"E:\\Scripts\\Add-WebSite.ps1 -servers $(Server.DMZ.MT) -user $(DMZNP.TFS.User) -password $(DMZNP.TFS.Password) -name $(ApplicationName) -environment $(Environment)","ScriptArguments":""}},{"environment":{},"taskId":"a8515ec8-7254-4ffd-912c-86772e2b5962","version":"3.*","name":"Replace tokens in **/*.config","refName":"","enabled":true,"alwaysRun":false,"continueOnError":false,"timeoutInMinutes":0,"definitionType":"task","overrideInputs":{},"condition":"succeeded()","inputs":{"rootDirectory":"$(System.DefaultWorkingDirectory)/_Signature-CI/Signature","targetFiles":"**/*.config","encoding":"auto","writeBOM":"true","verbosity":"normal","actionOnMissing":"warn","keepToken":"false","tokenPrefix":"#{","tokenSuffix":"}#","emptyValue":"(empty)","escapeType":"none","escapeChar":"","charsToEscape":""}},{"environment":{},"taskId":"a8515ec8-7254-4ffd-912c-86772e2b5962","version":"3.*","name":"Replace tokens in **/*.json","refName":"","enabled":true,"alwaysRun":false,"continueOnError":false,"timeoutInMinutes":0,"definitionType":"task","overrideInputs":{},"condition":"succeeded()","inputs":{"rootDirectory":"$(System.DefaultWorkingDirectory)/_Signature-CI/Signature","targetFiles":"**/*.config","encoding":"auto","writeBOM":"true","verbosity":"normal","actionOnMissing":"warn","keepToken":"false","tokenPrefix":"#{","tokenSuffix":"}#","emptyValue":"(empty)","escapeType":"none","escapeChar":"","charsToEscape":""}},{"environment":{},"taskId":"f0fd01a4-5d54-4c89-b57d-d2e285591623","version":"1.*","name":"Application Pool Stop","refName":"","enabled":true,"alwaysRun":true,"continueOnError":true,"timeoutInMinutes":0,"definitionType":"metaTask","overrideInputs":{},"condition":"succeededOrFailed()","inputs":{"Application Pool":"$(Environment)-$(ApplicationName)","Operation Timeout":"","Option":"STOP","Remote Password":"$(DMZNP.TFS.Password)","Remote Username":"$(DMZNP.TFS.User)","Server":"$(Server.DMZ.MT)"}},{"environment":{},"taskId":"57ee7959-ba10-47a7-8adb-19d032872030","version":"3.*","name":"FullDeployV3: Copy files to remote server","refName":"","enabled":true,"alwaysRun":false,"continueOnError":false,"timeoutInMinutes":0,"definitionType":"task","overrideInputs":{},"condition":"succeeded()","inputs":{"localPath":"$(System.DefaultWorkingDirectory)/_Signature-CI/Signature-CI","user":"$(DMZNP.TFS.User)","password":"$(DMZNP.TFS.Password)","destinationServer":"$(Server.DMZ.MT)","destinationServerPath":"E:\\IIS\\$(Environment)\\$(ApplicationName)","useAppOffline":"true","deleteFiles":"true","zipFiles":"true","ignoreDestinationServerPathValidation":"false","localDrive":"E:","remoteDrive":"E:","useBackup":"true","backupFilePath":"E:\\IIS\\$(Environment)\\_backups\\$(ApplicationName)_{0}.zip","useLog4Net":"false","log4NetFilePath":"","log4NetReplaceValue":"","appPoolReset":"false","appPoolName":"$(ApplicationName)-$(Environment)"}},{"environment":{},"taskId":"f0fd01a4-5d54-4c89-b57d-d2e285591623","version":"1.*","name":"Application Pool Start","refName":"","enabled":true,"alwaysRun":true,"continueOnError":true,"timeoutInMinutes":0,"definitionType":"metaTask","overrideInputs":{},"condition":"succeededOrFailed()","inputs":{"Application Pool":"$(Environment)-$(ApplicationName)","Operation Timeout":"0","Option":"START","Remote Password":"$(DMZNP.TFS.Password)","Remote Username":"$(DMZNP.TFS.User)","Server":"$(Server.DMZ.MT)"}}]}],"environmentOptions":{"emailNotificationType":"OnlyOnFailure","emailRecipients":"release.environment.owner;release.creator","skipArtifactsDownload":false,"timeoutInMinutes":0,"enableAccessToken":false,"publishDeploymentStatus":true,"badgeEnabled":false,"autoLinkWorkItems":false,"pullRequestDeploymentEnabled":false},"demands":[],"conditions":[{"name":"ReleaseStarted","conditionType":1,"value":""},{"name":"_Signature-CI","conditionType":4,"value":"{\"sourceBranch\":\"support\",\"tags\":[],\"useBuildDefinitionBranch\":false,\"createReleaseOnBuildTagging\":false}"}],"executionPolicy":{"concurrencyCount":1,"queueDepthCount":1},"schedules":[],"currentRelease":{"id":0,"url":"https://devops.ageas.pt/Ageas-NETCORE-Fronts/4696b0d4-8d1f-4c08-b3d8-3c9c8e5c43b1/_apis/Release/releases/0","_links":{}},"retentionPolicy":{"daysToKeep":30,"releasesToKeep":3,"retainBuild":true},"processParameters":{},"properties":{},"preDeploymentGates":{"id":0,"gatesOptions":null,"gates":[]},"postDeploymentGates":{"id":0,"gatesOptions":null,"gates":[]},"environmentTriggers":[],"badgeUrl":"https://devops.ageas.pt/Ageas-NETCORE-Fronts/_apis/public/Release/badge/4696b0d4-8d1f-4c08-b3d8-3c9c8e5c43b1/2/7"},{"id":8,"name":"PR01 (hotfix)","rank":7,"owner":{"displayName":"Miguel Rodrigues (Externo)","url":"https://devops.ageas.pt/Ageas-NETCORE-Fronts/_apis/Identities/542e8e5a-87ae-4a54-84d7-fb5b8b49a47f","_links":{"avatar":{"href":"https://devops.ageas.pt/Ageas-NETCORE-Fronts/_apis/GraphProfile/MemberAvatars/win.Uy0xLTUtMjEtMTA2NTY2NzU1NS01MTYzNTU2MzgtMTM1NjYwOTA4NS0zMzczMg"}},"id":"542e8e5a-87ae-4a54-84d7-fb5b8b49a47f","uniqueName":"CORP\\c020271","imageUrl":"https://devops.ageas.pt/Ageas-NETCORE-Fronts/_api/_common/identityImage?id=542e8e5a-87ae-4a54-84d7-fb5b8b49a47f","descriptor":"win.Uy0xLTUtMjEtMTA2NTY2NzU1NS01MTYzNTU2MzgtMTM1NjYwOTA4NS0zMzczMg"},"variables":{"BrokerUrl":{"value":"http://bs/n1/ts.ashx"},"BsSolution":{"value":"ApiSignaturePortal"},"Environment":{"value":"PR"},"InstallService":{"value":"False","allowOverride":true}},"variableGroups":[],"preDeployApprovals":{"approvals":[{"rank":1,"isAutomated":false,"isNotificationOn":false,"approver":{"displayName":"[Signature]\\Release Administrators","url":"https://devops.ageas.pt/Ageas-NETCORE-Fronts/_apis/Identities/41ceb9c0-06d5-42ad-bea8-7e72c0e98f36","_links":{"avatar":{"href":"https://devops.ageas.pt/Ageas-NETCORE-Fronts/_apis/GraphProfile/MemberAvatars/vssgp.Uy0xLTktMTU1MTM3NDI0NS0yMjgyMTI1NS00MjkyNDg1NDUzLTI5MzMxMTM1MTItMzE5MjY0NzA1LTEtMTc4NzIxOTAzNS0yMDcxMzM0NDY4LTIzMzkxMjM4MDQtMTUwMjExMzA5Ng"}},"id":"41ceb9c0-06d5-42ad-bea8-7e72c0e98f36","uniqueName":"vstfs:///Classification/TeamProject/4696b0d4-8d1f-4c08-b3d8-3c9c8e5c43b1\\Release Administrators","imageUrl":"https://devops.ageas.pt/Ageas-NETCORE-Fronts/_api/_common/identityImage?id=41ceb9c0-06d5-42ad-bea8-7e72c0e98f36","isContainer":true,"descriptor":"vssgp.Uy0xLTktMTU1MTM3NDI0NS0yMjgyMTI1NS00MjkyNDg1NDUzLTI5MzMxMTM1MTItMzE5MjY0NzA1LTEtMTc4NzIxOTAzNS0yMDcxMzM0NDY4LTIzMzkxMjM4MDQtMTUwMjExMzA5Ng"},"id":10}],"approvalOptions":{"requiredApproverCount":null,"releaseCreatorCanBeApprover":true,"autoTriggeredAndPreviousEnvironmentApprovedCanBeSkipped":false,"enforceIdentityRevalidation":false,"timeoutInMinutes":0,"executionOrder":1}},"deployStep":{"id":13},"postDeployApprovals":{"approvals":[{"rank":1,"isAutomated":true,"isNotificationOn":false,"id":26}],"approvalOptions":{"requiredApproverCount":null,"releaseCreatorCanBeApprover":false,"autoTriggeredAndPreviousEnvironmentApprovedCanBeSkipped":false,"enforceIdentityRevalidation":false,"timeoutInMinutes":0,"executionOrder":2}},"deployPhases":[{"deploymentInput":{"parallelExecution":{"parallelExecutionType":0},"skipArtifactsDownload":false,"artifactsDownloadInput":{"downloadInputs":[]},"queueId":69,"demands":[],"enableAccessToken":false,"timeoutInMinutes":0,"jobCancelTimeoutInMinutes":1,"condition":"succeeded()","overrideInputs":{}},"rank":1,"phaseType":1,"name":"Agent job","refName":null,"workflowTasks":[{"environment":{},"taskId":"31f040e5-e040-4336-878a-59a493355534","version":"1.*","name":"Configure Website","refName":"","enabled":true,"alwaysRun":false,"continueOnError":false,"timeoutInMinutes":0,"definitionType":"task","overrideInputs":{},"condition":"and(succeeded(), eq(variables['InstallService'], True))","inputs":{"Script":"E:\\Scripts\\Add-WebSite.ps1 -servers $(Server.DMZ.PR01) -user $(DMZ.TFS.User) -password $(DMZ.TFS.Password) -name $(ApplicationName) -environment $(Environment)","ScriptArguments":""}},{"environment":{},"taskId":"a8515ec8-7254-4ffd-912c-86772e2b5962","version":"3.*","name":"Replace tokens in **/*.config","refName":"","enabled":true,"alwaysRun":false,"continueOnError":false,"timeoutInMinutes":0,"definitionType":"task","overrideInputs":{},"condition":"succeeded()","inputs":{"rootDirectory":"$(System.DefaultWorkingDirectory)/_Signature-CI/Signature","targetFiles":"**/*.config","encoding":"auto","writeBOM":"true","verbosity":"normal","actionOnMissing":"warn","keepToken":"false","tokenPrefix":"#{","tokenSuffix":"}#","emptyValue":"(empty)","escapeType":"none","escapeChar":"","charsToEscape":""}},{"environment":{},"taskId":"a8515ec8-7254-4ffd-912c-86772e2b5962","version":"3.*","name":"Replace tokens in **/*.json","refName":"","enabled":true,"alwaysRun":false,"continueOnError":false,"timeoutInMinutes":0,"definitionType":"task","overrideInputs":{},"condition":"succeeded()","inputs":{"rootDirectory":"$(System.DefaultWorkingDirectory)/_Signature-CI/Signature","targetFiles":"**/*.config","encoding":"auto","writeBOM":"true","verbosity":"normal","actionOnMissing":"warn","keepToken":"false","tokenPrefix":"#{","tokenSuffix":"}#","emptyValue":"(empty)","escapeType":"none","escapeChar":"","charsToEscape":""}},{"environment":{},"taskId":"f0fd01a4-5d54-4c89-b57d-d2e285591623","version":"1.*","name":"Application Pool Stop","refName":"","enabled":true,"alwaysRun":true,"continueOnError":true,"timeoutInMinutes":0,"definitionType":"metaTask","overrideInputs":{},"condition":"succeededOrFailed()","inputs":{"Application Pool":"$(ApplicationName)-$(Environment)","Operation Timeout":"","Option":"STOP","Remote Password":"$(DMZ.TFS.Password)","Remote Username":"$(DMZ.TFS.User)","Server":"$(Server.DMZ.PR01)"}},{"environment":{},"taskId":"57ee7959-ba10-47a7-8adb-19d032872030","version":"3.*","name":"FullDeployV3: Copy files to remote server","refName":"","enabled":true,"alwaysRun":false,"continueOnError":false,"timeoutInMinutes":0,"definitionType":"task","overrideInputs":{},"condition":"succeeded()","inputs":{"localPath":"$(System.DefaultWorkingDirectory)/_Signature-CI/Signature-CI","user":"$(DMZ.TFS.User)","password":"$(DMZ.TFS.Password)","destinationServer":"$(Server.DMZ.PR01)","destinationServerPath":"E:\\IIS\\$(Environment)\\$(ApplicationName)","useAppOffline":"true","deleteFiles":"true","zipFiles":"true","ignoreDestinationServerPathValidation":"false","localDrive":"E:","remoteDrive":"E:","useBackup":"true","backupFilePath":"E:\\IIS\\$(Environment)\\_backups\\$(ApplicationName)_{0}.zip","useLog4Net":"false","log4NetFilePath":"","log4NetReplaceValue":"","appPoolReset":"false","appPoolName":"$(ApplicationName)-$(Environment)"}},{"environment":{},"taskId":"f0fd01a4-5d54-4c89-b57d-d2e285591623","version":"1.*","name":"Application Pool Start","refName":"","enabled":true,"alwaysRun":true,"continueOnError":true,"timeoutInMinutes":0,"definitionType":"metaTask","overrideInputs":{},"condition":"succeededOrFailed()","inputs":{"Application Pool":"$(ApplicationName)-$(Environment)","Operation Timeout":"0","Option":"START","Remote Password":"$(DMZ.TFS.Password)","Remote Username":"$(DMZ.TFS.User)","Server":"$(Server.DMZ.PR01)"}}]}],"environmentOptions":{"emailNotificationType":"OnlyOnFailure","emailRecipients":"release.environment.owner;release.creator","skipArtifactsDownload":false,"timeoutInMinutes":0,"enableAccessToken":false,"publishDeploymentStatus":true,"badgeEnabled":false,"autoLinkWorkItems":false,"pullRequestDeploymentEnabled":false},"demands":[],"conditions":[{"name":"MT","conditionType":2,"value":"132"}],"executionPolicy":{"concurrencyCount":5,"queueDepthCount":1},"schedules":[],"currentRelease":{"id":0,"url":"https://devops.ageas.pt/Ageas-NETCORE-Fronts/4696b0d4-8d1f-4c08-b3d8-3c9c8e5c43b1/_apis/Release/releases/0","_links":{}},"retentionPolicy":{"daysToKeep":30,"releasesToKeep":3,"retainBuild":true},"processParameters":{},"properties":{},"preDeploymentGates":{"id":0,"gatesOptions":null,"gates":[]},"postDeploymentGates":{"id":0,"gatesOptions":null,"gates":[]},"environmentTriggers":[],"badgeUrl":"https://devops.ageas.pt/Ageas-NETCORE-Fronts/_apis/public/Release/badge/4696b0d4-8d1f-4c08-b3d8-3c9c8e5c43b1/2/8"},{"id":9,"name":"PR02 (hotfix)","rank":8,"owner":{"displayName":"Miguel Rodrigues (Externo)","url":"https://devops.ageas.pt/Ageas-NETCORE-Fronts/_apis/Identities/542e8e5a-87ae-4a54-84d7-fb5b8b49a47f","_links":{"avatar":{"href":"https://devops.ageas.pt/Ageas-NETCORE-Fronts/_apis/GraphProfile/MemberAvatars/win.Uy0xLTUtMjEtMTA2NTY2NzU1NS01MTYzNTU2MzgtMTM1NjYwOTA4NS0zMzczMg"}},"id":"542e8e5a-87ae-4a54-84d7-fb5b8b49a47f","uniqueName":"CORP\\c020271","imageUrl":"https://devops.ageas.pt/Ageas-NETCORE-Fronts/_api/_common/identityImage?id=542e8e5a-87ae-4a54-84d7-fb5b8b49a47f","descriptor":"win.Uy0xLTUtMjEtMTA2NTY2NzU1NS01MTYzNTU2MzgtMTM1NjYwOTA4NS0zMzczMg"},"variables":{"BrokerUrl":{"value":"http://bs/n1/ts.ashx"},"BsSolution":{"value":"ApiSignaturePortal"},"Environment":{"value":"PR"},"InstallService":{"value":"False","allowOverride":true}},"variableGroups":[],"preDeployApprovals":{"approvals":[{"rank":1,"isAutomated":false,"isNotificationOn":false,"approver":{"displayName":"[Signature]\\Release Administrators","url":"https://devops.ageas.pt/Ageas-NETCORE-Fronts/_apis/Identities/41ceb9c0-06d5-42ad-bea8-7e72c0e98f36","_links":{"avatar":{"href":"https://devops.ageas.pt/Ageas-NETCORE-Fronts/_apis/GraphProfile/MemberAvatars/vssgp.Uy0xLTktMTU1MTM3NDI0NS0yMjgyMTI1NS00MjkyNDg1NDUzLTI5MzMxMTM1MTItMzE5MjY0NzA1LTEtMTc4NzIxOTAzNS0yMDcxMzM0NDY4LTIzMzkxMjM4MDQtMTUwMjExMzA5Ng"}},"id":"41ceb9c0-06d5-42ad-bea8-7e72c0e98f36","uniqueName":"vstfs:///Classification/TeamProject/4696b0d4-8d1f-4c08-b3d8-3c9c8e5c43b1\\Release Administrators","imageUrl":"https://devops.ageas.pt/Ageas-NETCORE-Fronts/_api/_common/identityImage?id=41ceb9c0-06d5-42ad-bea8-7e72c0e98f36","isContainer":true,"descriptor":"vssgp.Uy0xLTktMTU1MTM3NDI0NS0yMjgyMTI1NS00MjkyNDg1NDUzLTI5MzMxMTM1MTItMzE5MjY0NzA1LTEtMTc4NzIxOTAzNS0yMDcxMzM0NDY4LTIzMzkxMjM4MDQtMTUwMjExMzA5Ng"},"id":11}],"approvalOptions":{"requiredApproverCount":null,"releaseCreatorCanBeApprover":true,"autoTriggeredAndPreviousEnvironmentApprovedCanBeSkipped":true,"enforceIdentityRevalidation":false,"timeoutInMinutes":0,"executionOrder":1}},"deployStep":{"id":12},"postDeployApprovals":{"approvals":[{"rank":1,"isAutomated":true,"isNotificationOn":false,"id":27}],"approvalOptions":{"requiredApproverCount":null,"releaseCreatorCanBeApprover":false,"autoTriggeredAndPreviousEnvironmentApprovedCanBeSkipped":false,"enforceIdentityRevalidation":false,"timeoutInMinutes":0,"executionOrder":2}},"deployPhases":[{"deploymentInput":{"parallelExecution":{"parallelExecutionType":0},"skipArtifactsDownload":false,"artifactsDownloadInput":{"downloadInputs":[]},"queueId":69,"demands":[],"enableAccessToken":false,"timeoutInMinutes":0,"jobCancelTimeoutInMinutes":1,"condition":"succeeded()","overrideInputs":{}},"rank":1,"phaseType":1,"name":"Agent job","refName":null,"workflowTasks":[{"environment":{},"taskId":"31f040e5-e040-4336-878a-59a493355534","version":"1.*","name":"Configure Website","refName":"","enabled":true,"alwaysRun":false,"continueOnError":false,"timeoutInMinutes":0,"definitionType":"task","overrideInputs":{},"condition":"and(succeeded(), eq(variables['InstallService'], True))","inputs":{"Script":"E:\\Scripts\\Add-WebSite.ps1 -servers $(Server.DMZ.PR02) -user $(DMZ.TFS.User) -password $(DMZ.TFS.Password) -name $(ApplicationName) -environment $(Environment)","ScriptArguments":""}},{"environment":{},"taskId":"a8515ec8-7254-4ffd-912c-86772e2b5962","version":"3.*","name":"Replace tokens in **/*.config","refName":"","enabled":true,"alwaysRun":false,"continueOnError":false,"timeoutInMinutes":0,"definitionType":"task","overrideInputs":{},"condition":"succeeded()","inputs":{"rootDirectory":"$(System.DefaultWorkingDirectory)/_Signature-CI/Signature","targetFiles":"**/*.config","encoding":"auto","writeBOM":"true","verbosity":"normal","actionOnMissing":"warn","keepToken":"false","tokenPrefix":"#{","tokenSuffix":"}#","emptyValue":"(empty)","escapeType":"none","escapeChar":"","charsToEscape":""}},{"environment":{},"taskId":"a8515ec8-7254-4ffd-912c-86772e2b5962","version":"3.*","name":"Replace tokens in **/*.json","refName":"","enabled":true,"alwaysRun":false,"continueOnError":false,"timeoutInMinutes":0,"definitionType":"task","overrideInputs":{},"condition":"succeeded()","inputs":{"rootDirectory":"$(System.DefaultWorkingDirectory)/_Signature-CI/Signature","targetFiles":"**/*.json","encoding":"auto","writeBOM":"true","verbosity":"normal","actionOnMissing":"warn","keepToken":"false","tokenPrefix":"#{","tokenSuffix":"}#","emptyValue":"(empty)","escapeType":"none","escapeChar":"","charsToEscape":""}},{"environment":{},"taskId":"f0fd01a4-5d54-4c89-b57d-d2e285591623","version":"1.*","name":"Application Pool Stop","refName":"","enabled":true,"alwaysRun":true,"continueOnError":true,"timeoutInMinutes":0,"definitionType":"metaTask","overrideInputs":{},"condition":"succeededOrFailed()","inputs":{"Application Pool":"$(ApplicationName)-$(Environment)","Operation Timeout":"","Option":"STOP","Remote Password":"$(DMZ.TFS.Password)","Remote Username":"$(DMZ.TFS.User)","Server":"$(Server.DMZ.PR02)"}},{"environment":{},"taskId":"57ee7959-ba10-47a7-8adb-19d032872030","version":"3.*","name":"FullDeployV3: Copy files to remote server","refName":"","enabled":true,"alwaysRun":false,"continueOnError":false,"timeoutInMinutes":0,"definitionType":"task","overrideInputs":{},"condition":"succeeded()","inputs":{"localPath":"$(System.DefaultWorkingDirectory)/_Signature-CI/Signature-CI","user":"$(DMZ.TFS.User)","password":"$(DMZ.TFS.Password)","destinationServer":"$(Server.DMZ.PR02)","destinationServerPath":"E:\\IIS\\$(Environment)\\$(ApplicationName)","useAppOffline":"true","deleteFiles":"true","zipFiles":"true","ignoreDestinationServerPathValidation":"false","localDrive":"E:","remoteDrive":"E:","useBackup":"true","backupFilePath":"E:\\IIS\\$(Environment)\\_backups\\$(ApplicationName)_{0}.zip","useLog4Net":"false","log4NetFilePath":"","log4NetReplaceValue":"","appPoolReset":"false","appPoolName":"$(ApplicationName)-$(Environment)"}},{"environment":{},"taskId":"f0fd01a4-5d54-4c89-b57d-d2e285591623","version":"1.*","name":"Application Pool Start","refName":"","enabled":true,"alwaysRun":true,"continueOnError":true,"timeoutInMinutes":0,"definitionType":"metaTask","overrideInputs":{},"condition":"succeededOrFailed()","inputs":{"Application Pool":"$(ApplicationName)-$(Environment)","Operation Timeout":"0","Option":"START","Remote Password":"$(DMZ.TFS.Password)","Remote Username":"$(DMZ.TFS.User)","Server":"$(Server.DMZ.PR02)"}}]}],"environmentOptions":{"emailNotificationType":"OnlyOnFailure","emailRecipients":"release.environment.owner;release.creator","skipArtifactsDownload":false,"timeoutInMinutes":0,"enableAccessToken":false,"publishDeploymentStatus":true,"badgeEnabled":false,"autoLinkWorkItems":false,"pullRequestDeploymentEnabled":false},"demands":[],"conditions":[{"name":"PR01 (hotfix)","conditionType":2,"value":"132"}],"executionPolicy":{"concurrencyCount":5,"queueDepthCount":1},"schedules":[],"currentRelease":{"id":0,"url":"https://devops.ageas.pt/Ageas-NETCORE-Fronts/4696b0d4-8d1f-4c08-b3d8-3c9c8e5c43b1/_apis/Release/releases/0","_links":{}},"retentionPolicy":{"daysToKeep":30,"releasesToKeep":3,"retainBuild":true},"processParameters":{},"properties":{},"preDeploymentGates":{"id":0,"gatesOptions":null,"gates":[]},"postDeploymentGates":{"id":0,"gatesOptions":null,"gates":[]},"environmentTriggers":[],"badgeUrl":"https://devops.ageas.pt/Ageas-NETCORE-Fronts/_apis/public/Release/badge/4696b0d4-8d1f-4c08-b3d8-3c9c8e5c43b1/2/9"}],"artifacts":[{"sourceId":"4696b0d4-8d1f-4c08-b3d8-3c9c8e5c43b1:3","type":"Build","alias":"_Signature-CI","definitionReference":{"artifactSourceDefinitionUrl":{"id":"https://devops.ageas.pt/_permalink/_build/index?collectionId=90f10834-d801-4a61-b27e-086ebb5e2f49&projectId=4696b0d4-8d1f-4c08-b3d8-3c9c8e5c43b1&definitionId=3","name":""},"defaultVersionBranch":{"id":"dev","name":"dev"},"defaultVersionSpecific":{"id":"","name":""},"defaultVersionTags":{"id":"","name":""},"defaultVersionType":{"id":"latestWithBranchAndTagsType","name":"Latest from a specific branch with tags"},"definition":{"id":"3","name":"Signature-CI"},"definitions":{"id":"","name":""},"IsMultiDefinitionType":{"id":"False","name":"False"},"project":{"id":"4696b0d4-8d1f-4c08-b3d8-3c9c8e5c43b1","name":"Signature"},"repository":{"id":"cef56c14-0887-4c84-b06a-a447f5cd729a","name":"Signature"}},"isPrimary":true,"isRetained":false}],"triggers":[{"artifactAlias":"_Signature-CI","triggerConditions":[{"sourceBranch":"dev","tags":[],"useBuildDefinitionBranch":false,"createReleaseOnBuildTagging":false},{"sourceBranch":"master","tags":[],"useBuildDefinitionBranch":false,"createReleaseOnBuildTagging":false},{"sourceBranch":"support","tags":[],"useBuildDefinitionBranch":false,"createReleaseOnBuildTagging":false}],"triggerType":1}],"releaseNameFormat":"Release-Life2.0-$(rev:r)","tags":[],"pipelineProcess":{"type":1},"properties":{"DefinitionCreationSource":{"$type":"System.String","$value":"Other"},"System.EnvironmentRankLogicVersion":{"$type":"System.String","$value":"2"}},"id":2,"name":"Signature-CD","path":"\\","projectReference":null,"url":"https://devops.ageas.pt/Ageas-NETCORE-Fronts/4696b0d4-8d1f-4c08-b3d8-3c9c8e5c43b1/_apis/Release/definitions/2","_links":{"self":{"href":"https://devops.ageas.pt/Ageas-NETCORE-Fronts/4696b0d4-8d1f-4c08-b3d8-3c9c8e5c43b1/_apis/Release/definitions/2"},"web":{"href":"https://devops.ageas.pt/Ageas-NETCORE-Fronts/4696b0d4-8d1f-4c08-b3d8-3c9c8e5c43b1/_release?definitionId=2"}}}