{"source":2,"revision":94,"description":null,"createdBy":{"displayName":"Miguel Rodrigues (Externo)","url":"https://devops.ageas.pt/Ageas-LEGGO/_apis/Identities/b32be518-818e-4f25-a2a8-14f44f431955","_links":{"avatar":{"href":"https://devops.ageas.pt/Ageas-LEGGO/_apis/GraphProfile/MemberAvatars/win.Uy0xLTUtMjEtMTA2NTY2NzU1NS01MTYzNTU2MzgtMTM1NjYwOTA4NS0zMzczMg"}},"id":"b32be518-818e-4f25-a2a8-14f44f431955","uniqueName":"CORP\\c020271","imageUrl":"https://devops.ageas.pt/Ageas-LEGGO/_api/_common/identityImage?id=b32be518-818e-4f25-a2a8-14f44f431955","descriptor":"win.Uy0xLTUtMjEtMTA2NTY2NzU1NS01MTYzNTU2MzgtMTM1NjYwOTA4NS0zMzczMg"},"createdOn":"2020-06-01T17:46:04.000Z","modifiedBy":{"displayName":"Vando Moreira (Externo)","url":"https://devops.ageas.pt/Ageas-LEGGO/_apis/Identities/27660a75-54fc-43d8-8f40-3f5ea283f5b3","_links":{"avatar":{"href":"https://devops.ageas.pt/Ageas-LEGGO/_apis/GraphProfile/MemberAvatars/win.Uy0xLTUtMjEtMTA2NTY2NzU1NS01MTYzNTU2MzgtMTM1NjYwOTA4NS0zMzczMQ"}},"id":"27660a75-54fc-43d8-8f40-3f5ea283f5b3","uniqueName":"CORP\\vmoreira","imageUrl":"https://devops.ageas.pt/Ageas-LEGGO/_api/_common/identityImage?id=27660a75-54fc-43d8-8f40-3f5ea283f5b3","descriptor":"win.Uy0xLTUtMjEtMTA2NTY2NzU1NS01MTYzNTU2MzgtMTM1NjYwOTA4NS0zMzczMQ"},"modifiedOn":"2021-02-12T10:54:23.823Z","isDeleted":false,"variables":{},"variableGroups":[],"environments":[{"id":552,"name":"MG DV","rank":1,"owner":{"displayName":"Miguel Rodrigues (Externo)","url":"https://devops.ageas.pt/Ageas-LEGGO/_apis/Identities/b32be518-818e-4f25-a2a8-14f44f431955","_links":{"avatar":{"href":"https://devops.ageas.pt/Ageas-LEGGO/_apis/GraphProfile/MemberAvatars/win.Uy0xLTUtMjEtMTA2NTY2NzU1NS01MTYzNTU2MzgtMTM1NjYwOTA4NS0zMzczMg"}},"id":"b32be518-818e-4f25-a2a8-14f44f431955","uniqueName":"CORP\\c020271","imageUrl":"https://devops.ageas.pt/Ageas-LEGGO/_api/_common/identityImage?id=b32be518-818e-4f25-a2a8-14f44f431955","descriptor":"win.Uy0xLTUtMjEtMTA2NTY2NzU1NS01MTYzNTU2MzgtMTM1NjYwOTA4NS0zMzczMg"},"variables":{},"variableGroups":[1,32,39],"preDeployApprovals":{"approvals":[{"rank":1,"isAutomated":true,"isNotificationOn":false,"id":1825}],"approvalOptions":{"requiredApproverCount":null,"releaseCreatorCanBeApprover":false,"autoTriggeredAndPreviousEnvironmentApprovedCanBeSkipped":false,"enforceIdentityRevalidation":false,"timeoutInMinutes":0,"executionOrder":1}},"deployStep":{"id":1826},"postDeployApprovals":{"approvals":[{"rank":1,"isAutomated":true,"isNotificationOn":false,"id":1827}],"approvalOptions":{"requiredApproverCount":null,"releaseCreatorCanBeApprover":false,"autoTriggeredAndPreviousEnvironmentApprovedCanBeSkipped":false,"enforceIdentityRevalidation":false,"timeoutInMinutes":0,"executionOrder":2}},"deployPhases":[{"deploymentInput":{"parallelExecution":{"parallelExecutionType":0},"skipArtifactsDownload":false,"artifactsDownloadInput":{"downloadInputs":[]},"queueId":56,"demands":[],"enableAccessToken":false,"timeoutInMinutes":0,"jobCancelTimeoutInMinutes":1,"condition":"succeeded()","overrideInputs":{}},"rank":1,"phaseType":1,"name":"Agent job - Deploy MigrationStream","refName":null,"workflowTasks":[{"environment":{},"taskId":"5bfb729a-a7c8-4a78-a7c3-8d717bb7c13c","version":"2.*","name":"Copy Files: ispac to _staging_","refName":"","enabled":true,"alwaysRun":false,"continueOnError":false,"timeoutInMinutes":0,"definitionType":"task","overrideInputs":{},"condition":"succeeded()","inputs":{"SourceFolder":"$(System.DefaultWorkingDirectory)/_CI - Migration Transform - DCMIG.Ageas.MigrationStream/DCMIG.Ageas.MigrationStream/","Contents":"*.ispac\n","TargetFolder":"_staging_","CleanTargetFolder":"false","OverWrite":"false","flattenFolders":"false"}},{"environment":{},"taskId":"5bfb729a-a7c8-4a78-a7c3-8d717bb7c13c","version":"2.*","name":"Copy Files: MigrationStream to Insights","refName":"","enabled":true,"alwaysRun":false,"continueOnError":false,"timeoutInMinutes":0,"definitionType":"task","overrideInputs":{},"condition":"succeeded()","inputs":{"SourceFolder":"$(System.DefaultWorkingDirectory)/_CI - Migration Transform - DCMIG.Ageas.MigrationStream/DCMIG.Ageas.MigrationStream/MGDV/","Contents":"DCREEKMG_Staging_Migration/**","TargetFolder":"_Insights_","CleanTargetFolder":"true","OverWrite":"true","flattenFolders":"false"}},{"environment":{},"taskId":"57ee7959-ba10-47a7-8adb-19d032872030","version":"3.*","name":"FullDeployV3: Copy Insights file","refName":"","enabled":true,"alwaysRun":false,"continueOnError":false,"timeoutInMinutes":0,"definitionType":"task","overrideInputs":{},"condition":"succeeded()","inputs":{"localPath":"_Insights_","user":"$(ServiceNP.TFS.User)","password":"$(ServiceNP.TFS.Password)","destinationServer":"$(Servers.Migration.SSIS)","destinationServerPath":"$(Database.DCREEKMG.Insights.ConfigPath_DV)","useAppOffline":"false","deleteFiles":"false","zipFiles":"true","ignoreDestinationServerPathValidation":"true","localDrive":"$(Servers.BaseDrive)","remoteDrive":"$(Servers.BaseDrive)","useBackup":"false","backupFilePath":"","useLog4Net":"false","log4NetFilePath":"","log4NetReplaceValue":"","appPoolReset":"false","appPoolName":""}},{"environment":{},"taskId":"57ee7959-ba10-47a7-8adb-19d032872030","version":"3.*","name":"FullDeployV3: Copy ispac file","refName":"","enabled":true,"alwaysRun":false,"continueOnError":false,"timeoutInMinutes":0,"definitionType":"task","overrideInputs":{},"condition":"succeeded()","inputs":{"localPath":"_staging_","user":"$(ServiceNP.TFS.User)","password":"$(ServiceNP.TFS.Password)","destinationServer":"$(Servers.Migration.SSIS)","destinationServerPath":"$(Database.Migration.RootPath)","useAppOffline":"false","deleteFiles":"false","zipFiles":"true","ignoreDestinationServerPathValidation":"true","localDrive":"$(Servers.BaseDrive)","remoteDrive":"$(Servers.BaseDrive)","useBackup":"false","backupFilePath":"","useLog4Net":"false","log4NetFilePath":"","log4NetReplaceValue":"","appPoolReset":"false","appPoolName":""}}]},{"deploymentInput":{"parallelExecution":{"parallelExecutionType":0},"skipArtifactsDownload":true,"artifactsDownloadInput":{"downloadInputs":[]},"queueId":21,"demands":[],"enableAccessToken":false,"timeoutInMinutes":0,"jobCancelTimeoutInMinutes":1,"condition":"succeeded()","overrideInputs":{}},"rank":2,"phaseType":1,"name":"Agent job - Backup","refName":null,"workflowTasks":[{"environment":{},"taskId":"a8b696ba-d31e-402f-9815-69a7de733e12","version":"2.*","name":"Run Sql Backup of $(Database.Migration.SSISDB)","refName":"","enabled":true,"alwaysRun":false,"continueOnError":false,"timeoutInMinutes":0,"definitionType":"task","overrideInputs":{},"condition":"succeeded()","inputs":{"backupType":"Full","serverName":"$(Database.Migration.ServerName) ","databaseName":"$(Database.Migration.SSISDB)","backupFile":"$(Database.Migration.BackupLocation)\\$(Release.ReleaseId)_$(Release.AttemptNumber)_$(Database.Migration.SSISDB).bak","withInit":"true","copyOnly":"false","checkIfDatabaseExists":"false","userName":"","userPassword":"","queryTimeout":"3600","backupCompression":"Default"}},{"environment":{},"taskId":"a8b696ba-d31e-402f-9815-69a7de733e12","version":"2.*","name":"Run Sql Backup of $(Database.Migration.MIGDB)","refName":"","enabled":true,"alwaysRun":false,"continueOnError":false,"timeoutInMinutes":0,"definitionType":"task","overrideInputs":{},"condition":"succeeded()","inputs":{"backupType":"Full","serverName":"$(Database.Migration.ServerName)","databaseName":"$(Database.Migration.MIGDB)","backupFile":"$(Database.Migration.BackupLocation)\\$(Release.ReleaseId)_$(Release.AttemptNumber)_$(Database.Migration.MIGDB).bak","withInit":"true","copyOnly":"false","checkIfDatabaseExists":"false","userName":"","userPassword":"","queryTimeout":"3600","backupCompression":"Default"}},{"environment":{},"taskId":"a8b696ba-d31e-402f-9815-69a7de733e12","version":"2.*","name":"Run Sql Backup of $(Database.Migration.CModel)","refName":"","enabled":true,"alwaysRun":false,"continueOnError":false,"timeoutInMinutes":0,"definitionType":"task","overrideInputs":{},"condition":"succeeded()","inputs":{"backupType":"Full","serverName":"$(Database.Migration.ServerName)","databaseName":"$(Database.Migration.CModel)","backupFile":"$(Database.Migration.BackupLocation)\\$(Release.ReleaseId)_$(Release.AttemptNumber)_$(Database.Migration.CModel).bak","withInit":"true","copyOnly":"false","checkIfDatabaseExists":"false","userName":"","userPassword":"","queryTimeout":"3600","backupCompression":"Default"}},{"environment":{},"taskId":"a8b696ba-d31e-402f-9815-69a7de733e12","version":"2.*","name":"Run Sql Backup of $(Database.Migration.Staging)","refName":"","enabled":false,"alwaysRun":false,"continueOnError":false,"timeoutInMinutes":0,"definitionType":"task","overrideInputs":{},"condition":"succeeded()","inputs":{"backupType":"Full","serverName":"$(Database.Migration.ServerName)","databaseName":"$(Database.Migration.Staging)","backupFile":"$(Database.Migration.BackupLocation)\\$(Release.ReleaseId)_$(Release.AttemptNumber)_$(Database.Migration.Staging).bak","withInit":"true","copyOnly":"false","checkIfDatabaseExists":"false","userName":"","userPassword":"","queryTimeout":"3600","backupCompression":"Default"}}]},{"deploymentInput":{"parallelExecution":{"parallelExecutionType":0},"skipArtifactsDownload":false,"artifactsDownloadInput":{"downloadInputs":[]},"queueId":21,"demands":[],"enableAccessToken":false,"timeoutInMinutes":0,"jobCancelTimeoutInMinutes":1,"condition":"succeeded()","overrideInputs":{}},"rank":3,"phaseType":1,"name":"Agent job - Deploy DBs","refName":null,"workflowTasks":[{"environment":{},"taskId":"a8515ec8-7254-4ffd-912c-86772e2b5962","version":"3.*","name":"Replace tokens in DeploymentScripts","refName":"","enabled":true,"alwaysRun":false,"continueOnError":false,"timeoutInMinutes":0,"definitionType":"task","overrideInputs":{},"condition":"succeeded()","inputs":{"rootDirectory":"$(System.DefaultWorkingDirectory)/_CI - Migration Transform - DCMIG.Ageas.MigrationStream/DCMIG.Ageas.MigrationStream/DeploymentScripts","targetFiles":"**/*.sql","encoding":"utf-8","writeBOM":"false","verbosity":"normal","actionOnMissing":"fail","keepToken":"false","tokenPrefix":"#{","tokenSuffix":"}#","emptyValue":"(empty)","escapeType":"none","escapeChar":"\\","charsToEscape":""}},{"environment":{},"taskId":"a8515ec8-7254-4ffd-912c-86772e2b5962","version":"3.*","name":"Replace tokens in Database","refName":"","enabled":true,"alwaysRun":false,"continueOnError":false,"timeoutInMinutes":0,"definitionType":"task","overrideInputs":{},"condition":"succeeded()","inputs":{"rootDirectory":"$(System.DefaultWorkingDirectory)/_CI - Migration Transform - Database/CI - Migration Transform - Database","targetFiles":"**/*.sql","encoding":"utf-8","writeBOM":"false","verbosity":"normal","actionOnMissing":"warn","keepToken":"false","tokenPrefix":"#{","tokenSuffix":"}#","emptyValue":"(empty)","escapeType":"none","escapeChar":"","charsToEscape":""}},{"environment":{},"taskId":"83976c95-356a-4297-b505-d306609604cf","version":"1.*","name":"Task group: Deploy ISPAC","refName":"","enabled":true,"alwaysRun":true,"continueOnError":true,"timeoutInMinutes":0,"definitionType":"metaTask","overrideInputs":{},"condition":"succeededOrFailed()","inputs":{"Database.Policy.ExampleData":"$(Database.Migration.SSISDB)","Database.Policy.ServerName.SqlToolkit":"$(Database.Migration.SSISDB.ServerName.SqlToolkit)","Release.KillSwitch":"$(Release.KillSwitch.Migration)","WorkingDirectory":"$(System.DefaultWorkingDirectory)/_CI - Migration Transform - DCMIG.Ageas.MigrationStream/DCMIG.Ageas.MigrationStream/DeploymentScripts/"}},{"environment":{},"taskId":"83976c95-356a-4297-b505-d306609604cf","version":"1.*","name":"Task group: Run SQL Scripts for $(Database.Migration.MIGDB)","refName":"","enabled":true,"alwaysRun":true,"continueOnError":true,"timeoutInMinutes":0,"definitionType":"metaTask","overrideInputs":{},"condition":"succeededOrFailed()","inputs":{"Database.Policy.ExampleData":"$(Database.Migration.MIGDB)","Database.Policy.ServerName.SqlToolkit":"$(Database.Migration.ServerName.SqlToolkit)","Release.KillSwitch":"$(Release.KillSwitch.Migration)","WorkingDirectory":"$(System.DefaultWorkingDirectory)/_CI - Migration Transform - Database/CI - Migration Transform - Database/MIGDB"}},{"environment":{},"taskId":"83976c95-356a-4297-b505-d306609604cf","version":"1.*","name":"Task group: Run SQL Scripts for $(Database.Migration.CModel)","refName":"","enabled":true,"alwaysRun":true,"continueOnError":true,"timeoutInMinutes":0,"definitionType":"metaTask","overrideInputs":{},"condition":"succeededOrFailed()","inputs":{"Database.Policy.ExampleData":"$(Database.Migration.CModel)","Database.Policy.ServerName.SqlToolkit":"$(Database.Migration.ServerName.SqlToolkit)","Release.KillSwitch":"$(Release.KillSwitch.Migration)","WorkingDirectory":"$(System.DefaultWorkingDirectory)/_CI - Migration Transform - Database/CI - Migration Transform - Database/CMODEL"}},{"environment":{},"taskId":"83976c95-356a-4297-b505-d306609604cf","version":"1.*","name":"Task group: Run SQL Scripts for $(Database.Migration.SSISDB)","refName":"","enabled":false,"alwaysRun":true,"continueOnError":true,"timeoutInMinutes":0,"definitionType":"metaTask","overrideInputs":{},"condition":"succeededOrFailed()","inputs":{"Database.Policy.ExampleData":"$(Database.Migration.SSISDB)","Database.Policy.ServerName.SqlToolkit":"$(Database.Migration.ServerName.SqlToolkit)","Release.KillSwitch":"$(Release.KillSwitch.Migration)","WorkingDirectory":"$(System.DefaultWorkingDirectory)/_CI - Migration Transform - Database/CI - Migration Transform - Database/SSISDB"}},{"environment":{},"taskId":"83976c95-356a-4297-b505-d306609604cf","version":"1.*","name":"Task group: Run SQL Scripts for $(Database.Migration.Staging)","refName":"","enabled":true,"alwaysRun":true,"continueOnError":true,"timeoutInMinutes":0,"definitionType":"metaTask","overrideInputs":{},"condition":"succeededOrFailed()","inputs":{"Database.Policy.ExampleData":"$(Database.Migration.Staging)","Database.Policy.ServerName.SqlToolkit":"$(Database.Migration.ServerName.SqlToolkit)","Release.KillSwitch":"$(Release.KillSwitch.Migration)","WorkingDirectory":"$(System.DefaultWorkingDirectory)/_CI - Migration Transform - Database/CI - Migration Transform - Database/MIGRATION_Staging"}}]},{"deploymentInput":{"parallelExecution":{"parallelExecutionType":0},"skipArtifactsDownload":true,"artifactsDownloadInput":{"downloadInputs":[]},"queueId":21,"demands":[],"enableAccessToken":false,"timeoutInMinutes":0,"jobCancelTimeoutInMinutes":1,"condition":"and(failed(), eq(variables['Release.KillSwitch.Migration'], 'True'))","overrideInputs":{}},"rank":4,"phaseType":1,"name":"Agent Job - Fallback","refName":null,"workflowTasks":[{"environment":{},"taskId":"47372b08-24ed-48b7-ae81-4a26b4ad26c4","version":"1.*","name":"Task group: Restore $(Database.Migration.SSISDB) Database on Fail","refName":"","enabled":true,"alwaysRun":true,"continueOnError":true,"timeoutInMinutes":0,"definitionType":"metaTask","overrideInputs":{},"condition":"succeededOrFailed()","inputs":{"BackupFile":"$(Database.Migration.BackupLocation)\\$(Release.ReleaseId)_$(Release.AttemptNumber)_$(Database.Migration.SSISDB).bak","Database":"$(Database.Migration.SSISDB)","ServerName":"$(Database.Migration.SSISDB.ServerName)"}},{"environment":{},"taskId":"47372b08-24ed-48b7-ae81-4a26b4ad26c4","version":"1.*","name":"Task group: Restore $(Database.Migration.MIGDB) Database on Fail","refName":"","enabled":true,"alwaysRun":true,"continueOnError":true,"timeoutInMinutes":0,"definitionType":"metaTask","overrideInputs":{},"condition":"succeededOrFailed()","inputs":{"BackupFile":"$(Database.Migration.BackupLocation)\\$(Release.ReleaseId)_$(Release.AttemptNumber)_$(Database.Migration.MIGDB).bak","Database":"$(Database.Migration.MIGDB)","ServerName":"$(Database.Migration.ServerName)"}},{"environment":{},"taskId":"47372b08-24ed-48b7-ae81-4a26b4ad26c4","version":"1.*","name":"Task group: Restore $(Database.Migration.CModel) Database on Fail","refName":"","enabled":true,"alwaysRun":true,"continueOnError":true,"timeoutInMinutes":0,"definitionType":"metaTask","overrideInputs":{},"condition":"succeededOrFailed()","inputs":{"BackupFile":"$(Database.Migration.BackupLocation)\\$(Release.ReleaseId)_$(Release.AttemptNumber)_$(Database.Migration.CModel).bak","Database":"$(Database.Migration.CModel)","ServerName":"$(Database.Migration.ServerName)"}},{"environment":{},"taskId":"47372b08-24ed-48b7-ae81-4a26b4ad26c4","version":"1.*","name":"Task group: Restore $(Database.Migration.Staging) Database on Fail","refName":"","enabled":false,"alwaysRun":true,"continueOnError":true,"timeoutInMinutes":0,"definitionType":"metaTask","overrideInputs":{},"condition":"succeededOrFailed()","inputs":{"BackupFile":"$(Database.Migration.BackupLocation)\\$(Release.ReleaseId)_$(Release.AttemptNumber)_$(Database.Migration.Staging).bak","Database":"$(Database.Migration.Staging)","ServerName":"$(Database.Migration.ServerName)"}}]}],"environmentOptions":{"emailNotificationType":"OnlyOnFailure","emailRecipients":"release.environment.owner;release.creator","skipArtifactsDownload":false,"timeoutInMinutes":0,"enableAccessToken":false,"publishDeploymentStatus":false,"badgeEnabled":false,"autoLinkWorkItems":false,"pullRequestDeploymentEnabled":false},"demands":[],"conditions":[{"name":"ReleaseStarted","conditionType":1,"value":""},{"name":"_CI - Migration Transform - Database","conditionType":4,"value":"{\"sourceBranch\":\"master\",\"tags\":[],\"useBuildDefinitionBranch\":false,\"createReleaseOnBuildTagging\":false}"},{"name":"_CI - Migration Transform - DCMIG.Ageas.MigrationStream","conditionType":4,"value":"{\"sourceBranch\":\"master\",\"tags\":[],\"useBuildDefinitionBranch\":false,\"createReleaseOnBuildTagging\":false}"}],"executionPolicy":{"concurrencyCount":1,"queueDepthCount":1},"schedules":[],"currentRelease":{"id":23795,"url":"https://devops.ageas.pt/Ageas-LEGGO/1a04a174-0541-4237-9709-fcab38a948ae/_apis/Release/releases/23795","_links":{}},"retentionPolicy":{"daysToKeep":30,"releasesToKeep":3,"retainBuild":true},"processParameters":{},"properties":{},"preDeploymentGates":{"id":0,"gatesOptions":null,"gates":[]},"postDeploymentGates":{"id":0,"gatesOptions":null,"gates":[]},"environmentTriggers":[],"badgeUrl":"https://devops.ageas.pt/Ageas-LEGGO/_apis/public/Release/badge/1a04a174-0541-4237-9709-fcab38a948ae/76/552"},{"id":697,"name":"MG PP","rank":2,"owner":{"displayName":"Miguel Rodrigues (Externo)","url":"https://devops.ageas.pt/Ageas-LEGGO/_apis/Identities/b32be518-818e-4f25-a2a8-14f44f431955","_links":{"avatar":{"href":"https://devops.ageas.pt/Ageas-LEGGO/_apis/GraphProfile/MemberAvatars/win.Uy0xLTUtMjEtMTA2NTY2NzU1NS01MTYzNTU2MzgtMTM1NjYwOTA4NS0zMzczMg"}},"id":"b32be518-818e-4f25-a2a8-14f44f431955","uniqueName":"CORP\\c020271","imageUrl":"https://devops.ageas.pt/Ageas-LEGGO/_api/_common/identityImage?id=b32be518-818e-4f25-a2a8-14f44f431955","descriptor":"win.Uy0xLTUtMjEtMTA2NTY2NzU1NS01MTYzNTU2MzgtMTM1NjYwOTA4NS0zMzczMg"},"variables":{},"variableGroups":[1,32,41],"preDeployApprovals":{"approvals":[{"rank":1,"isAutomated":false,"isNotificationOn":false,"approver":{"displayName":"[DuckCreek]\\Release Administrators","url":"https://devops.ageas.pt/Ageas-LEGGO/_apis/Identities/9368eda3-ba6e-4b54-ad2e-5caf967b185c","_links":{"avatar":{"href":"https://devops.ageas.pt/Ageas-LEGGO/_apis/GraphProfile/MemberAvatars/vssgp.Uy0xLTktMTU1MTM3NDI0NS0yMjIxNDUwNjQxLTY1NzMxNzcwNi0yODA4NTk5NzA0LTIyNjI4MDAwNzctMS0xNDE1NTExNzY3LTIyNTU1ODc5MDctMjgyNzk3NTE5OC0xNzY2ODI4NjE"}},"id":"9368eda3-ba6e-4b54-ad2e-5caf967b185c","uniqueName":"vstfs:///Classification/TeamProject/1a04a174-0541-4237-9709-fcab38a948ae\\Release Administrators","imageUrl":"https://devops.ageas.pt/Ageas-LEGGO/_api/_common/identityImage?id=9368eda3-ba6e-4b54-ad2e-5caf967b185c","isContainer":true,"descriptor":"vssgp.Uy0xLTktMTU1MTM3NDI0NS0yMjIxNDUwNjQxLTY1NzMxNzcwNi0yODA4NTk5NzA0LTIyNjI4MDAwNzctMS0xNDE1NTExNzY3LTIyNTU1ODc5MDctMjgyNzk3NTE5OC0xNzY2ODI4NjE"},"id":2307},{"rank":1,"isAutomated":false,"isNotificationOn":false,"approver":{"displayName":"[DuckCreek]\\DC Policy - EVR Migration Team","url":"https://devops.ageas.pt/Ageas-LEGGO/_apis/Identities/7dbf04f7-ddcf-4639-93d4-54dbee3ac86e","_links":{"avatar":{"href":"https://devops.ageas.pt/Ageas-LEGGO/_apis/GraphProfile/MemberAvatars/vssgp.Uy0xLTktMTU1MTM3NDI0NS0yMjIxNDUwNjQxLTY1NzMxNzcwNi0yODA4NTk5NzA0LTIyNjI4MDAwNzctMS00NDI1MzI4NzktMjI5OTU5NDg4LTMxODUzMzIzOTMtMjY5Nzc5NTQxNw"}},"id":"7dbf04f7-ddcf-4639-93d4-54dbee3ac86e","uniqueName":"vstfs:///Classification/TeamProject/1a04a174-0541-4237-9709-fcab38a948ae\\DC Policy - EVR Migration Team","imageUrl":"https://devops.ageas.pt/Ageas-LEGGO/_api/_common/identityImage?id=7dbf04f7-ddcf-4639-93d4-54dbee3ac86e","isContainer":true,"descriptor":"vssgp.Uy0xLTktMTU1MTM3NDI0NS0yMjIxNDUwNjQxLTY1NzMxNzcwNi0yODA4NTk5NzA0LTIyNjI4MDAwNzctMS00NDI1MzI4NzktMjI5OTU5NDg4LTMxODUzMzIzOTMtMjY5Nzc5NTQxNw"},"id":2771}],"approvalOptions":{"requiredApproverCount":1,"releaseCreatorCanBeApprover":true,"autoTriggeredAndPreviousEnvironmentApprovedCanBeSkipped":false,"enforceIdentityRevalidation":false,"timeoutInMinutes":0,"executionOrder":1}},"deployStep":{"id":2309},"postDeployApprovals":{"approvals":[{"rank":1,"isAutomated":true,"isNotificationOn":false,"id":2310}],"approvalOptions":{"requiredApproverCount":null,"releaseCreatorCanBeApprover":false,"autoTriggeredAndPreviousEnvironmentApprovedCanBeSkipped":false,"enforceIdentityRevalidation":false,"timeoutInMinutes":0,"executionOrder":2}},"deployPhases":[{"deploymentInput":{"parallelExecution":{"parallelExecutionType":0},"skipArtifactsDownload":false,"artifactsDownloadInput":{"downloadInputs":[]},"queueId":56,"demands":[],"enableAccessToken":false,"timeoutInMinutes":0,"jobCancelTimeoutInMinutes":1,"condition":"succeeded()","overrideInputs":{}},"rank":1,"phaseType":1,"name":"Agent job - Deploy MigrationStream","refName":null,"workflowTasks":[{"environment":{},"taskId":"5bfb729a-a7c8-4a78-a7c3-8d717bb7c13c","version":"2.*","name":"Copy Files: ispac to _staging_","refName":"","enabled":true,"alwaysRun":false,"continueOnError":false,"timeoutInMinutes":0,"definitionType":"task","overrideInputs":{},"condition":"succeeded()","inputs":{"SourceFolder":"$(System.DefaultWorkingDirectory)/_CI - Migration Transform - DCMIG.Ageas.MigrationStream/DCMIG.Ageas.MigrationStream/","Contents":"*.ispac","TargetFolder":"_staging_","CleanTargetFolder":"false","OverWrite":"false","flattenFolders":"false"}},{"environment":{},"taskId":"5bfb729a-a7c8-4a78-a7c3-8d717bb7c13c","version":"2.*","name":"Copy Files: MigrationStream to Insights","refName":"","enabled":true,"alwaysRun":false,"continueOnError":false,"timeoutInMinutes":0,"definitionType":"task","overrideInputs":{},"condition":"succeeded()","inputs":{"SourceFolder":"$(System.DefaultWorkingDirectory)/_CI - Migration Transform - DCMIG.Ageas.MigrationStream/DCMIG.Ageas.MigrationStream/PP/","Contents":"DCREEKMGPP_Staging_Migration/**","TargetFolder":"_Insights_","CleanTargetFolder":"true","OverWrite":"true","flattenFolders":"false"}},{"environment":{},"taskId":"57ee7959-ba10-47a7-8adb-19d032872030","version":"3.*","name":"FullDeployV3: Copy Insights file","refName":"","enabled":true,"alwaysRun":false,"continueOnError":false,"timeoutInMinutes":0,"definitionType":"task","overrideInputs":{},"condition":"succeeded()","inputs":{"localPath":"_Insights_","user":"$(ServiceNP.TFS.User)","password":"$(ServiceNP.TFS.Password)","destinationServer":"$(Servers.DC.Insights)","destinationServerPath":"$(Database.DCREEKMGPP.Insights.ConfigPath_PP)","useAppOffline":"false","deleteFiles":"false","zipFiles":"true","ignoreDestinationServerPathValidation":"true","localDrive":"$(Servers.BaseDrive)","remoteDrive":"$(Servers.BaseDrive)","useBackup":"false","backupFilePath":"","useLog4Net":"false","log4NetFilePath":"","log4NetReplaceValue":"","appPoolReset":"false","appPoolName":""}},{"environment":{},"taskId":"57ee7959-ba10-47a7-8adb-19d032872030","version":"3.*","name":"FullDeployV3: Copy ispac file","refName":"","enabled":true,"alwaysRun":false,"continueOnError":false,"timeoutInMinutes":0,"definitionType":"task","overrideInputs":{},"condition":"succeeded()","inputs":{"localPath":"_staging_","user":"$(ServiceNP.TFS.User)","password":"$(ServiceNP.TFS.Password)","destinationServer":"$(Servers.Migration.SSIS)","destinationServerPath":"$(Database.Migration.RootPath)","useAppOffline":"false","deleteFiles":"false","zipFiles":"true","ignoreDestinationServerPathValidation":"true","localDrive":"$(Servers.BaseDrive)","remoteDrive":"$(Servers.BaseDrive)","useBackup":"false","backupFilePath":"","useLog4Net":"false","log4NetFilePath":"","log4NetReplaceValue":"","appPoolReset":"false","appPoolName":""}},{"environment":{},"taskId":"e213ff0f-5d5c-4791-802d-52ea3e7be1f1","version":"2.*","name":"Install WinSCPnet.dll into the GAC","refName":"","enabled":true,"alwaysRun":false,"continueOnError":false,"timeoutInMinutes":0,"definitionType":"task","overrideInputs":{},"condition":"succeeded()","inputs":{"targetType":"inline","filePath":"","arguments":"","script":"[System.Reflection.Assembly]::Load(\"System.EnterpriseServices, Version=4.0.0.0, Culture=neutral, PublicKeyToken=b03f5f7f11d50a3a\")            \n$publish = New-Object System.EnterpriseServices.Internal.Publish            \n$publish.GacInstall(\"C:\\Program Files (x86)\\WinSCP\\WinSCPnet.dll\")","errorActionPreference":"stop","failOnStderr":"false","ignoreLASTEXITCODE":"false","pwsh":"false","workingDirectory":""}}]},{"deploymentInput":{"parallelExecution":{"parallelExecutionType":0},"skipArtifactsDownload":true,"artifactsDownloadInput":{"downloadInputs":[]},"queueId":21,"demands":[],"enableAccessToken":false,"timeoutInMinutes":0,"jobCancelTimeoutInMinutes":1,"condition":"succeeded()","overrideInputs":{}},"rank":2,"phaseType":1,"name":"Agent job - Backup","refName":null,"workflowTasks":[{"environment":{},"taskId":"a8b696ba-d31e-402f-9815-69a7de733e12","version":"2.*","name":"Run Sql Backup of $(Database.Migration.SSISDB)","refName":"","enabled":true,"alwaysRun":false,"continueOnError":false,"timeoutInMinutes":0,"definitionType":"task","overrideInputs":{},"condition":"succeeded()","inputs":{"backupType":"Full","serverName":"$(Database.Migration.SSISDB.ServerName)","databaseName":"$(Database.Migration.SSISDB)","backupFile":"$(Database.Migration.BackupLocation)\\$(Release.ReleaseId)_$(Release.AttemptNumber)_$(Database.Migration.SSISDB).bak","withInit":"true","copyOnly":"false","checkIfDatabaseExists":"false","userName":"","userPassword":"","queryTimeout":"3600","backupCompression":"Default"}},{"environment":{},"taskId":"a8b696ba-d31e-402f-9815-69a7de733e12","version":"2.*","name":"Run Sql Backup of $(Database.Migration.MIGDB)","refName":"","enabled":true,"alwaysRun":false,"continueOnError":false,"timeoutInMinutes":0,"definitionType":"task","overrideInputs":{},"condition":"succeeded()","inputs":{"backupType":"Full","serverName":"$(Database.Migration.SSISDB.ServerName)","databaseName":"$(Database.Migration.MIGDB)","backupFile":"$(Database.Migration.BackupLocation)\\$(Release.ReleaseId)_$(Release.AttemptNumber)_$(Database.Migration.MIGDB).bak","withInit":"true","copyOnly":"false","checkIfDatabaseExists":"false","userName":"","userPassword":"","queryTimeout":"3600","backupCompression":"Default"}},{"environment":{},"taskId":"a8b696ba-d31e-402f-9815-69a7de733e12","version":"2.*","name":"Run Sql Backup of $(Database.Migration.CModel)","refName":"","enabled":true,"alwaysRun":false,"continueOnError":false,"timeoutInMinutes":0,"definitionType":"task","overrideInputs":{},"condition":"succeeded()","inputs":{"backupType":"Full","serverName":"$(Database.Migration.SSISDB.ServerName)","databaseName":"$(Database.Migration.CModel)","backupFile":"$(Database.Migration.BackupLocation)\\$(Release.ReleaseId)_$(Release.AttemptNumber)_$(Database.Migration.CModel).bak","withInit":"true","copyOnly":"false","checkIfDatabaseExists":"false","userName":"","userPassword":"","queryTimeout":"3600","backupCompression":"Default"}},{"environment":{},"taskId":"a8b696ba-d31e-402f-9815-69a7de733e12","version":"2.*","name":"Run Sql Backup of $(Database.Migration.Staging)","refName":"","enabled":false,"alwaysRun":false,"continueOnError":false,"timeoutInMinutes":0,"definitionType":"task","overrideInputs":{},"condition":"succeeded()","inputs":{"backupType":"Full","serverName":"$(Database.Migration.ServerName)","databaseName":"$(Database.Migration.Staging)","backupFile":"$(Database.Migration.BackupLocation)\\$(Release.ReleaseId)_$(Release.AttemptNumber)_$(Database.Migration.Staging).bak","withInit":"true","copyOnly":"false","checkIfDatabaseExists":"false","userName":"","userPassword":"","queryTimeout":"3600","backupCompression":"Default"}}]},{"deploymentInput":{"parallelExecution":{"parallelExecutionType":0},"skipArtifactsDownload":false,"artifactsDownloadInput":{"downloadInputs":[]},"queueId":21,"demands":[],"enableAccessToken":false,"timeoutInMinutes":0,"jobCancelTimeoutInMinutes":1,"condition":"succeeded()","overrideInputs":{}},"rank":3,"phaseType":1,"name":"Agent job - Deploy DBs","refName":null,"workflowTasks":[{"environment":{},"taskId":"a8515ec8-7254-4ffd-912c-86772e2b5962","version":"3.*","name":"Replace tokens in DeploymentScripts","refName":"","enabled":true,"alwaysRun":false,"continueOnError":false,"timeoutInMinutes":0,"definitionType":"task","overrideInputs":{},"condition":"succeeded()","inputs":{"rootDirectory":"$(System.DefaultWorkingDirectory)/_CI - Migration Transform - DCMIG.Ageas.MigrationStream/DCMIG.Ageas.MigrationStream/DeploymentScripts","targetFiles":"**/*.sql","encoding":"utf-8","writeBOM":"false","verbosity":"normal","actionOnMissing":"fail","keepToken":"false","tokenPrefix":"#{","tokenSuffix":"}#","emptyValue":"(empty)","escapeType":"none","escapeChar":"\\","charsToEscape":""}},{"environment":{},"taskId":"a8515ec8-7254-4ffd-912c-86772e2b5962","version":"3.*","name":"Replace tokens in Database","refName":"","enabled":true,"alwaysRun":false,"continueOnError":false,"timeoutInMinutes":0,"definitionType":"task","overrideInputs":{},"condition":"succeeded()","inputs":{"rootDirectory":"$(System.DefaultWorkingDirectory)/_CI - Migration Transform - Database/CI - Migration Transform - Database","targetFiles":"**/*.sql","encoding":"utf-8","writeBOM":"false","verbosity":"normal","actionOnMissing":"warn","keepToken":"false","tokenPrefix":"#{","tokenSuffix":"}#","emptyValue":"(empty)","escapeType":"none","escapeChar":"","charsToEscape":""}},{"environment":{},"taskId":"83976c95-356a-4297-b505-d306609604cf","version":"1.*","name":"Task group: Deploy ISPAC","refName":"","enabled":true,"alwaysRun":true,"continueOnError":true,"timeoutInMinutes":0,"definitionType":"metaTask","overrideInputs":{},"condition":"succeededOrFailed()","inputs":{"Database.Policy.ExampleData":"$(Database.Migration.SSISDB)","Database.Policy.ServerName.SqlToolkit":"$(Database.Migration.SSISDB.ServerName.SqlToolkit)","Release.KillSwitch":"$(Release.KillSwitch.Migration)","WorkingDirectory":"$(System.DefaultWorkingDirectory)/_CI - Migration Transform - DCMIG.Ageas.MigrationStream/DCMIG.Ageas.MigrationStream/DeploymentScripts/"}},{"environment":{},"taskId":"83976c95-356a-4297-b505-d306609604cf","version":"1.*","name":"Task group: Run SQL Scripts for $(Database.Migration.MIGDB)","refName":"","enabled":true,"alwaysRun":true,"continueOnError":true,"timeoutInMinutes":0,"definitionType":"metaTask","overrideInputs":{},"condition":"succeededOrFailed()","inputs":{"Database.Policy.ExampleData":"$(Database.Migration.MIGDB)","Database.Policy.ServerName.SqlToolkit":"$(Database.Migration.ServerName.SqlToolkit)","Release.KillSwitch":"$(Release.KillSwitch.Migration)","WorkingDirectory":"$(System.DefaultWorkingDirectory)/_CI - Migration Transform - Database/CI - Migration Transform - Database/MIGDB"}},{"environment":{},"taskId":"83976c95-356a-4297-b505-d306609604cf","version":"1.*","name":"Task group: Run SQL Scripts for $(Database.Migration.CModel)","refName":"","enabled":true,"alwaysRun":true,"continueOnError":true,"timeoutInMinutes":0,"definitionType":"metaTask","overrideInputs":{},"condition":"succeededOrFailed()","inputs":{"Database.Policy.ExampleData":"$(Database.Migration.CModel)","Database.Policy.ServerName.SqlToolkit":"$(Database.Migration.ServerName.SqlToolkit)","Release.KillSwitch":"$(Release.KillSwitch.Migration)","WorkingDirectory":"$(System.DefaultWorkingDirectory)/_CI - Migration Transform - Database/CI - Migration Transform - Database/CMODEL"}},{"environment":{},"taskId":"83976c95-356a-4297-b505-d306609604cf","version":"1.*","name":"Task group: Run SQL Scripts for $(Database.Migration.SSISDB)","refName":"","enabled":false,"alwaysRun":true,"continueOnError":true,"timeoutInMinutes":0,"definitionType":"metaTask","overrideInputs":{},"condition":"succeededOrFailed()","inputs":{"Database.Policy.ExampleData":"$(Database.Migration.SSISDB)","Database.Policy.ServerName.SqlToolkit":"$(Database.Migration.ServerName.SqlToolkit)","Release.KillSwitch":"$(Release.KillSwitch.Migration)","WorkingDirectory":"$(System.DefaultWorkingDirectory)/_CI - Migration Transform - Database/CI - Migration Transform - Database/SSISDB"}},{"environment":{},"taskId":"83976c95-356a-4297-b505-d306609604cf","version":"1.*","name":"Task group: Run SQL Scripts for $(Database.Migration.Staging)","refName":"","enabled":true,"alwaysRun":true,"continueOnError":true,"timeoutInMinutes":0,"definitionType":"metaTask","overrideInputs":{},"condition":"succeededOrFailed()","inputs":{"Database.Policy.ExampleData":"$(Database.Migration.Staging)","Database.Policy.ServerName.SqlToolkit":"$(Database.Migration.ServerName.SqlToolkit)","Release.KillSwitch":"$(Release.KillSwitch.Migration)","WorkingDirectory":"$(System.DefaultWorkingDirectory)/_CI - Migration Transform - Database/CI - Migration Transform - Database/MIGRATION_Staging"}}]},{"deploymentInput":{"parallelExecution":{"parallelExecutionType":0},"skipArtifactsDownload":true,"artifactsDownloadInput":{"downloadInputs":[]},"queueId":21,"demands":[],"enableAccessToken":false,"timeoutInMinutes":0,"jobCancelTimeoutInMinutes":1,"condition":"failed()","overrideInputs":{}},"rank":4,"phaseType":1,"name":"Agent Job - Fallback","refName":null,"workflowTasks":[{"environment":{},"taskId":"47372b08-24ed-48b7-ae81-4a26b4ad26c4","version":"1.*","name":"Task group: Restore $(Database.Migration.SSISDB) Database on Fail","refName":"","enabled":true,"alwaysRun":true,"continueOnError":true,"timeoutInMinutes":0,"definitionType":"metaTask","overrideInputs":{},"condition":"succeededOrFailed()","inputs":{"BackupFile":"$(Database.Migration.BackupLocation)\\$(Release.ReleaseId)_$(Release.AttemptNumber)_$(Database.Migration.SSISDB).bak","Database":"$(Database.Migration.SSISDB)","ServerName":"$(Database.Migration.SSISDB.ServerName)"}},{"environment":{},"taskId":"47372b08-24ed-48b7-ae81-4a26b4ad26c4","version":"1.*","name":"Task group: Restore $(Database.Migration.MIGDB) Database on Fail","refName":"","enabled":true,"alwaysRun":true,"continueOnError":true,"timeoutInMinutes":0,"definitionType":"metaTask","overrideInputs":{},"condition":"succeededOrFailed()","inputs":{"BackupFile":"$(Database.Migration.BackupLocation)\\$(Release.ReleaseId)_$(Release.AttemptNumber)_$(Database.Migration.MIGDB).bak","Database":"$(Database.Migration.MIGDB)","ServerName":"$(Database.Migration.ServerName)"}},{"environment":{},"taskId":"47372b08-24ed-48b7-ae81-4a26b4ad26c4","version":"1.*","name":"Task group: Restore $(Database.Migration.CModel) Database on Fail","refName":"","enabled":true,"alwaysRun":true,"continueOnError":true,"timeoutInMinutes":0,"definitionType":"metaTask","overrideInputs":{},"condition":"succeededOrFailed()","inputs":{"BackupFile":"$(Database.Migration.BackupLocation)\\$(Release.ReleaseId)_$(Release.AttemptNumber)_$(Database.Migration.CModel).bak","Database":"$(Database.Migration.CModel)","ServerName":"$(Database.Migration.ServerName)"}},{"environment":{},"taskId":"47372b08-24ed-48b7-ae81-4a26b4ad26c4","version":"1.*","name":"Task group: Restore $(Database.Migration.Staging) Database on Fail","refName":"","enabled":false,"alwaysRun":true,"continueOnError":true,"timeoutInMinutes":0,"definitionType":"metaTask","overrideInputs":{},"condition":"succeededOrFailed()","inputs":{"BackupFile":"$(Database.Migration.BackupLocation)\\$(Release.ReleaseId)_$(Release.AttemptNumber)_$(Database.Migration.Staging).bak","Database":"$(Database.Migration.Staging)","ServerName":"$(Database.Migration.ServerName)"}}]}],"environmentOptions":{"emailNotificationType":"OnlyOnFailure","emailRecipients":"release.environment.owner;release.creator","skipArtifactsDownload":false,"timeoutInMinutes":0,"enableAccessToken":false,"publishDeploymentStatus":false,"badgeEnabled":false,"autoLinkWorkItems":false,"pullRequestDeploymentEnabled":false},"demands":[],"conditions":[{"name":"MG DV","conditionType":2,"value":"132"}],"executionPolicy":{"concurrencyCount":1,"queueDepthCount":1},"schedules":[],"currentRelease":{"id":23795,"url":"https://devops.ageas.pt/Ageas-LEGGO/1a04a174-0541-4237-9709-fcab38a948ae/_apis/Release/releases/23795","_links":{}},"retentionPolicy":{"daysToKeep":30,"releasesToKeep":3,"retainBuild":true},"processParameters":{},"properties":{},"preDeploymentGates":{"id":0,"gatesOptions":null,"gates":[]},"postDeploymentGates":{"id":0,"gatesOptions":null,"gates":[]},"environmentTriggers":[],"badgeUrl":"https://devops.ageas.pt/Ageas-LEGGO/_apis/public/Release/badge/1a04a174-0541-4237-9709-fcab38a948ae/76/697"},{"id":703,"name":"MG PR","rank":3,"owner":{"displayName":"Miguel Rodrigues (Externo)","url":"https://devops.ageas.pt/Ageas-LEGGO/_apis/Identities/b32be518-818e-4f25-a2a8-14f44f431955","_links":{"avatar":{"href":"https://devops.ageas.pt/Ageas-LEGGO/_apis/GraphProfile/MemberAvatars/win.Uy0xLTUtMjEtMTA2NTY2NzU1NS01MTYzNTU2MzgtMTM1NjYwOTA4NS0zMzczMg"}},"id":"b32be518-818e-4f25-a2a8-14f44f431955","uniqueName":"CORP\\c020271","imageUrl":"https://devops.ageas.pt/Ageas-LEGGO/_api/_common/identityImage?id=b32be518-818e-4f25-a2a8-14f44f431955","descriptor":"win.Uy0xLTUtMjEtMTA2NTY2NzU1NS01MTYzNTU2MzgtMTM1NjYwOTA4NS0zMzczMg"},"variables":{},"variableGroups":[44,34],"preDeployApprovals":{"approvals":[{"rank":1,"isAutomated":false,"isNotificationOn":false,"approver":{"displayName":"[DuckCreek]\\Release Administrators","url":"https://devops.ageas.pt/Ageas-LEGGO/_apis/Identities/9368eda3-ba6e-4b54-ad2e-5caf967b185c","_links":{"avatar":{"href":"https://devops.ageas.pt/Ageas-LEGGO/_apis/GraphProfile/MemberAvatars/vssgp.Uy0xLTktMTU1MTM3NDI0NS0yMjIxNDUwNjQxLTY1NzMxNzcwNi0yODA4NTk5NzA0LTIyNjI4MDAwNzctMS0xNDE1NTExNzY3LTIyNTU1ODc5MDctMjgyNzk3NTE5OC0xNzY2ODI4NjE"}},"id":"9368eda3-ba6e-4b54-ad2e-5caf967b185c","uniqueName":"vstfs:///Classification/TeamProject/1a04a174-0541-4237-9709-fcab38a948ae\\Release Administrators","imageUrl":"https://devops.ageas.pt/Ageas-LEGGO/_api/_common/identityImage?id=9368eda3-ba6e-4b54-ad2e-5caf967b185c","isContainer":true,"descriptor":"vssgp.Uy0xLTktMTU1MTM3NDI0NS0yMjIxNDUwNjQxLTY1NzMxNzcwNi0yODA4NTk5NzA0LTIyNjI4MDAwNzctMS0xNDE1NTExNzY3LTIyNTU1ODc5MDctMjgyNzk3NTE5OC0xNzY2ODI4NjE"},"id":2358}],"approvalOptions":{"requiredApproverCount":1,"releaseCreatorCanBeApprover":true,"autoTriggeredAndPreviousEnvironmentApprovedCanBeSkipped":false,"enforceIdentityRevalidation":false,"timeoutInMinutes":0,"executionOrder":1}},"deployStep":{"id":2360},"postDeployApprovals":{"approvals":[{"rank":1,"isAutomated":true,"isNotificationOn":false,"id":2361}],"approvalOptions":{"requiredApproverCount":null,"releaseCreatorCanBeApprover":false,"autoTriggeredAndPreviousEnvironmentApprovedCanBeSkipped":false,"enforceIdentityRevalidation":false,"timeoutInMinutes":0,"executionOrder":2}},"deployPhases":[{"deploymentInput":{"parallelExecution":{"parallelExecutionType":0},"skipArtifactsDownload":false,"artifactsDownloadInput":{"downloadInputs":[]},"queueId":56,"demands":[],"enableAccessToken":false,"timeoutInMinutes":0,"jobCancelTimeoutInMinutes":1,"condition":"succeeded()","overrideInputs":{}},"rank":1,"phaseType":1,"name":"Agent job - Deploy MigrationStream","refName":null,"workflowTasks":[{"environment":{},"taskId":"5bfb729a-a7c8-4a78-a7c3-8d717bb7c13c","version":"2.*","name":"Copy Files: ispac to _staging_","refName":"","enabled":true,"alwaysRun":false,"continueOnError":false,"timeoutInMinutes":0,"definitionType":"task","overrideInputs":{},"condition":"succeeded()","inputs":{"SourceFolder":"$(System.DefaultWorkingDirectory)/_CI - Migration Transform - DCMIG.Ageas.MigrationStream/DCMIG.Ageas.MigrationStream/","Contents":"*.ispac","TargetFolder":"_staging_","CleanTargetFolder":"false","OverWrite":"false","flattenFolders":"false"}},{"environment":{},"taskId":"5bfb729a-a7c8-4a78-a7c3-8d717bb7c13c","version":"2.*","name":"Files: MigrationStream to Insights","refName":"","enabled":true,"alwaysRun":false,"continueOnError":false,"timeoutInMinutes":0,"definitionType":"task","overrideInputs":{},"condition":"succeeded()","inputs":{"SourceFolder":"$(System.DefaultWorkingDirectory)/_CI - Migration Transform - DCMIG.Ageas.MigrationStream/DCMIG.Ageas.MigrationStream/PR/","Contents":"DCREEKMGPR_Staging_Migration/**","TargetFolder":"_Insights_","CleanTargetFolder":"true","OverWrite":"true","flattenFolders":"false"}},{"environment":{},"taskId":"57ee7959-ba10-47a7-8adb-19d032872030","version":"3.*","name":"FullDeployV3: Copy Insights file","refName":"","enabled":true,"alwaysRun":false,"continueOnError":false,"timeoutInMinutes":0,"definitionType":"task","overrideInputs":{},"condition":"succeeded()","inputs":{"localPath":"_Insights_","user":"$(Service.TFS.User)","password":"$(Service.TFS.Password)","destinationServer":"$(Servers.DC.Insights)","destinationServerPath":"$(Database.DCREEKMGPR.Insights.ConfigPath_PR)","useAppOffline":"false","deleteFiles":"false","zipFiles":"true","ignoreDestinationServerPathValidation":"true","localDrive":"$(Servers.BaseDrive)","remoteDrive":"$(Servers.BaseDrive)","useBackup":"false","backupFilePath":"","useLog4Net":"false","log4NetFilePath":"","log4NetReplaceValue":"","appPoolReset":"false","appPoolName":""}},{"environment":{},"taskId":"57ee7959-ba10-47a7-8adb-19d032872030","version":"3.*","name":"FullDeployV3: Copy ispac file","refName":"","enabled":true,"alwaysRun":false,"continueOnError":false,"timeoutInMinutes":0,"definitionType":"task","overrideInputs":{},"condition":"succeeded()","inputs":{"localPath":"_staging_","user":"$(Service.TFS.User)","password":"$(Service.TFS.Password)","destinationServer":"$(Servers.Migration.SSIS)","destinationServerPath":"$(Database.Migration.RootPath)","useAppOffline":"false","deleteFiles":"false","zipFiles":"true","ignoreDestinationServerPathValidation":"true","localDrive":"$(Servers.BaseDrive)","remoteDrive":"$(Servers.BaseDrive)","useBackup":"false","backupFilePath":"","useLog4Net":"false","log4NetFilePath":"","log4NetReplaceValue":"","appPoolReset":"false","appPoolName":""}}]},{"deploymentInput":{"parallelExecution":{"parallelExecutionType":0},"skipArtifactsDownload":true,"artifactsDownloadInput":{"downloadInputs":[]},"queueId":22,"demands":[],"enableAccessToken":false,"timeoutInMinutes":0,"jobCancelTimeoutInMinutes":1,"condition":"succeeded()","overrideInputs":{}},"rank":2,"phaseType":1,"name":"Agent job - Backup","refName":null,"workflowTasks":[{"environment":{},"taskId":"a8b696ba-d31e-402f-9815-69a7de733e12","version":"2.*","name":"Run Sql Backup of $(Database.Migration.SSISDB)","refName":"","enabled":true,"alwaysRun":false,"continueOnError":false,"timeoutInMinutes":0,"definitionType":"task","overrideInputs":{},"condition":"succeeded()","inputs":{"backupType":"Full","serverName":"$(Database.Migration.ServerName)","databaseName":"$(Database.Migration.SSISDB)","backupFile":"$(Database.Migration.BackupLocation)\\$(Release.ReleaseId)_$(Release.AttemptNumber)_$(Database.Migration.SSISDB).bak","withInit":"true","copyOnly":"false","checkIfDatabaseExists":"false","userName":"","userPassword":"","queryTimeout":"3600","backupCompression":"Default"}},{"environment":{},"taskId":"a8b696ba-d31e-402f-9815-69a7de733e12","version":"2.*","name":"Run Sql Backup of $(Database.Migration.MIGDB)","refName":"","enabled":true,"alwaysRun":false,"continueOnError":false,"timeoutInMinutes":0,"definitionType":"task","overrideInputs":{},"condition":"succeeded()","inputs":{"backupType":"Full","serverName":"$(Database.Migration.ServerName)","databaseName":"$(Database.Migration.MIGDB)","backupFile":"$(Database.Migration.BackupLocation)\\$(Release.ReleaseId)_$(Release.AttemptNumber)_$(Database.Migration.MIGDB).bak","withInit":"true","copyOnly":"false","checkIfDatabaseExists":"false","userName":"","userPassword":"","queryTimeout":"3600","backupCompression":"Default"}},{"environment":{},"taskId":"a8b696ba-d31e-402f-9815-69a7de733e12","version":"2.*","name":"Run Sql Backup of $(Database.Migration.CModel)","refName":"","enabled":true,"alwaysRun":false,"continueOnError":false,"timeoutInMinutes":0,"definitionType":"task","overrideInputs":{},"condition":"succeeded()","inputs":{"backupType":"Full","serverName":"$(Database.Migration.ServerName)","databaseName":"$(Database.Migration.CModel)","backupFile":"$(Database.Migration.BackupLocation)\\$(Release.ReleaseId)_$(Release.AttemptNumber)_$(Database.Migration.CModel).bak","withInit":"true","copyOnly":"false","checkIfDatabaseExists":"false","userName":"","userPassword":"","queryTimeout":"3600","backupCompression":"Default"}},{"environment":{},"taskId":"a8b696ba-d31e-402f-9815-69a7de733e12","version":"2.*","name":"Run Sql Backup of $(Database.Migration.Staging)","refName":"","enabled":false,"alwaysRun":false,"continueOnError":false,"timeoutInMinutes":0,"definitionType":"task","overrideInputs":{},"condition":"succeeded()","inputs":{"backupType":"Full","serverName":"$(Database.Migration.ServerName)","databaseName":"$(Database.Migration.Staging)","backupFile":"$(Database.Migration.BackupLocation)\\$(Release.ReleaseId)_$(Release.AttemptNumber)_$(Database.Migration.Staging).bak","withInit":"true","copyOnly":"false","checkIfDatabaseExists":"false","userName":"","userPassword":"","queryTimeout":"3600","backupCompression":"Default"}}]},{"deploymentInput":{"parallelExecution":{"parallelExecutionType":0},"skipArtifactsDownload":false,"artifactsDownloadInput":{"downloadInputs":[]},"queueId":22,"demands":[],"enableAccessToken":false,"timeoutInMinutes":0,"jobCancelTimeoutInMinutes":1,"condition":"succeeded()","overrideInputs":{}},"rank":3,"phaseType":1,"name":"Agent job - Deploy DBs","refName":null,"workflowTasks":[{"environment":{},"taskId":"a8515ec8-7254-4ffd-912c-86772e2b5962","version":"3.*","name":"Replace tokens in DeploymentScripts","refName":"","enabled":true,"alwaysRun":false,"continueOnError":false,"timeoutInMinutes":0,"definitionType":"task","overrideInputs":{},"condition":"succeeded()","inputs":{"rootDirectory":"$(System.DefaultWorkingDirectory)/_CI - Migration Transform - DCMIG.Ageas.MigrationStream/DCMIG.Ageas.MigrationStream/DeploymentScripts","targetFiles":"**/*.sql","encoding":"utf-8","writeBOM":"false","verbosity":"normal","actionOnMissing":"fail","keepToken":"false","tokenPrefix":"#{","tokenSuffix":"}#","emptyValue":"(empty)","escapeType":"none","escapeChar":"\\","charsToEscape":""}},{"environment":{},"taskId":"a8515ec8-7254-4ffd-912c-86772e2b5962","version":"3.*","name":"Replace tokens in Database","refName":"","enabled":true,"alwaysRun":false,"continueOnError":false,"timeoutInMinutes":0,"definitionType":"task","overrideInputs":{},"condition":"succeeded()","inputs":{"rootDirectory":"$(System.DefaultWorkingDirectory)/_CI - Migration Transform - Database/CI - Migration Transform - Database","targetFiles":"**/*.sql","encoding":"utf-8","writeBOM":"false","verbosity":"normal","actionOnMissing":"warn","keepToken":"false","tokenPrefix":"#{","tokenSuffix":"}#","emptyValue":"(empty)","escapeType":"none","escapeChar":"","charsToEscape":""}},{"environment":{},"taskId":"83976c95-356a-4297-b505-d306609604cf","version":"1.*","name":"Task group: Deploy ISPAC","refName":"","enabled":true,"alwaysRun":true,"continueOnError":true,"timeoutInMinutes":0,"definitionType":"metaTask","overrideInputs":{},"condition":"succeededOrFailed()","inputs":{"Database.Policy.ExampleData":"$(Database.Migration.SSISDB)","Database.Policy.ServerName.SqlToolkit":"$(Database.Migration.ServerName.SqlToolkit)","Release.KillSwitch":"$(Release.KillSwitch.Migration)","WorkingDirectory":"$(System.DefaultWorkingDirectory)/_CI - Migration Transform - DCMIG.Ageas.MigrationStream/DCMIG.Ageas.MigrationStream/DeploymentScripts/"}},{"environment":{},"taskId":"83976c95-356a-4297-b505-d306609604cf","version":"1.*","name":"Task group: Run SQL Scripts for $(Database.Migration.MIGDB)","refName":"","enabled":true,"alwaysRun":true,"continueOnError":true,"timeoutInMinutes":0,"definitionType":"metaTask","overrideInputs":{},"condition":"succeededOrFailed()","inputs":{"Database.Policy.ExampleData":"$(Database.Migration.MIGDB)","Database.Policy.ServerName.SqlToolkit":"$(Database.Migration.ServerName.SqlToolkit)","Release.KillSwitch":"$(Release.KillSwitch.Migration)","WorkingDirectory":"$(System.DefaultWorkingDirectory)/_CI - Migration Transform - Database/CI - Migration Transform - Database/MIGDB"}},{"environment":{},"taskId":"83976c95-356a-4297-b505-d306609604cf","version":"1.*","name":"Task group: Run SQL Scripts for $(Database.Migration.CModel)","refName":"","enabled":true,"alwaysRun":true,"continueOnError":true,"timeoutInMinutes":0,"definitionType":"metaTask","overrideInputs":{},"condition":"succeededOrFailed()","inputs":{"Database.Policy.ExampleData":"$(Database.Migration.CModel)","Database.Policy.ServerName.SqlToolkit":"$(Database.Migration.ServerName.SqlToolkit)","Release.KillSwitch":"$(Release.KillSwitch.Migration)","WorkingDirectory":"$(System.DefaultWorkingDirectory)/_CI - Migration Transform - Database/CI - Migration Transform - Database/CMODEL"}},{"environment":{},"taskId":"83976c95-356a-4297-b505-d306609604cf","version":"1.*","name":"Task group: Run SQL Scripts for $(Database.Migration.SSISDB)","refName":"","enabled":false,"alwaysRun":true,"continueOnError":true,"timeoutInMinutes":0,"definitionType":"metaTask","overrideInputs":{},"condition":"succeededOrFailed()","inputs":{"Database.Policy.ExampleData":"$(Database.Migration.SSISDB)","Database.Policy.ServerName.SqlToolkit":"$(Database.Migration.ServerName.SqlToolkit)","Release.KillSwitch":"$(Release.KillSwitch.Migration)","WorkingDirectory":"$(System.DefaultWorkingDirectory)/_CI - Migration Transform - Database/CI - Migration Transform - Database/SSISDB"}},{"environment":{},"taskId":"83976c95-356a-4297-b505-d306609604cf","version":"1.*","name":"Task group: Run SQL Scripts for $(Database.Migration.Staging)","refName":"","enabled":true,"alwaysRun":true,"continueOnError":true,"timeoutInMinutes":0,"definitionType":"metaTask","overrideInputs":{},"condition":"succeededOrFailed()","inputs":{"Database.Policy.ExampleData":"$(Database.Migration.Staging)","Database.Policy.ServerName.SqlToolkit":"$(Database.Migration.ServerName.SqlToolkit)","Release.KillSwitch":"$(Release.KillSwitch.Migration)","WorkingDirectory":"$(System.DefaultWorkingDirectory)/_CI - Migration Transform - Database/CI - Migration Transform - Database/MIGRATION_Staging"}}]},{"deploymentInput":{"parallelExecution":{"parallelExecutionType":0},"skipArtifactsDownload":true,"artifactsDownloadInput":{"downloadInputs":[]},"queueId":22,"demands":[],"enableAccessToken":false,"timeoutInMinutes":0,"jobCancelTimeoutInMinutes":1,"condition":"failed()","overrideInputs":{}},"rank":4,"phaseType":1,"name":"Agent Job - Fallback","refName":null,"workflowTasks":[{"environment":{},"taskId":"47372b08-24ed-48b7-ae81-4a26b4ad26c4","version":"1.*","name":"Task group: Restore $(Database.Migration.SSISDB) Database on Fail","refName":"","enabled":true,"alwaysRun":true,"continueOnError":true,"timeoutInMinutes":0,"definitionType":"metaTask","overrideInputs":{},"condition":"succeededOrFailed()","inputs":{"BackupFile":"$(Database.Migration.BackupLocation)\\$(Release.ReleaseId)_$(Release.AttemptNumber)_$(Database.Migration.SSISDB).bak","Database":"$(Database.Migration.SSISDB)","ServerName":"$(Database.Migration.ServerName)"}},{"environment":{},"taskId":"47372b08-24ed-48b7-ae81-4a26b4ad26c4","version":"1.*","name":"Task group: Restore $(Database.Migration.MIGDB) Database on Fail","refName":"","enabled":true,"alwaysRun":true,"continueOnError":true,"timeoutInMinutes":0,"definitionType":"metaTask","overrideInputs":{},"condition":"succeededOrFailed()","inputs":{"BackupFile":"$(Database.Migration.BackupLocation)\\$(Release.ReleaseId)_$(Release.AttemptNumber)_$(Database.Migration.MIGDB).bak","Database":"$(Database.Migration.MIGDB)","ServerName":"$(Database.Migration.ServerName)"}},{"environment":{},"taskId":"47372b08-24ed-48b7-ae81-4a26b4ad26c4","version":"1.*","name":"Task group: Restore $(Database.Migration.CModel) Database on Fail","refName":"","enabled":true,"alwaysRun":true,"continueOnError":true,"timeoutInMinutes":0,"definitionType":"metaTask","overrideInputs":{},"condition":"succeededOrFailed()","inputs":{"BackupFile":"$(Database.Migration.BackupLocation)\\$(Release.ReleaseId)_$(Release.AttemptNumber)_$(Database.Migration.CModel).bak","Database":"$(Database.Migration.CModel)","ServerName":"$(Database.Migration.ServerName)"}},{"environment":{},"taskId":"47372b08-24ed-48b7-ae81-4a26b4ad26c4","version":"1.*","name":"Task group: Restore $(Database.Migration.Staging) Database on Fail","refName":"","enabled":false,"alwaysRun":true,"continueOnError":true,"timeoutInMinutes":0,"definitionType":"metaTask","overrideInputs":{},"condition":"succeededOrFailed()","inputs":{"BackupFile":"$(Database.Migration.BackupLocation)\\$(Release.ReleaseId)_$(Release.AttemptNumber)_$(Database.Migration.Staging).bak","Database":"$(Database.Migration.Staging)","ServerName":"$(Database.Migration.ServerName)"}}]}],"environmentOptions":{"emailNotificationType":"OnlyOnFailure","emailRecipients":"release.environment.owner;release.creator","skipArtifactsDownload":false,"timeoutInMinutes":0,"enableAccessToken":false,"publishDeploymentStatus":false,"badgeEnabled":false,"autoLinkWorkItems":false,"pullRequestDeploymentEnabled":false},"demands":[],"conditions":[{"name":"MG PP","conditionType":2,"value":"132"}],"executionPolicy":{"concurrencyCount":5,"queueDepthCount":1},"schedules":[],"currentRelease":{"id":0,"url":"https://devops.ageas.pt/Ageas-LEGGO/1a04a174-0541-4237-9709-fcab38a948ae/_apis/Release/releases/0","_links":{}},"retentionPolicy":{"daysToKeep":30,"releasesToKeep":3,"retainBuild":true},"processParameters":{},"properties":{},"preDeploymentGates":{"id":0,"gatesOptions":null,"gates":[]},"postDeploymentGates":{"id":0,"gatesOptions":null,"gates":[]},"environmentTriggers":[],"badgeUrl":"https://devops.ageas.pt/Ageas-LEGGO/_apis/public/Release/badge/1a04a174-0541-4237-9709-fcab38a948ae/76/703"}],"artifacts":[{"sourceId":"1a04a174-0541-4237-9709-fcab38a948ae:49","type":"Build","alias":"_CI - Migration Transform - Database","definitionReference":{"artifactSourceDefinitionUrl":{"id":"https://devops.ageas.pt/_permalink/_build/index?collectionId=02523095-5547-4e2e-a231-7ea89bd3e0e7&projectId=1a04a174-0541-4237-9709-fcab38a948ae&definitionId=49","name":""},"defaultVersionBranch":{"id":"master","name":"master"},"defaultVersionSpecific":{"id":"","name":""},"defaultVersionTags":{"id":"","name":""},"defaultVersionType":{"id":"latestWithBranchAndTagsType","name":"Latest from a specific branch with tags"},"definition":{"id":"49","name":"CI - Migration Transform - Database"},"definitions":{"id":"","name":""},"IsMultiDefinitionType":{"id":"False","name":"False"},"project":{"id":"1a04a174-0541-4237-9709-fcab38a948ae","name":"DuckCreek"},"repository":{"id":"d779f3e0-6b96-405c-801e-01e54f7981e7","name":"Mig_Transformation.Config"}},"isPrimary":true,"isRetained":false},{"sourceId":"1a04a174-0541-4237-9709-fcab38a948ae:48","type":"Build","alias":"_CI - Migration Transform - DCMIG.Ageas.MigrationStream","definitionReference":{"artifactSourceDefinitionUrl":{"id":"https://devops.ageas.pt/_permalink/_build/index?collectionId=02523095-5547-4e2e-a231-7ea89bd3e0e7&projectId=1a04a174-0541-4237-9709-fcab38a948ae&definitionId=48","name":""},"defaultVersionBranch":{"id":"master","name":"master"},"defaultVersionSpecific":{"id":"","name":""},"defaultVersionTags":{"id":"","name":""},"defaultVersionType":{"id":"latestWithBranchAndTagsType","name":"Latest from a specific branch with tags"},"definition":{"id":"48","name":"CI - Migration Transform - DCMIG.Ageas.MigrationStream"},"definitions":{"id":"","name":""},"IsMultiDefinitionType":{"id":"False","name":"False"},"project":{"id":"1a04a174-0541-4237-9709-fcab38a948ae","name":"DuckCreek"},"repository":{"id":"d779f3e0-6b96-405c-801e-01e54f7981e7","name":"Mig_Transformation.Config"}},"isRetained":false},{"sourceId":"1a04a174-0541-4237-9709-fcab38a948ae:33","type":"Build","alias":"_Devops Support","definitionReference":{"artifactSourceDefinitionUrl":{"id":"https://devops.ageas.pt/_permalink/_build/index?collectionId=02523095-5547-4e2e-a231-7ea89bd3e0e7&projectId=1a04a174-0541-4237-9709-fcab38a948ae&definitionId=33","name":""},"defaultVersionBranch":{"id":"","name":""},"defaultVersionSpecific":{"id":"","name":""},"defaultVersionTags":{"id":"","name":""},"defaultVersionType":{"id":"latestType","name":"Latest"},"definition":{"id":"33","name":"Devops Support"},"definitions":{"id":"","name":""},"IsMultiDefinitionType":{"id":"False","name":"False"},"project":{"id":"1a04a174-0541-4237-9709-fcab38a948ae","name":"DuckCreek"},"repository":{"id":"d779f3e0-6b96-405c-801e-01e54f7981e7","name":"Mig_Transformation.Config"}},"isRetained":false}],"triggers":[{"artifactAlias":"_CI - Migration Transform - Database","triggerConditions":[{"sourceBranch":"master","tags":[],"useBuildDefinitionBranch":false,"createReleaseOnBuildTagging":false}],"triggerType":1},{"artifactAlias":"_CI - Migration Transform - DCMIG.Ageas.MigrationStream","triggerConditions":[{"sourceBranch":"master","tags":[],"useBuildDefinitionBranch":false,"createReleaseOnBuildTagging":false}],"triggerType":1}],"releaseNameFormat":"Release-$(rev:r)","tags":[],"pipelineProcess":{"type":1},"properties":{"System.EnvironmentRankLogicVersion":{"$type":"System.String","$value":"2"},"DefinitionCreationSource":{"$type":"System.String","$value":"Other"}},"id":76,"name":"CD - Migration Transform","path":"\\Releases - MG","projectReference":null,"url":"https://devops.ageas.pt/Ageas-LEGGO/1a04a174-0541-4237-9709-fcab38a948ae/_apis/Release/definitions/76","_links":{"self":{"href":"https://devops.ageas.pt/Ageas-LEGGO/1a04a174-0541-4237-9709-fcab38a948ae/_apis/Release/definitions/76"},"web":{"href":"https://devops.ageas.pt/Ageas-LEGGO/1a04a174-0541-4237-9709-fcab38a948ae/_release?definitionId=76"}}}