{"options":[{"enabled":false,"definition":{"id":"5d58cc01-7c75-450c-be18-a388ddb129ec"},"inputs":{"branchFilters":"[\"+refs/heads/*\"]","additionalFields":"{}"}},{"enabled":false,"definition":{"id":"a9db38f9-9fdc-478c-b0f9-464221e58316"},"inputs":{"workItemType":"106","assignToRequestor":"true","additionalFields":"{}"}}],"triggers":[{"branchFilters":["+refs/heads/master","+refs/heads/support","+refs/heads/dev"],"pathFilters":[],"batchChanges":true,"maxConcurrentBuildsPerBranch":1,"pollingInterval":0,"triggerType":2}],"variables":{"system.debug":{"value":"false","allowOverride":true},"VersionMajor":{"value":"1"},"VersionMinor":{"value":"0"}},"retentionRules":[{"branches":["+refs/heads/*"],"artifacts":[],"artifactTypesToDelete":["FilePath","SymbolStore"],"daysToKeep":10,"minimumToKeep":1,"deleteBuildRecord":true,"deleteTestResults":true}],"properties":{},"tags":[],"_links":{"self":{"href":"https://devops.ageas.pt/Ageas-NETCORE-Fronts/4696b0d4-8d1f-4c08-b3d8-3c9c8e5c43b1/_apis/build/Definitions/3?revision=2"},"web":{"href":"https://devops.ageas.pt/Ageas-NETCORE-Fronts/4696b0d4-8d1f-4c08-b3d8-3c9c8e5c43b1/_build/definition?definitionId=3"},"editor":{"href":"https://devops.ageas.pt/Ageas-NETCORE-Fronts/4696b0d4-8d1f-4c08-b3d8-3c9c8e5c43b1/_build/designer?id=3&_a=edit-build-definition"},"badge":{"href":"https://devops.ageas.pt/Ageas-NETCORE-Fronts/4696b0d4-8d1f-4c08-b3d8-3c9c8e5c43b1/_apis/build/status/3"}},"buildNumberFormat":"$(VersionMajor).$(VersionMinor).$(SourceBranchName)_$(Date:yyyyMMdd)$(Rev:.rrr)","jobAuthorizationScope":1,"jobTimeoutInMinutes":60,"jobCancelTimeoutInMinutes":5,"process":{"phases":[{"steps":[{"environment":{},"enabled":false,"continueOnError":false,"alwaysRun":false,"displayName":"npm get config list","timeoutInMinutes":0,"condition":"succeeded()","task":{"id":"fe47e961-9fa8-4106-8639-368c022d43ad","versionSpec":"1.*","definitionType":"task"},"inputs":{"command":"custom","workingDir":"story-test","verbose":"false","customCommand":"config ls -l","customRegistry":"useNpmrc","customFeed":"","customEndpoint":"","publishRegistry":"useExternalRegistry","publishFeed":"","publishEndpoint":""}},{"environment":{},"enabled":true,"continueOnError":false,"alwaysRun":false,"displayName":"npm install","timeoutInMinutes":0,"condition":"succeeded()","task":{"id":"fe47e961-9fa8-4106-8639-368c022d43ad","versionSpec":"1.*","definitionType":"task"},"inputs":{"command":"install","workingDir":"","verbose":"true","customCommand":"install --loglevel verbose","customRegistry":"useNpmrc","customFeed":"","customEndpoint":"","publishRegistry":"useExternalRegistry","publishFeed":"","publishEndpoint":""}},{"environment":{},"enabled":true,"continueOnError":false,"alwaysRun":false,"displayName":"npm run build","timeoutInMinutes":0,"condition":"succeeded()","task":{"id":"fe47e961-9fa8-4106-8639-368c022d43ad","versionSpec":"1.*","definitionType":"task"},"inputs":{"command":"custom","workingDir":"","verbose":"false","customCommand":"run build","customRegistry":"useNpmrc","customFeed":"","customEndpoint":"","publishRegistry":"useExternalRegistry","publishFeed":"","publishEndpoint":""}},{"environment":{},"enabled":true,"continueOnError":false,"alwaysRun":false,"displayName":"Publish Artifact: Signature-CI","timeoutInMinutes":0,"condition":"succeeded()","task":{"id":"2ff763a7-ce83-4e1f-bc89-0ae63477cebe","versionSpec":"1.*","definitionType":"task"},"inputs":{"PathtoPublish":"build","ArtifactName":"Signature-CI","ArtifactType":"Container","TargetPath":"","Parallel":"false","ParallelCount":"8"}}],"name":"Agent job 1","refName":"Phase_1","condition":"succeeded()","target":{"executionOptions":{"type":0},"allowScriptsAuthAccessOption":false,"type":1},"jobAuthorizationScope":1,"jobCancelTimeoutInMinutes":1}],"type":1},"repository":{"properties":{"cleanOptions":"0","labelSources":"6","labelSourcesFormat":"$(build.buildNumber)","reportBuildStatus":"true","gitLfsSupport":"false","skipSyncSource":"false","checkoutNestedSubmodules":"false","fetchDepth":"0"},"id":"cef56c14-0887-4c84-b06a-a447f5cd729a","type":"TfsGit","name":"Signature","url":"https://devops.ageas.pt/Ageas-NETCORE-Fronts/Signature/_git/Signature","defaultBranch":"refs/heads/dev","clean":"false","checkoutSubmodules":false},"processParameters":{},"quality":1,"authoredBy":{"displayName":"Miguel Rodrigues (Externo)","url":"https://devops.ageas.pt/Ageas-NETCORE-Fronts/_apis/Identities/542e8e5a-87ae-4a54-84d7-fb5b8b49a47f","_links":{"avatar":{"href":"https://devops.ageas.pt/Ageas-NETCORE-Fronts/_apis/GraphProfile/MemberAvatars/win.Uy0xLTUtMjEtMTA2NTY2NzU1NS01MTYzNTU2MzgtMTM1NjYwOTA4NS0zMzczMg"}},"id":"542e8e5a-87ae-4a54-84d7-fb5b8b49a47f","uniqueName":"CORP\\c020271","imageUrl":"https://devops.ageas.pt/Ageas-NETCORE-Fronts/_api/_common/identityImage?id=542e8e5a-87ae-4a54-84d7-fb5b8b49a47f","descriptor":"win.Uy0xLTUtMjEtMTA2NTY2NzU1NS01MTYzNTU2MzgtMTM1NjYwOTA4NS0zMzczMg"},"drafts":[],"queue":{"_links":{"self":{"href":"https://devops.ageas.pt/Ageas-NETCORE-Fronts/_apis/build/Queues/69"}},"id":69,"name":"Ageas-NETCORE-Fronts","url":"https://devops.ageas.pt/Ageas-NETCORE-Fronts/_apis/build/Queues/69","pool":{"id":58,"name":"Ageas-NETCORE-Fronts"}},"id":3,"name":"Signature-CI","url":"https://devops.ageas.pt/Ageas-NETCORE-Fronts/4696b0d4-8d1f-4c08-b3d8-3c9c8e5c43b1/_apis/build/Definitions/3?revision=2","uri":"vstfs:///Build/Definition/3","path":"\\","type":2,"queueStatus":0,"revision":2,"createdDate":"2020-12-16T18:01:05.573Z","project":{"id":"4696b0d4-8d1f-4c08-b3d8-3c9c8e5c43b1","name":"Signature","url":"https://devops.ageas.pt/Ageas-NETCORE-Fronts/_apis/projects/4696b0d4-8d1f-4c08-b3d8-3c9c8e5c43b1","state":1,"revision":8,"visibility":0}}