{"options":[{"enabled":false,"definition":{"id":"5d58cc01-7c75-450c-be18-a388ddb129ec"},"inputs":{"branchFilters":"[\"+refs/heads/*\"]","additionalFields":"{}"}},{"enabled":false,"definition":{"id":"a9db38f9-9fdc-478c-b0f9-464221e58316"},"inputs":{"workItemType":"151","assignToRequestor":"true","additionalFields":"{}"}}],"triggers":[{"branchFilters":["+refs/heads/dev","+refs/heads/master"],"pathFilters":[],"batchChanges":false,"maxConcurrentBuildsPerBranch":1,"pollingInterval":0,"triggerType":2}],"variables":{"system.debug":{"value":"false","allowOverride":true}},"retentionRules":[{"branches":["+refs/heads/*"],"artifacts":[],"artifactTypesToDelete":["FilePath","SymbolStore"],"daysToKeep":10,"minimumToKeep":1,"deleteBuildRecord":true,"deleteTestResults":true}],"properties":{},"tags":[],"_links":{"self":{"href":"https://devops.ageas.pt/Ageas-RPA/8fa33a49-d0ff-433a-b9ca-8e19f8535c28/_apis/build/Definitions/20?revision=17"},"web":{"href":"https://devops.ageas.pt/Ageas-RPA/8fa33a49-d0ff-433a-b9ca-8e19f8535c28/_build/definition?definitionId=20"},"editor":{"href":"https://devops.ageas.pt/Ageas-RPA/8fa33a49-d0ff-433a-b9ca-8e19f8535c28/_build/designer?id=20&_a=edit-build-definition"},"badge":{"href":"https://devops.ageas.pt/Ageas-RPA/8fa33a49-d0ff-433a-b9ca-8e19f8535c28/_apis/build/status/20"}},"buildNumberFormat":"1.0.0$(rev:.r)","jobAuthorizationScope":1,"jobTimeoutInMinutes":60,"jobCancelTimeoutInMinutes":5,"process":{"phases":[{"steps":[{"environment":{},"enabled":true,"continueOnError":false,"alwaysRun":false,"displayName":"Publish Artifact: Imaestro","timeoutInMinutes":0,"condition":"succeeded()","task":{"id":"2ff763a7-ce83-4e1f-bc89-0ae63477cebe","versionSpec":"1.*","definitionType":"task"},"inputs":{"PathtoPublish":"$(Build.Repository.LocalPath)","ArtifactName":"Imaestro","ArtifactType":"Container","TargetPath":"","Parallel":"false","ParallelCount":"8"}}],"name":"Agent job 1","refName":"Phase_1","condition":"succeeded()","target":{"executionOptions":{"type":0},"allowScriptsAuthAccessOption":false,"type":1},"jobAuthorizationScope":1,"jobCancelTimeoutInMinutes":1}],"type":1},"repository":{"properties":{"cleanOptions":"0","labelSources":"0","labelSourcesFormat":"","reportBuildStatus":"true","gitLfsSupport":"false","skipSyncSource":"false","checkoutNestedSubmodules":"false","fetchDepth":"0"},"id":"f505b453-ee29-4348-bd3a-57c20cc22b40","type":"TfsGit","name":"iMaestro","url":"https://devops.ageas.pt/Ageas-RPA/iMaestro/_git/iMaestro","defaultBranch":"refs/heads/master","clean":"false","checkoutSubmodules":false},"processParameters":{},"quality":1,"authoredBy":{"displayName":"Vando Moreira (Externo)","url":"https://devops.ageas.pt/Ageas-RPA/_apis/Identities/77b4099a-00eb-4a87-b1ab-9a5b720eb40e","_links":{"avatar":{"href":"https://devops.ageas.pt/Ageas-RPA/_apis/GraphProfile/MemberAvatars/win.Uy0xLTUtMjEtMTA2NTY2NzU1NS01MTYzNTU2MzgtMTM1NjYwOTA4NS0zMzczMQ"}},"id":"77b4099a-00eb-4a87-b1ab-9a5b720eb40e","uniqueName":"CORP\\vmoreira","imageUrl":"https://devops.ageas.pt/Ageas-RPA/_api/_common/identityImage?id=77b4099a-00eb-4a87-b1ab-9a5b720eb40e","descriptor":"win.Uy0xLTUtMjEtMTA2NTY2NzU1NS01MTYzNTU2MzgtMTM1NjYwOTA4NS0zMzczMQ"},"drafts":[],"queue":{"_links":{"self":{"href":"https://devops.ageas.pt/Ageas-RPA/_apis/build/Queues/351"}},"id":351,"name":"Default","url":"https://devops.ageas.pt/Ageas-RPA/_apis/build/Queues/351","pool":{"id":9,"name":"Default"}},"id":20,"name":"iMaestro-CI","url":"https://devops.ageas.pt/Ageas-RPA/8fa33a49-d0ff-433a-b9ca-8e19f8535c28/_apis/build/Definitions/20?revision=17","uri":"vstfs:///Build/Definition/20","path":"\\","type":2,"queueStatus":0,"revision":17,"createdDate":"2021-02-26T11:10:27.347Z","project":{"id":"8fa33a49-d0ff-433a-b9ca-8e19f8535c28","name":"iMaestro","url":"https://devops.ageas.pt/Ageas-RPA/_apis/projects/8fa33a49-d0ff-433a-b9ca-8e19f8535c28","state":1,"revision":158,"visibility":0}}