{"options":[{"enabled":false,"definition":{"id":"5d58cc01-7c75-450c-be18-a388ddb129ec"},"inputs":{"branchFilters":"[\"+refs/heads/*\"]","additionalFields":"{}"}},{"enabled":false,"definition":{"id":"a9db38f9-9fdc-478c-b0f9-464221e58316"},"inputs":{"workItemType":"16","assignToRequestor":"true","additionalFields":"{}"}}],"triggers":[{"branchFilters":["+refs/heads/DV"],"pathFilters":[],"batchChanges":false,"maxConcurrentBuildsPerBranch":1,"pollingInterval":0,"triggerType":2}],"variables":{"system.debug":{"value":"false","allowOverride":true}},"retentionRules":[{"branches":["+refs/heads/*"],"artifacts":[],"artifactTypesToDelete":["FilePath","SymbolStore"],"daysToKeep":10,"minimumToKeep":1,"deleteBuildRecord":true,"deleteTestResults":true}],"properties":{},"tags":[],"_links":{"self":{"href":"https://devops.ageas.pt/Ageas-NETCORE-Fronts/0fefbb70-4af7-4088-ad44-441860159ccf/_apis/build/Definitions/4?revision=6"},"web":{"href":"https://devops.ageas.pt/Ageas-NETCORE-Fronts/0fefbb70-4af7-4088-ad44-441860159ccf/_build/definition?definitionId=4"},"editor":{"href":"https://devops.ageas.pt/Ageas-NETCORE-Fronts/0fefbb70-4af7-4088-ad44-441860159ccf/_build/designer?id=4&_a=edit-build-definition"},"badge":{"href":"https://devops.ageas.pt/Ageas-NETCORE-Fronts/0fefbb70-4af7-4088-ad44-441860159ccf/_apis/build/status/4"}},"jobAuthorizationScope":1,"jobTimeoutInMinutes":60,"jobCancelTimeoutInMinutes":5,"process":{"phases":[{"steps":[{"environment":{},"enabled":true,"continueOnError":false,"alwaysRun":false,"displayName":"npm install","timeoutInMinutes":0,"condition":"succeeded()","task":{"id":"fe47e961-9fa8-4106-8639-368c022d43ad","versionSpec":"1.*","definitionType":"task"},"inputs":{"command":"install","workingDir":"","verbose":"false","customCommand":"","customRegistry":"useNpmrc","customFeed":"","customEndpoint":"","publishRegistry":"useExternalRegistry","publishFeed":"","publishEndpoint":""}},{"environment":{},"enabled":true,"continueOnError":false,"alwaysRun":false,"displayName":"npm run build","timeoutInMinutes":0,"condition":"succeeded()","task":{"id":"fe47e961-9fa8-4106-8639-368c022d43ad","versionSpec":"1.*","definitionType":"task"},"inputs":{"command":"custom","workingDir":"","verbose":"false","customCommand":"run build","customRegistry":"useNpmrc","customFeed":"","customEndpoint":"","publishRegistry":"useExternalRegistry","publishFeed":"","publishEndpoint":""}},{"environment":{},"enabled":true,"continueOnError":false,"alwaysRun":false,"displayName":"Publish Artifact","timeoutInMinutes":0,"condition":"succeeded()","task":{"id":"2ff763a7-ce83-4e1f-bc89-0ae63477cebe","versionSpec":"1.*","definitionType":"task"},"inputs":{"PathtoPublish":"build/","ArtifactName":"ComplaintChannel-CI-DV","ArtifactType":"Container","TargetPath":"","Parallel":"false","ParallelCount":"8"}}],"name":"Agent job 1","refName":"Phase_1","condition":"succeeded()","target":{"executionOptions":{"type":0},"allowScriptsAuthAccessOption":false,"type":1},"jobAuthorizationScope":1,"jobCancelTimeoutInMinutes":1}],"type":1},"repository":{"properties":{"cleanOptions":"0","labelSources":"0","labelSourcesFormat":"$(build.buildNumber)","reportBuildStatus":"true","gitLfsSupport":"false","skipSyncSource":"false","checkoutNestedSubmodules":"false","fetchDepth":"0"},"id":"69952a2e-ab6d-4afc-ad64-e17a15b20fb0","type":"TfsGit","name":"ComplaintChannel","url":"https://devops.ageas.pt/Ageas-NETCORE-Fronts/ComplaintChannel/_git/ComplaintChannel","defaultBranch":"refs/heads/DV","clean":"true","checkoutSubmodules":false},"processParameters":{},"quality":1,"authoredBy":{"displayName":"Tiago Gouveia (Affinity)","url":"https://devops.ageas.pt/Ageas-NETCORE-Fronts/_apis/Identities/8cc4083c-d8f1-4667-a15d-baa3bc6fd551","_links":{"avatar":{"href":"https://devops.ageas.pt/Ageas-NETCORE-Fronts/_apis/GraphProfile/MemberAvatars/win.Uy0xLTUtMjEtMTA2NTY2NzU1NS01MTYzNTU2MzgtMTM1NjYwOTA4NS0yNzIxMg"}},"id":"8cc4083c-d8f1-4667-a15d-baa3bc6fd551","uniqueName":"CORP\\tgouveia","imageUrl":"https://devops.ageas.pt/Ageas-NETCORE-Fronts/_api/_common/identityImage?id=8cc4083c-d8f1-4667-a15d-baa3bc6fd551","descriptor":"win.Uy0xLTUtMjEtMTA2NTY2NzU1NS01MTYzNTU2MzgtMTM1NjYwOTA4NS0yNzIxMg"},"drafts":[],"queue":{"_links":{"self":{"href":"https://devops.ageas.pt/Ageas-NETCORE-Fronts/_apis/build/Queues/35"}},"id":35,"name":"Azure","url":"https://devops.ageas.pt/Ageas-NETCORE-Fronts/_apis/build/Queues/35","pool":{"id":6,"name":"Azure"}},"id":4,"name":"ComplaintChannel-CI-DV","url":"https://devops.ageas.pt/Ageas-NETCORE-Fronts/0fefbb70-4af7-4088-ad44-441860159ccf/_apis/build/Definitions/4?revision=6","uri":"vstfs:///Build/Definition/4","path":"\\","type":2,"queueStatus":0,"revision":6,"createdDate":"2021-03-19T18:07:43.773Z","project":{"id":"0fefbb70-4af7-4088-ad44-441860159ccf","name":"ComplaintChannel","description":"Frontend do Canal de Denuncia","url":"https://devops.ageas.pt/Ageas-NETCORE-Fronts/_apis/projects/0fefbb70-4af7-4088-ad44-441860159ccf","state":1,"revision":17,"visibility":0}}