{"options":[{"enabled":false,"definition":{"id":"5d58cc01-7c75-450c-be18-a388ddb129ec"},"inputs":{"branchFilters":"[\"+refs/heads/*\"]","additionalFields":"{}"}},{"enabled":false,"definition":{"id":"a9db38f9-9fdc-478c-b0f9-464221e58316"},"inputs":{"workItemType":"106","assignToRequestor":"true","additionalFields":"{}"}}],"triggers":[{"branchFilters":["+refs/heads/develop","+refs/heads/master"],"pathFilters":[],"batchChanges":true,"maxConcurrentBuildsPerBranch":1,"pollingInterval":0,"triggerType":2}],"variables":{"azure.clientId":{"value":"e5f0ab7f-ece8-4e9e-bcb0-b5449de81c6f"},"azure.tenantId":{"value":"e7f9d69c-13f3-457c-a04c-f555c1134fa4"},"broker.baseUrl":{"value":"https://bs-dv.ageas.pt"},"broker.user":{"value":"\\\\BS\\\\FiscalReportingD"},"env.url":{"value":"https://reportfiscal-dv.ageas.pt"},"system.debug":{"value":"false","allowOverride":true},"TokenDefault":{"value":"1"},"VersionMajor":{"value":"1"},"VersionMinor":{"value":"0"}},"retentionRules":[{"branches":["+refs/heads/*"],"artifacts":[],"artifactTypesToDelete":["FilePath","SymbolStore"],"daysToKeep":10,"minimumToKeep":1,"deleteBuildRecord":true,"deleteTestResults":true}],"properties":{},"tags":[],"_links":{"self":{"href":"https://devops.ageas.pt/Ageas-NETCORE-Fronts/ad176c17-53f7-4755-8b45-f8a823a228e8/_apis/build/Definitions/8?revision=13"},"web":{"href":"https://devops.ageas.pt/Ageas-NETCORE-Fronts/ad176c17-53f7-4755-8b45-f8a823a228e8/_build/definition?definitionId=8"},"editor":{"href":"https://devops.ageas.pt/Ageas-NETCORE-Fronts/ad176c17-53f7-4755-8b45-f8a823a228e8/_build/designer?id=8&_a=edit-build-definition"},"badge":{"href":"https://devops.ageas.pt/Ageas-NETCORE-Fronts/ad176c17-53f7-4755-8b45-f8a823a228e8/_apis/build/status/8"}},"buildNumberFormat":"$(VersionMajor).$(VersionMinor).$(SourceBranchName)_$(Date:yyyyMMdd)$(Rev:.rrr)","jobAuthorizationScope":1,"jobTimeoutInMinutes":60,"jobCancelTimeoutInMinutes":5,"process":{"phases":[{"steps":[{"environment":{},"enabled":true,"continueOnError":false,"alwaysRun":false,"displayName":"Replace tokens in **/*.env","timeoutInMinutes":0,"condition":"succeeded()","task":{"id":"a8515ec8-7254-4ffd-912c-86772e2b5962","versionSpec":"3.*","definitionType":"task"},"inputs":{"rootDirectory":"","targetFiles":"**/*.env","encoding":"auto","writeBOM":"true","escapeType":"auto","escapeChar":"","charsToEscape":"","verbosity":"normal","actionOnMissing":"warn","keepToken":"false","tokenPrefix":"#{","tokenSuffix":"}#","useLegacyPattern":"false","emptyValue":"(empty)","defaultValue":"","enableTransforms":"false","transformPrefix":"(","transformSuffix":")","variableFiles":"","variableSeparator":".","enableTelemetry":"true"}},{"environment":{},"enabled":true,"continueOnError":false,"alwaysRun":false,"displayName":"npm install FiscalReporting","timeoutInMinutes":0,"condition":"succeeded()","task":{"id":"fe47e961-9fa8-4106-8639-368c022d43ad","versionSpec":"1.*","definitionType":"task"},"inputs":{"command":"install","workingDir":"","verbose":"true","customCommand":"install --loglevel verbose","customRegistry":"useNpmrc","customFeed":"","customEndpoint":"","publishRegistry":"useExternalRegistry","publishFeed":"","publishEndpoint":""}},{"environment":{},"enabled":true,"continueOnError":false,"alwaysRun":false,"displayName":"npm  run FiscalReporting","timeoutInMinutes":0,"condition":"succeeded()","task":{"id":"fe47e961-9fa8-4106-8639-368c022d43ad","versionSpec":"1.*","definitionType":"task"},"inputs":{"command":"custom","workingDir":"","verbose":"false","customCommand":"run build","customRegistry":"useNpmrc","customFeed":"","customEndpoint":"","publishRegistry":"useExternalRegistry","publishFeed":"","publishEndpoint":""}},{"environment":{},"enabled":true,"continueOnError":false,"alwaysRun":false,"displayName":"Publish Artifact: FiscalReporting","timeoutInMinutes":0,"condition":"succeeded()","task":{"id":"2ff763a7-ce83-4e1f-bc89-0ae63477cebe","versionSpec":"1.*","definitionType":"task"},"inputs":{"PathtoPublish":"build","ArtifactName":"FiscalReporting","ArtifactType":"Container","TargetPath":"","Parallel":"false","ParallelCount":"8"}}],"name":"Agent job 1","refName":"Phase_1","condition":"succeeded()","target":{"queue":{"_links":{"self":{"href":"https://devops.ageas.pt/Ageas-NETCORE-Fronts/_apis/build/Queues/123"}},"id":123,"url":"https://devops.ageas.pt/Ageas-NETCORE-Fronts/_apis/build/Queues/123","pool":null},"executionOptions":{"type":0},"allowScriptsAuthAccessOption":false,"type":1},"jobAuthorizationScope":1,"jobCancelTimeoutInMinutes":1}],"type":1},"repository":{"properties":{"cleanOptions":"0","labelSources":"0","labelSourcesFormat":"$(build.buildNumber)","reportBuildStatus":"true","gitLfsSupport":"false","skipSyncSource":"false","checkoutNestedSubmodules":"false","fetchDepth":"0"},"id":"35437fd9-564d-4f11-8003-7982738c299e","type":"TfsGit","name":"FiscalReporting","url":"https://devops.ageas.pt/Ageas-NETCORE-Fronts/FiscalReporting/_git/FiscalReporting","defaultBranch":"refs/heads/master","clean":"false","checkoutSubmodules":false},"processParameters":{},"quality":1,"authoredBy":{"displayName":"Vando Moreira (Externo)","url":"https://devops.ageas.pt/Ageas-NETCORE-Fronts/_apis/Identities/ee3f7413-6eb6-4209-8514-3cc7ebf5e1ae","_links":{"avatar":{"href":"https://devops.ageas.pt/Ageas-NETCORE-Fronts/_apis/GraphProfile/MemberAvatars/win.Uy0xLTUtMjEtMTA2NTY2NzU1NS01MTYzNTU2MzgtMTM1NjYwOTA4NS0zMzczMQ"}},"id":"ee3f7413-6eb6-4209-8514-3cc7ebf5e1ae","uniqueName":"CORP\\vmoreira","imageUrl":"https://devops.ageas.pt/Ageas-NETCORE-Fronts/_api/_common/identityImage?id=ee3f7413-6eb6-4209-8514-3cc7ebf5e1ae","descriptor":"win.Uy0xLTUtMjEtMTA2NTY2NzU1NS01MTYzNTU2MzgtMTM1NjYwOTA4NS0zMzczMQ"},"drafts":[],"queue":{"_links":{"self":{"href":"https://devops.ageas.pt/Ageas-NETCORE-Fronts/_apis/build/Queues/123"}},"id":123,"name":"Build-LocalUser","url":"https://devops.ageas.pt/Ageas-NETCORE-Fronts/_apis/build/Queues/123","pool":{"id":30,"name":"Build-LocalUser"}},"id":8,"name":"DV - FiscalReporting - CI","url":"https://devops.ageas.pt/Ageas-NETCORE-Fronts/ad176c17-53f7-4755-8b45-f8a823a228e8/_apis/build/Definitions/8?revision=13","uri":"vstfs:///Build/Definition/8","path":"\\","type":2,"queueStatus":0,"revision":13,"createdDate":"2021-03-29T09:48:00.100Z","project":{"id":"ad176c17-53f7-4755-8b45-f8a823a228e8","name":"FiscalReporting","description":"Base de dados de Reporte Fiscal","url":"https://devops.ageas.pt/Ageas-NETCORE-Fronts/_apis/projects/ad176c17-53f7-4755-8b45-f8a823a228e8","state":1,"revision":41,"visibility":0}}