{"tasks":[{"environment":{"BreakCondition":"$(BreakCondition)","FailReason":"$(FailReason)"},"displayName":"Conditional Failure","alwaysRun":false,"continueOnError":false,"condition":"succeeded()","enabled":true,"timeoutInMinutes":0,"inputs":{"scriptType":"inlineScript","scriptName":"","arguments":"-breakCondition \"$(BreakCondition)\" -reason \"$(Reason)\"","workingFolder":"","inlineScript":"[CmdletBinding()]\nparam(\n    $breakCondition,\n    $reason\n)\nif (![System.Convert]::ToBoolean($breakCondition))\n{\n    throw $reason\n}","failOnStandardError":"true"},"task":{"id":"e213ff0f-5d5c-4791-802d-52ea3e7be1f1","versionSpec":"1.*","definitionType":"task"}}],"runsOn":["Agent","DeploymentGroup"],"revision":2,"createdBy":{"displayName":"Vando Moreira (Externo)","id":"27660a75-54fc-43d8-8f40-3f5ea283f5b3","uniqueName":"CORP\\vmoreira"},"createdOn":"2021-03-23T17:41:57.910Z","modifiedBy":{"displayName":"Vando Moreira (Externo)","id":"27660a75-54fc-43d8-8f40-3f5ea283f5b3","uniqueName":"CORP\\vmoreira"},"modifiedOn":"2021-03-23T17:45:08.837Z","comment":"","id":"39dde52f-da4b-4e9d-910f-b9fe573ecadd","name":"Fail on condition:","version":{"major":1,"minor":0,"patch":0,"isTest":false},"iconUrl":"/_static/tfs/Dev17.M143.4/_content/icon-meta-task.png","friendlyName":"Fail on condition:","description":"Halts the pipeline execution if a conditon is not met.","category":"Deploy","definitionType":"metaTask","author":"Miguel Rodrigues (Externo)","demands":[],"groups":[],"inputs":[{"aliases":[],"options":{},"properties":{},"name":"BreakCondition","label":"BreakCondition","defaultValue":"$(Release.KillSwitch)","required":true,"type":"string","helpMarkDown":"The condition to break the pipeline","groupName":""},{"aliases":[],"options":{},"properties":{},"name":"Reason","label":"Reason","defaultValue":"Pipeline halted: 'Release.KillSwitch environment variable is disabled (False) due to Azure DevOps or environment maintenance.'","required":true,"type":"string","helpMarkDown":"The reason to break the pipeline.","groupName":""}],"satisfies":[],"sourceDefinitions":[],"dataSourceBindings":[],"instanceNameFormat":"Task group: Fail on condition: $(BreakCondition)","preJobExecution":{},"execution":{},"postJobExecution":{}}