{"options":[{"enabled":false,"definition":{"id":"5d58cc01-7c75-450c-be18-a388ddb129ec"},"inputs":{"branchFilters":"[\"+refs/heads/*\"]","additionalFields":"{}"}},{"enabled":false,"definition":{"id":"a9db38f9-9fdc-478c-b0f9-464221e58316"},"inputs":{"workItemType":"106","assignToRequestor":"true","additionalFields":"{}"}}],"triggers":[{"branchFilters":["+refs/heads/dev/master_new_layout","+refs/heads/ts","+refs/heads/pp","+refs/heads/mt"],"pathFilters":[],"batchChanges":false,"maxConcurrentBuildsPerBranch":1,"pollingInterval":0,"triggerType":2}],"variables":{"system.debug":{"value":"false","allowOverride":true},"TokenDefault":{"value":"1"},"VersionMajor":{"value":"1"},"VersionMinor":{"value":"0"}},"retentionRules":[{"branches":["+refs/heads/*"],"artifacts":[],"artifactTypesToDelete":["FilePath","SymbolStore"],"daysToKeep":10,"minimumToKeep":1,"deleteBuildRecord":true,"deleteTestResults":true}],"properties":{},"tags":[],"_links":{"self":{"href":"https://devops.ageas.pt/Ageas-Umbraco/84d03d88-5cb2-4271-bd39-24e734c9f9e2/_apis/build/Definitions/11?revision=101"},"web":{"href":"https://devops.ageas.pt/Ageas-Umbraco/84d03d88-5cb2-4271-bd39-24e734c9f9e2/_build/definition?definitionId=11"},"editor":{"href":"https://devops.ageas.pt/Ageas-Umbraco/84d03d88-5cb2-4271-bd39-24e734c9f9e2/_build/designer?id=11&_a=edit-build-definition"},"badge":{"href":"https://devops.ageas.pt/Ageas-Umbraco/84d03d88-5cb2-4271-bd39-24e734c9f9e2/_apis/build/status/11"}},"buildNumberFormat":"$(VersionMajor).$(VersionMinor).$(SourceBranchName)_$(Date:yyyyMMdd)$(Rev:.rrr)","jobAuthorizationScope":1,"jobTimeoutInMinutes":60,"jobCancelTimeoutInMinutes":5,"process":{"phases":[{"steps":[{"environment":{},"enabled":false,"continueOnError":false,"alwaysRun":false,"displayName":"Remove old build directories","timeoutInMinutes":0,"condition":"succeeded()","task":{"id":"d9bafed4-0b18-4f58-968d-86655b4d2ce9","versionSpec":"2.*","definitionType":"task"},"inputs":{"script":"REM rmdir /S /Q E:\\W\\BL01\\1\\s\\ageas-controllers-module\\node_modules\nREM rmdir /S /Q E:\\W\\BL01\\1\\s\\ageas-transactions-module\\node_modules\nREM rmdir /S /Q E:\\W\\BL01\\1\\s\\life2-flux\\node_modules\nrmdir /S /Q E:\\W\\BL01\\1\\s\\newlife2.0\\node_modules\n\nREM del /f E:\\W\\BL01\\1\\s\\ageas-controllers-module\\package-lock.json\nREM del /f E:\\W\\BL01\\1\\s\\ageas-transactions-module\\package-lock.json\nREM  del /f E:\\W\\BL01\\1\\s\\life2-flux\\package-lock.json","workingDirectory":"","failOnStderr":"false"}},{"environment":{},"enabled":false,"continueOnError":false,"alwaysRun":false,"displayName":"npm get config list","timeoutInMinutes":0,"condition":"succeeded()","task":{"id":"fe47e961-9fa8-4106-8639-368c022d43ad","versionSpec":"1.*","definitionType":"task"},"inputs":{"command":"custom","workingDir":"story-test","verbose":"false","customCommand":"config ls -l","customRegistry":"useNpmrc","customFeed":"","customEndpoint":"","publishRegistry":"useExternalRegistry","publishFeed":"","publishEndpoint":""}},{"environment":{},"enabled":true,"continueOnError":false,"alwaysRun":false,"displayName":"npm install newlife2.0","timeoutInMinutes":0,"condition":"succeeded()","task":{"id":"fe47e961-9fa8-4106-8639-368c022d43ad","versionSpec":"1.*","definitionType":"task"},"inputs":{"command":"custom","workingDir":"newlife2.0","verbose":"true","customCommand":"install --loglevel verbose","customRegistry":"useNpmrc","customFeed":"","customEndpoint":"","publishRegistry":"useExternalRegistry","publishFeed":"","publishEndpoint":""}},{"environment":{},"enabled":true,"continueOnError":false,"alwaysRun":false,"displayName":"npm  run newlife2.0","timeoutInMinutes":0,"condition":"succeeded()","task":{"id":"fe47e961-9fa8-4106-8639-368c022d43ad","versionSpec":"1.*","definitionType":"task"},"inputs":{"command":"custom","workingDir":"newlife2.0","verbose":"false","customCommand":"run build","customRegistry":"useNpmrc","customFeed":"","customEndpoint":"","publishRegistry":"useExternalRegistry","publishFeed":"","publishEndpoint":""}},{"environment":{},"enabled":true,"continueOnError":false,"alwaysRun":false,"displayName":"Publish Artifact: newlife2.0","timeoutInMinutes":0,"condition":"succeeded()","task":{"id":"2ff763a7-ce83-4e1f-bc89-0ae63477cebe","versionSpec":"1.*","definitionType":"task"},"inputs":{"PathtoPublish":"newlife2.0/build","ArtifactName":"newlife2.0","ArtifactType":"Container","TargetPath":"","Parallel":"false","ParallelCount":"8"}}],"name":"Agent job 1","refName":"Phase_1","condition":"succeeded()","target":{"queue":{"_links":{"self":{"href":"https://devops.ageas.pt/Ageas-Umbraco/_apis/build/Queues/156"}},"id":156,"url":"https://devops.ageas.pt/Ageas-Umbraco/_apis/build/Queues/156","pool":null},"executionOptions":{"type":0},"allowScriptsAuthAccessOption":false,"type":1},"jobAuthorizationScope":1,"jobCancelTimeoutInMinutes":1}],"type":1},"repository":{"properties":{"cleanOptions":"3","labelSources":"6","labelSourcesFormat":"$(build.buildNumber)","reportBuildStatus":"true","gitLfsSupport":"false","skipSyncSource":"false","checkoutNestedSubmodules":"false","fetchDepth":"0"},"id":"76ab5c18-d90d-4a31-bd90-9fa42ead05cc","type":"TfsGit","name":"Life2.0","url":"https://devops.ageas.pt/Ageas-Umbraco/Life2.0/_git/Life2.0","defaultBranch":"refs/heads/master","clean":"true","checkoutSubmodules":false},"processParameters":{},"quality":1,"authoredBy":{"displayName":"Bruno Marcelo Santos (Externo)","url":"https://devops.ageas.pt/Ageas-Umbraco/_apis/Identities/8d696650-902c-48be-98f6-5923026ce38a","_links":{"avatar":{"href":"https://devops.ageas.pt/Ageas-Umbraco/_apis/GraphProfile/MemberAvatars/win.Uy0xLTUtMjEtMTA2NTY2NzU1NS01MTYzNTU2MzgtMTM1NjYwOTA4NS0zOTY2MA"}},"id":"8d696650-902c-48be-98f6-5923026ce38a","uniqueName":"CORP\\c0343000","imageUrl":"https://devops.ageas.pt/Ageas-Umbraco/_api/_common/identityImage?id=8d696650-902c-48be-98f6-5923026ce38a","descriptor":"win.Uy0xLTUtMjEtMTA2NTY2NzU1NS01MTYzNTU2MzgtMTM1NjYwOTA4NS0zOTY2MA"},"drafts":[],"queue":{"_links":{"self":{"href":"https://devops.ageas.pt/Ageas-Umbraco/_apis/build/Queues/156"}},"id":156,"name":"Build-LocalUser","url":"https://devops.ageas.pt/Ageas-Umbraco/_apis/build/Queues/156","pool":{"id":30,"name":"Build-LocalUser"}},"id":11,"name":"Life 2.0 - CI","url":"https://devops.ageas.pt/Ageas-Umbraco/84d03d88-5cb2-4271-bd39-24e734c9f9e2/_apis/build/Definitions/11?revision=101","uri":"vstfs:///Build/Definition/11","path":"\\","type":2,"queueStatus":0,"revision":101,"createdDate":"2021-02-26T17:38:22.053Z","project":{"id":"84d03d88-5cb2-4271-bd39-24e734c9f9e2","name":"Life2.0","description":"Life2.0","url":"https://devops.ageas.pt/Ageas-Umbraco/_apis/projects/84d03d88-5cb2-4271-bd39-24e734c9f9e2","state":1,"revision":150,"visibility":0}}