{"tasks":[{"environment":{},"displayName":"Run Sql Restore of $(Database) on Fail","alwaysRun":false,"continueOnError":false,"condition":"always()","enabled":true,"timeoutInMinutes":0,"inputs":{"serverName":"$(ServerName)","databaseName":"master","sqlCommand":"ALTER DATABASE $(Database)\n    SET SINGLE_USER WITH ROLLBACK IMMEDIATE\n\nRESTORE DATABASE  $(Database)\n    FROM DISK = N'$(BackupFile)'\n    WITH FILE = 1, NOUNLOAD,  REPLACE,  STATS = 5, RECOVERY\n\nALTER DATABASE $(Database)\n    SET MULTI_USER","userName":"","userPassword":"","queryTimeout":"3600"},"task":{"id":"fda5a2a7-b40f-4f19-a145-f76b8ae00dca","versionSpec":"2.*","definitionType":"task"}}],"runsOn":["Agent","DeploymentGroup"],"revision":1,"createdBy":{"displayName":"Vando Moreira (Externo)","id":"27660a75-54fc-43d8-8f40-3f5ea283f5b3","uniqueName":"CORP\\vmoreira"},"createdOn":"2021-03-23T17:46:32.877Z","modifiedBy":{"displayName":"Vando Moreira (Externo)","id":"27660a75-54fc-43d8-8f40-3f5ea283f5b3","uniqueName":"CORP\\vmoreira"},"modifiedOn":"2021-03-23T17:46:32.877Z","id":"c6f39c86-d4e8-4678-9473-909599e6380b","name":"Restore $(Database) Database on Fail","version":{"major":1,"minor":0,"patch":0,"isTest":false},"iconUrl":"/_static/tfs/Dev17.M143.4/_content/icon-meta-task.png","friendlyName":"Restore $(Database) Database on Fail","description":"","category":"Deploy","definitionType":"metaTask","author":"Miguel Rodrigues (Externo)","demands":[],"groups":[],"inputs":[{"aliases":[],"options":{},"properties":{},"name":"BackupFile","label":"BackupFile","defaultValue":"$(BackupFile)","required":true,"type":"string","helpMarkDown":"The file location of the backup file","groupName":""},{"aliases":[],"options":{},"properties":{},"name":"Database","label":"Database","defaultValue":"$(Database)","required":true,"type":"string","helpMarkDown":"The database to be restored","groupName":""},{"aliases":[],"options":{},"properties":{},"name":"ServerName","label":"ServerName","defaultValue":"$(ServerName)","required":true,"type":"string","helpMarkDown":"Instance name of the SQL Server","groupName":""}],"satisfies":[],"sourceDefinitions":[],"dataSourceBindings":[],"instanceNameFormat":"Task group: Restore $(Database) Database on Fail $(BackupFile)","preJobExecution":{},"execution":{},"postJobExecution":{}}