{"tasks":[{"environment":{},"displayName":"Task group: Fail on condition: $(Release.KillSwitch)","alwaysRun":true,"continueOnError":true,"condition":"succeededOrFailed()","enabled":true,"timeoutInMinutes":0,"inputs":{"BreakCondition":"$(Release.KillSwitch)","Reason":""},"task":{"id":"39dde52f-da4b-4e9d-910f-b9fe573ecadd","versionSpec":"1.*","definitionType":"metaTask"}},{"environment":{},"displayName":"Prepare SQL Scripts for $(Database.ExampleData)","alwaysRun":false,"continueOnError":false,"condition":"succeeded()","enabled":true,"timeoutInMinutes":0,"inputs":{"targetType":"filePath","filePath":"$(System.DefaultWorkingDirectory)/_Devops Support/LEGGO.DevOps.Support/Database/PrepareSQLScripts.ps1","arguments":"_Staging_","script":"# Write your powershell commands here.\n\nWrite-Host \"Hello World\"\n\n# Use the environment variables input below to pass secret variables to this script.","errorActionPreference":"stop","failOnStderr":"false","ignoreLASTEXITCODE":"false","pwsh":"false","workingDirectory":"$(WorkingDirectory)"},"task":{"id":"e213ff0f-5d5c-4791-802d-52ea3e7be1f1","versionSpec":"2.*","definitionType":"task"}},{"environment":{},"displayName":"Run Sql Scripts on Database $(Database.ExampleData)","alwaysRun":false,"continueOnError":false,"condition":"succeeded()","enabled":true,"timeoutInMinutes":0,"inputs":{"pathToScripts":"$(WorkingDirectory)/_Staging_","executionOrder":"","serverName":"$(Database.ServerName.SqlToolkit)","databaseName":"$(Database.ExampleData)","removeComments":"true","SQLparameters":"","userName":"","userPassword":"","continueAfterError":"false","queryTimeout":"3600"},"task":{"id":"a614c885-96bc-42ed-9369-ea36103dd898","versionSpec":"2.*","definitionType":"task"}},{"environment":{},"displayName":"Delete files from _Staging_","alwaysRun":false,"continueOnError":false,"condition":"always()","enabled":true,"timeoutInMinutes":0,"inputs":{"SourceFolder":"$(WorkingDirectory)","Contents":"_Staging_"},"task":{"id":"b7e8b412-0437-4065-9371-edc5881de25b","versionSpec":"1.*","definitionType":"task"}}],"runsOn":["Agent","DeploymentGroup"],"revision":8,"createdBy":{"displayName":"Vando Moreira (Externo)","id":"27660a75-54fc-43d8-8f40-3f5ea283f5b3","uniqueName":"CORP\\vmoreira"},"createdOn":"2021-03-23T17:55:11.730Z","modifiedBy":{"displayName":"Vando Moreira (Externo)","id":"27660a75-54fc-43d8-8f40-3f5ea283f5b3","uniqueName":"CORP\\vmoreira"},"modifiedOn":"2021-03-30T11:30:32.050Z","comment":"","id":"92caa0e2-7774-4cef-9084-8b7adf00482f","name":"Run SQL Scripts for","version":{"major":1,"minor":0,"patch":0,"isTest":false},"iconUrl":"/_static/tfs/Dev17.M143.4/_content/icon-meta-task.png","friendlyName":"Run SQL Scripts for","description":"Executes all scripts of a database Alphabetically","category":"Deploy","definitionType":"metaTask","author":"Miguel Rodrigues (Externo)","demands":[],"groups":[],"inputs":[{"aliases":[],"options":{},"properties":{},"name":"Database.ExampleData","label":"Database.ExampleData","defaultValue":"$(Database.ExampleData)","required":true,"type":"string","helpMarkDown":"Enter the database name. Separate multiple databases with a comma.","groupName":""},{"aliases":[],"options":{},"properties":{},"name":"Database.ServerName.SqlToolkit","label":"Database.ServerName.SqlToolkit","defaultValue":"$(Database.ServerName.SqlToolkit)","required":true,"type":"string","helpMarkDown":"Instance name of the SQL Server. Separate multiple servers with a comma. Non standard ports should be specifed as server:port","groupName":""},{"aliases":[],"options":{},"properties":{},"name":"Release.KillSwitch","label":"Release.KillSwitch","defaultValue":"$(Release.KillSwitch)","required":true,"type":"string","helpMarkDown":"The condition to break the pipeline","groupName":""},{"aliases":[],"options":{},"properties":{},"name":"WorkingDirectory","label":"WorkingDirectory","defaultValue":"$(System.DefaultWorkingDirectory)/_CI - Policy - Database/CI - Policy - Database/SQL Scripts/ExampleData","required":true,"type":"string","helpMarkDown":"The working directory that will read the SQL script files","groupName":""}],"satisfies":[],"sourceDefinitions":[],"dataSourceBindings":[],"instanceNameFormat":"Task group: Run SQL Scripts for $(Database.ExampleData)","preJobExecution":{},"execution":{},"postJobExecution":{}}