<?xml version="1.0"?>
<doc>
    <assembly>
        <name>INS.PT.CommonLibrary.Jwt</name>
    </assembly>
    <members>
        <member name="F:INS.PT.CommonLibrary.Jwt.Enums.EnumClaims.EnumClaim.Issuer">
            <summary>
            Issuer of the JWT (iss)
            </summary>         
        </member>
        <member name="F:INS.PT.CommonLibrary.Jwt.Enums.EnumClaims.EnumClaim.Subject">
            <summary>
            Subject of the JWT(the user) (sub)
            </summary>         
        </member>
        <member name="F:INS.PT.CommonLibrary.Jwt.Enums.EnumClaims.EnumClaim.Audience">
            <summary>
            Recipient for which the JWT is intended (aud)
            </summary>         
        </member>
        <member name="F:INS.PT.CommonLibrary.Jwt.Enums.EnumClaims.EnumClaim.ExpirationTime">
            <summary>
            Time after which the JWT expires (exp)
            </summary>         
        </member>
        <member name="F:INS.PT.CommonLibrary.Jwt.Enums.EnumClaims.EnumClaim.NotBeforeTime">
            <summary>
            Time before which the JWT must not be accepted for processing (nbf)
            </summary>         
        </member>
        <member name="F:INS.PT.CommonLibrary.Jwt.Enums.EnumClaims.EnumClaim.IssuedAtTime">
            <summary>
            Time at which the JWT was issued; can be used to determine age of the JWT (iat)
            </summary>
        </member>
        <member name="F:INS.PT.CommonLibrary.Jwt.Enums.EnumClaims.EnumClaim.JWTID">
            <summary>
            Unique identifier; can be used to prevent the JWT from being replayed(allows a token to be used only once) (jti)
            </summary>
        </member>
        <member name="F:INS.PT.CommonLibrary.Jwt.Enums.EnumClaims.EnumClaim.FullName">
            <summary>
            User's Full Name (name)
            </summary>
        </member>
        <member name="F:INS.PT.CommonLibrary.Jwt.Enums.EnumClaims.EnumClaim.GivenName">
            <summary>
            User's Given name(s) or first name(s) (given_name)
            </summary>
        </member>
        <member name="F:INS.PT.CommonLibrary.Jwt.Enums.EnumClaims.EnumClaim.IpAddress">
            <summary>
            IP Address (ipaddr)
            </summary>
        </member>
        <member name="F:INS.PT.CommonLibrary.Jwt.Enums.EnumClaims.EnumClaim.UserPrincipalName">
            <summary>
            User's username (upn). Microsoft private claim that is of the form user@domain
            </summary>
        </member>
        <member name="F:INS.PT.CommonLibrary.Jwt.Enums.EnumClaims.EnumClaim.UniqueName">
            <summary>
            Value for the user that may not be unique within the tenant (unique_name)
            </summary>
        </member>
        <member name="T:INS.PT.CommonLibrary.Jwt.Handlers.JwtHandler">
            <summary>
            Class that handles the following possible validation formats:
            RSA  - (Rivest-Shamir-Adleman) A highly secure cryptography method by RSA Security
            PEM  - Privacy Enhanced Mail (PEM)
            HMAC - Secret Key based algorithm
            </summary>
            <remarks>
            See the ReadMe (Jwt Configuration) notes installed with the Nugget, for configuration!
            https://www.thedigitalcatonline.com/blog/2018/04/25/rsa-keys/
            </remarks>
            <seealso cref="T:INS.PT.CommonLibrary.Jwt.Interfaces.IJwtHandler" />
        </member>
        <member name="M:INS.PT.CommonLibrary.Jwt.Handlers.JwtHandler.#ctor(Microsoft.Extensions.Options.IOptions{INS.PT.CommonLibrary.Jwt.Models.JwtSettings})">
            <summary>
            Initializes a new instance of the <see cref="T:INS.PT.CommonLibrary.Jwt.Handlers.JwtHandler"/> class.
            </summary>
            <param name="settings">The settings.</param>
        </member>
        <member name="M:INS.PT.CommonLibrary.Jwt.Handlers.JwtHandler.InitializeRsaUsingXml">
            <summary>
            Initializes the RSA using XML.
            </summary>
        </member>
        <member name="M:INS.PT.CommonLibrary.Jwt.Handlers.JwtHandler.InitializeRsaUsingPem">
            <summary>
            Initializes the RSA using pem.
            </summary>
        </member>
        <member name="M:INS.PT.CommonLibrary.Jwt.Handlers.JwtHandler.InitializeHmac">
            <summary>
            Initializes the hmac.
            </summary>
        </member>
        <member name="M:INS.PT.CommonLibrary.Jwt.Handlers.JwtHandler.InitializeJwtParameters">
            <summary>
            Initializes the JWT parameters.
            </summary>
        </member>
        <member name="M:INS.PT.CommonLibrary.Jwt.Handlers.JwtHandler.Create(System.String)">
            <summary>
            Creates the specified user identifier.
            </summary>
            <param name="userId">The user identifier.</param>
            <returns></returns>
        </member>
        <member name="M:INS.PT.CommonLibrary.Jwt.Interfaces.IJwtAzureADConfiguration.Authentication(Microsoft.AspNetCore.Authentication.AuthenticationOptions)">
            <summary>
            Authentications the specified options.
            </summary>
            <param name="options">The options.</param>
        </member>
        <member name="M:INS.PT.CommonLibrary.Jwt.Interfaces.IJwtAzureADConfiguration.JwtBearer(Microsoft.AspNetCore.Authentication.JwtBearer.JwtBearerOptions)">
            <summary>
            JWTs the bearer.
            </summary>
            <param name="bearer">The bearer.</param>
        </member>
        <member name="M:INS.PT.CommonLibrary.Jwt.Interfaces.IJwtAzureADConfiguration.SetConfigurationRenewal(Microsoft.AspNetCore.Authentication.JwtBearer.JwtBearerOptions)">
            <summary>
            Sets the configuration renewal.
            </summary>
            <param name="options">The options.</param>
        </member>
        <member name="T:INS.PT.CommonLibrary.Jwt.JwtAzureADConfiguration">
            <summary>
            Initializes the Jwt Configuration for Azure Tokens.
            Based on an endpoint retreives all the public keys (HMAC, RSA) for token validation.
            </summary>
            <remarks>
            No need to store public Keys locally
            See the ReadMe (Jwt Configuration) notes installed with the Nugget, for configuration!
            </remarks>
            <seealso cref="T:INS.PT.CommonLibrary.Jwt.Interfaces.IJwtAzureADConfiguration" />
        </member>
        <member name="M:INS.PT.CommonLibrary.Jwt.JwtAzureADConfiguration.Authentication(Microsoft.AspNetCore.Authentication.AuthenticationOptions)">
            <summary>
            Authentications the specified options.
            </summary>
            <param name="options">The options.</param>
        </member>
        <member name="M:INS.PT.CommonLibrary.Jwt.JwtAzureADConfiguration.JwtBearer(Microsoft.AspNetCore.Authentication.JwtBearer.JwtBearerOptions)">
            <summary>
            JWTs the bearer.
            </summary>
            <param name="bearer">The bearer.</param>
        </member>
        <member name="M:INS.PT.CommonLibrary.Jwt.JwtAzureADConfiguration.SetConfigurationRenewal(Microsoft.AspNetCore.Authentication.JwtBearer.JwtBearerOptions)">
            <summary>
            Sets the configuration renewal.
            </summary>
            <param name="options">The options.</param>
        </member>
        <member name="T:INS.PT.CommonLibrary.Jwt.Models.JwtSettings">
            <summary>
            Jwt Settings 
            Support for HMAC, RSA, PEM or Dynamic key retreivel
            </summary>
        </member>
        <member name="P:INS.PT.CommonLibrary.Jwt.Models.JwtSettings.HmacSecretKey">
            <summary>
            Validation Using a HMAC format key (also know as 'Secret Key')
            </summary>
        </member>
        <member name="P:INS.PT.CommonLibrary.Jwt.Models.JwtSettings.Issuer">
            <summary>
            Single Issuer value
            </summary>
        </member>
        <member name="P:INS.PT.CommonLibrary.Jwt.Models.JwtSettings.Audience">
            <summary>
            Single Audience value
            </summary>
        </member>
        <member name="P:INS.PT.CommonLibrary.Jwt.Models.JwtSettings.UseRsa">
            <summary>
            Flag to indicate the use of RSA format
            In this case the XML Key(s) will have to be used
            <see cref="!:https://www.cryptosys.net/pki/rsakeyformats.html"/>
            </summary>
        </member>
        <member name="P:INS.PT.CommonLibrary.Jwt.Models.JwtSettings.UsePemFormat">
            <summary>
            Flag to indicate the use of PEM format
            In this case a single line will represent the key {"-----BEGIN PUBLIC KEY-----\r\nXXXXXXXXXXX\r\n-----END PUBLIC KEY"}
            <see cref="!:"/>
            </summary>
        </member>
        <member name="P:INS.PT.CommonLibrary.Jwt.Models.JwtSettings.PemPrivateKey">
            <summary>
            Private Key (PEM format)
            </summary>
        </member>
        <member name="P:INS.PT.CommonLibrary.Jwt.Models.JwtSettings.PemPublicKey">
            <summary>
            Public Key (PEM format)
            </summary>
        </member>
        <member name="P:INS.PT.CommonLibrary.Jwt.Models.JwtSettings.RsaPrivateKeyXML">
            <summary>
            Private Key in the XML format
            (Only used if local public key is to be used)
            </summary>
        </member>
        <member name="P:INS.PT.CommonLibrary.Jwt.Models.JwtSettings.RsaPublicKeyXML">
            <summary>
            Public Key in the XML format
            (Only used if local public key is to be used)
            </summary>
        </member>
        <member name="P:INS.PT.CommonLibrary.Jwt.Models.JwtSettings.StsDiscoveryEndpoint">
            <summary>
            URL for the retreivel of Public Keys Collection 
            (Needed if no key is to be configured locally!)        
            </summary>
        </member>
        <member name="P:INS.PT.CommonLibrary.Jwt.Models.JwtSettings.ValidAudiences">
            <summary>
            Collections of Audiences
            </summary>
        </member>
        <member name="P:INS.PT.CommonLibrary.Jwt.Models.JwtSettings.ValidIssuers">
            <summary>
            Collection of Issuers
            </summary>
        </member>
        <member name="P:INS.PT.CommonLibrary.Jwt.Models.JwtSettings.ProxySettings">
            <summary>
            Proxy Settings (needed if a proxy is necessary to make call outside the DMZ)
            </summary>
        </member>
        <member name="P:INS.PT.CommonLibrary.Jwt.Models.JwtSettings.PublicKeysRenewalInterval">
            <summary>
            The time in Hours for wich the Public Keys will be renewed
            </summary>
        </member>
        <member name="T:INS.PT.CommonLibrary.Jwt.RsaUtils.DotNetUtilities">
            <summary>
            A class containing methods to interface the BouncyCastle world to the .NET Crypto world.
            </summary>
        </member>
        <member name="M:INS.PT.CommonLibrary.Jwt.RsaUtils.DotNetUtilities.ToX509Certificate(Org.BouncyCastle.Asn1.X509.X509CertificateStructure)">
            <summary>
            Create an System.Security.Cryptography.X509Certificate from an X509Certificate Structure.
            </summary>
            <param name="x509Struct"></param>
            <returns>A System.Security.Cryptography.X509Certificate.</returns>
        </member>
        <member name="M:INS.PT.CommonLibrary.Jwt.RsaUtils.RSAKeys.ImportPrivateKey(System.String)">
            <summary>
            Import OpenSSH PEM private key string into MS RSACryptoServiceProvider
            </summary>
            <param name="pem"></param>
            <returns></returns>
        </member>
        <member name="M:INS.PT.CommonLibrary.Jwt.RsaUtils.RSAKeys.ImportPublicKey(System.String)">
            <summary>
            Import OpenSSH PEM public key string into MS RSACryptoServiceProvider
            </summary>
            <param name="pem"></param>
            <returns></returns>
        </member>
        <member name="M:INS.PT.CommonLibrary.Jwt.RsaUtils.RSAKeys.ExportPrivateKey(System.Security.Cryptography.RSACryptoServiceProvider)">
            <summary>
            Export private (including public) key from MS RSACryptoServiceProvider into OpenSSH PEM string
            slightly modified from https://stackoverflow.com/a/23739932/2860309
            </summary>
            <param name="csp"></param>
            <returns></returns>
        </member>
        <member name="M:INS.PT.CommonLibrary.Jwt.RsaUtils.RSAKeys.ExportPublicKey(System.Security.Cryptography.RSACryptoServiceProvider)">
            <summary>
            Export public key from MS RSACryptoServiceProvider into OpenSSH PEM string
            slightly modified from https://stackoverflow.com/a/28407693
            </summary>
            <param name="csp"></param>
            <returns></returns>
        </member>
        <member name="M:INS.PT.CommonLibrary.Jwt.RsaUtils.RSAKeys.EncodeLength(System.IO.BinaryWriter,System.Int32)">
            <summary>
            https://stackoverflow.com/a/23739932/2860309
            </summary>
            <param name="stream"></param>
            <param name="length"></param>
        </member>
        <member name="M:INS.PT.CommonLibrary.Jwt.RsaUtils.RSAKeys.EncodeIntegerBigEndian(System.IO.BinaryWriter,System.Byte[],System.Boolean)">
            <summary>
            https://stackoverflow.com/a/23739932/2860309
            </summary>
            <param name="stream"></param>
            <param name="value"></param>
            <param name="forceUnsigned"></param>
        </member>
        <member name="M:INS.PT.CommonLibrary.Jwt.SwaggerHelper.ConfigureSwaggerJwtToken(Swashbuckle.AspNetCore.SwaggerGen.SwaggerGenOptions)">
            <summary>
            Configures the swagger JWT token.
            </summary>
            <param name="options">The options.</param>
        </member>
        <member name="M:INS.PT.CommonLibrary.Jwt.Utils.EnumsUtils.GetEnumValueFromDescription``1(System.String,System.Boolean)">
            <summary>
             Get Enum from Description Attribute.
            </summary>
            <typeparam name="T">Type of Enum</typeparam>
            <param name="description">Description from DescriptiponAttribute</param>
            <param name="throwException">Flag to indicate if throw exception in case of description not found, 
            if false and description not found returns default enum</param>
            <returns>Type T Enum</returns>
        </member>
        <member name="M:INS.PT.CommonLibrary.Jwt.Utils.EnumsUtils.GetEnumValueFromAmbientValue``1(System.String,System.Boolean)">
            <summary>
             Get Enum from AmbientValue Attribute.
            </summary>
            <typeparam name="T">Type of Enum</typeparam>
            <param name="ambientValue">Ambiente Value from AmbientValue</param>
            <param name="throwException">Flag to indicate if throw exception in case of description not found, 
            if false and description not found returns default enum</param>
            <returns>Type T Enum</returns>
        </member>
        <member name="M:INS.PT.CommonLibrary.Jwt.Utils.TokenUtils.GetClaim(INS.PT.CommonLibrary.Jwt.Enums.EnumClaims.EnumClaim,System.String)">
            <summary>
            Gets the claim.
            </summary>
            <param name="claimType">Type of the claim.</param>
            <param name="_token">The token.</param>
            <returns></returns>
            <exception cref="T:System.Exception">Unreadble Token</exception>
        </member>
        <member name="M:INS.PT.CommonLibrary.Jwt.Utils.TokenUtils.GetClaim(System.String,System.String)">
            <summary>
            Gets the claim.
            </summary>
            <param name="claim">The claim.</param>
            <param name="_token">The token.</param>
            <returns></returns>
        </member>
        <member name="M:INS.PT.CommonLibrary.Jwt.Utils.TokenUtils.GetPayload(System.String)">
            <summary>
            Gets the token claims (payload).
            </summary>
            <param name="_token">The token.</param>
            <returns></returns>
            <exception cref="T:System.Exception">Unreadble Token</exception>
        </member>
    </members>
</doc>
